0	0.13919920503713
0.407095561203732	-0.930420420498194
0.836935098674076	-0.113130530761737
1.0062148761167	0.13507316075129
1.64036875422698	0.317371125918726
2.15004696688175	-0.67448943395766
2.60109724287213	1.18925564742858
2.89271027880432	1.44045647730036
3.36841949993777	-1.48298561803722
4.18841959471183	-0.255313074632795
5.35499116363326	0.306032906990822
6.9196614974212	0.48424844827241
7.52444265526719	-0.0600728287568018
7.96147236465958	-1.06502029840476
8.46271293470636	2.2065897515572
8.92086811883064	0.534714577388058
9.54498011363512	-0.929262431870939
9.94267719942081	-1.57414120014892
10.6396173763601	0.350953918798496
11.155994647223	-0.378722373787241
11.420910183851	0.155818349396668
11.8977613547145	0.376649813748827
13.6937440423062	0.0253280826173068
14.6389513827135	-0.065008254289296
15.6439425466715	1.02912524784961
16.1523981519736	0.771323216883502
16.6284124537547	-0.654604792444843
17.219584642593	0.374157370534704
17.5427364031716	0.414983244339055
18.22029505708	0.368466021746826
19.0626097324071	0.323936925834914
19.6009589350697	0.570404265010893
20.0078817806648	-0.0856161258807333
20.4463856877042	-0.942923771039204
21.7621360560224	1.43525712946757
22.7419298359264	0.171182165835944
23.3770285093938	0.0636681630908242
25.1390799460055	-0.869715704106966
25.8524835361313	1.75779844011186
26.3649439439605	0.249917089327027
27.4908307279211	0.117574828611851
28.2883993755154	0.304078180102351
29.7239972726129	0.183852361265508
32.1673866612109	-0.0678630517913916
33.159095146138	-0.437828026542775
33.5419459614768	-0.162585253598081
35.989315272715	-0.232710112456061
38.9253148299567	0.391347515510461
39.9715698354566	0.177936620393211
41.1077612024937	0.120384527019269
43.647506332286	0.180509533217446
46.1649112636519	0.183213703157435
49.7033630169808	0.0181874461050029
52.7951014981145	0.325530937120675
57.2196581017565	-1.39792951156551
59.0207564055668	-0.143681670028855
59.8214365394201	0.448156899123205
61.6654629423592	0.172798239445001
62.004183394723	0.685830875246666
64.1391998422646	-0.207314815027985
65.4426212544618	-0.0195806233514304
68.402873130186	0.316301284720339
69.7770316904184	-0.35685189726064
71.502689409559	0.187648939630435
73.3128952530869	0.457111458329109
74.2185221394338	0.909795916152234
76.7945433627992	0.376103187407352
78.1278825121658	0.430657928413439
80.5524702960979	-0.288243435443292
81.7693706267655	-0.461040277972188
84.7264488131427	-1.01392585342091
85.6495815001072	-1.04167276258158
86.3325882397348	0.103821088918266
87.0420719712797	0.0692520346979109
90.469324169253	0.121468492736767
93.3350613249027	0.147631732804257
94.9656679370742	0.0033308168599433
97.6563589463785	0.035373582016291
100.411684469575	-0.107026915889492
103.76984829817	-0.180927155307927
105.477372624145	-0.00297779941183762
107.713720520178	0.244334704373159
111.058974435579	-0.00507693231702433
111.620952407621	-0.369242883878997
112.476237854418	0.048577556861801
112.99970838207	-0.273042141162477
114.769487035116	0.0822741787756058
116.737185837668	-0.0174225584328269
120.146998080195	0.0784313213034693
122.153014309711	-0.163341965036125
125.082732416166	-0.307856506746248
126.396273767217	-0.249455525598933
129.290457507394	0.177559327491053
131.213235748384	-0.784009813423381
132.507366923191	0.176819026088197
134.314574735685	-0.274138399820004
136.515848389061	1.0398464922614
139.930016868816	1.32871896027154
142.955799526787	0.730636303476331
145.518955990015	0.0711875087868066
149.266855908809	-0.592807192520013
150.489680537545	0.304417428860688
153.351430640258	0.160383669564453
155.336483588607	0.030623099704826
156.239486111678	0.393644496608431
157.034950886061	0.921027062799112
159.714394687948	-0.0270915728619912
163.089926501768	0.0129597257209753
163.93427568445	-1.43178066849441
164.79253049898	-0.663402986900564
165.945621588902	-0.420097960054136
168.219206038831	1.06067308959791
169.26997606807	-0.35179722623252
169.883575983492	2.08985087558676
170.800749276164	2.16497100024708
171.577622442308	0.0297322535493549
172.172001284027	-0.23579707269937
173.189873615152	1.54076137205266
173.807147684983	-0.728925183696902
175.149854255396	-0.262364847760637
176.00703757403	-0.307380479773656
178.545586204819	-0.0657040361465988
179.264100341176	0.284354103082023
180.617815049246	-0.221826250649428
183.026056339869	-0.00399528740172173
183.676201739881	0.473650875871954
186.46722184718	0.667146051512191
188.668369331071	0.0420990375455403
190.71146234117	0.81150063967425
192.304179178514	-0.0972533248045693
195.182128496453	-0.143985533939485
196.996381025687	-0.0266847617754138
197.911670411359	0.0550424041571205
200.523267988844	-0.588607882794349
203.400646171726	0.18804854734617
204.947742888808	-0.213575086982019
210.432973628654	0.0475777704928078
211.981555365358	-0.494359421030367
214.065276399136	-0.423255361180509
215.278296796985	0.915246639421639
217.758410484714	0.856641206469249
222.726812159637	-0.894779334668328
223.506395124822	-0.645180809028261
224.083193001404	-0.102007646214588
224.579659473528	0.468959125954825
225.16930072784	-0.541822854319889
226.273066625004	-0.266132872194248
227.066938621384	0.333093643848315
227.723284873456	-0.269509713332354
228.572831292646	0.345195282808618
229.101592158309	-0.175766814782946
233.062717101785	0.140705026751675
234.44242297608	-0.86808320968521
240.285088538553	0.384449350748127
243.375269383393	1.00646176452392
246.732976785335	-0.184939498836684
250.693358403635	-0.399841858357377
252.299411478509	0.0488305229800972
253.173387430712	-0.33813509646825
254.765608787395	0.397014230868081
256.581550601969	0.280170614018061
257.939271260964	0.745046070725039
258.991048283823	0.0254771181535034
260.19578234632	-0.361110096784614
260.964306283662	-0.0736044173277151
262.920758016284	0.768918382838365
264.615953615311	-0.223617534262303
269.176511263097	-0.292384536637655
271.641118963516	-0.815896449523279
273.003310302779	0.740225080962773
273.933460965788	0.246344232456067
277.712914935687	0.200501275682655
279.857760660816	0.393643062114279
282.700991218378	0.87236891307748
284.638430168532	1.41368395757854
286.212218399085	-0.446763501348414
287.807176821201	0.504717310665001
290.536742162456	1.19390833802072
291.886424578296	-0.882290161503988
292.948305120306	0.49082314012594
294.335445375685	-0.23545892880793
295.33582035099	-0.222217077801815
296.330587461207	-0.653652737618813
296.814585472529	-0.084983478074264
297.759913922534	0.374474241545613
300.748003450907	-0.217075466932783
301.746089214263	-0.30061339180611
302.90539157732	1.0510977678573
303.721562071134	0.0824922472370417
304.571604987942	-0.522935885373499
306.121210017915	-0.205148877035299
307.467079563843	-0.14897895822287
308.282815523919	-0.111184681858958
308.960792870851	-0.427118977752798
310.884536574496	-0.0226587914326046
312.4601762075	-0.0226433012726375
312.790133194066	-0.103152337861957
313.524701810103	-0.0802950973807128
314.70184957703	0.172737550029524
315.335322006126	-0.14001170355823
315.654765997646	0.0593752801705705
316.662378210121	0.13625946480397
317.622196082845	0.152627019350803
318.651462795789	-0.0956992348083077
320.384811735297	0.16179491631101
323.627121769854	0.0728060362130236
325.41200970246	0.402486467118251
326.30316363731	0.178598628549935
330.506489842456	0.229849491604455
331.897569600453	0.418116557497797
333.248561933159	0.212895859596756
335.061809651555	0.436987321219476
335.871468220796	-0.226280088501426
338.737023214505	-0.459108145916616
344.842602741988	0.406591269629189
350.567945905118	0.012886131054529
355.899952751257	-0.201806236238554
359.662630493614	0.0649814209846227
364.639984763995	0.0206211834861278
366.047017805729	0.301874392453101
367.100883318453	-0.3895835794292
368.127497997938	-0.0601218573087863
368.851730463897	-0.0356354390405613
373.029789359808	0.0260793694233143
378.209174998898	-0.242149866565342
382.648147775633	0.0150600125930396
385.089178460989	-0.0262954478421307
386.604469060002	0.15845769856378
389.265570147186	0.0230375252945123
392.13262327146	-0.0262805085317268
395.009229311141	0.0156577950874635
396.968163842307	0.129939816137721
398.62403917473	0.140313146187964
402.200374508102	-0.357473262109579
403.310569058976	-0.0476303986656603
404.995605758689	-0.0358909986916842
406.149733928668	0.623248992588742
406.992499868337	-0.179100735346765
410.358923291675	-0.407266218215682
413.293464769882	0.0667664246925597
419.352019195911	0.164715300582429
421.016404270678	-0.0172281216705414
421.56532533021	0.0240128567702413
421.950640149368	0.105329768904539
423.41552223068	0.223788913856424
427.903215657784	-0.860352589718786
432.297168166352	0.175079983956039
435.526503936887	0.0269550730449737
437.772721667744	-0.525940594240637
439.889204264648	-0.541379252458682
441.541580160457	-0.527672202075337
444.343510918256	-0.0868925189233778
447.583829727113	-0.181577652244869
456.932943330891	0.049734850119421
459.503818536697	0.0579307513676213
465.313669835348	-0.483612187367271
475.730441892035	0.158704188972479
483.773676557529	-0.141757872034759
494.967768823097	0.115303014286837
496.429606501344	-0.436649431435399
499.228254283242	0.0571367194347658
506.833761012125	-0.0607450171114579
511.576857320325	-0.225781956025912
513.181072239842	0.0640270853409675
514.66308148722	0.0804396974594965
515.798950137927	-0.0258227756676206
519.563499969228	-0.300536812341306
523.791116756408	0.075140492301216
527.451787945987	0.112007462717884
531.426396908759	0.0826621963092293
535.561929986232	-0.0636665961760627
538.547604977114	-0.109524717137447
540.043117648727	-0.00221901507438815
541.164703307768	0.1374831471162
542.232255284543	-0.00630653876396536
545.178814272878	-0.21846202535562
550.607862812607	0.0707931343799828
551.06270833028	0.0428773291528159
551.774254441667	-0.0170578871748148
552.20734661531	-0.04613778914063
553.210686153125	0.0426038425357547
555.843796207878	0.00353547607073779
558.065261353191	0.0620289921625954
560.361530060848	0.0356318332746923
563.655502964521	-0.0165846862028047
566.729151066994	0.147967880382112
572.980438926613	0.141991365078866
575.987664067933	0.00862694017678223
578.72932198325	-0.00465975188171797
583.295334378788	0.0151036303727778
588.025904039185	0.0714255738744214
589.791555718512	0.132515902514115
592.781484461369	0.107083807690287
598.095467747184	0.184947264217044
603.308165648691	0.193585612269544
605.583419302086	0.246993892801129
606.986321259291	-0.143146942816657
608.411902126493	0.215822191758434
616.577948401386	-0.00754407729664308
618.560557826971	0.0455077308829459
623.410808767649	0.074001859020882
625.616340336859	-0.332641873380908
633.121312414139	0.0966708931437097
643.863932429658	0.418613414798074
647.323223785038	-0.0976736051047737
657.293002276818	-0.162989800246123
670.004714867924	0.0224429173381395
692.183860368861	-0.183607558658878
693.363896331627	-0.0235883118270976
696.2020986421	-0.0290244837260616
698.212482994029	-0.355790088935464
701.268141225775	0.425149813027019
708.48118159383	-0.181097338465861
710.211745820382	-0.377738615104136
712.227927906986	-0.123792641279124
722.360676684762	-0.120915515498382
733.090186923205	0.0745274628720836
733.773565434685	-0.167657875726036
734.740804566321	-0.30277562415813
736.07713830061	-0.0808347224146928
737.008914140078	0.366196642200975
741.027097972729	0.509244523844245
749.905991827492	-0.111518537511984
754.909983175043	0.327726016877477
761.293168971459	-0.104820285144797
763.718125543046	-0.477311731372083
774.235296278727	0.0563867372425193
778.334746685288	-0.0371839968115637
783.62210900321	0.133706658370102
787.495779738591	0.0110826949298826
795.33564578904	-0.0818510510976012
806.292405388353	-0.431668635478673
808.110654273055	0.344163372849835
812.038206956753	0.0524654781129357
814.775398031001	-0.193965239908721
817.670633340515	-1.64204184736536
824.839102017312	-0.0216859499628299
827.914341318985	0.0715055954269701
831.885430823509	0.244731010787291
832.681905218179	0.304336260974651
833.727820782686	0.274112243673244
838.445565596381	0.536451590795878
840.538839184667	0.159662305493839
842.912794325236	-0.136043891228383
843.59756797181	-0.714421616045911
844.140679795205	-1.1242512282779
845.521699994536	0.190955624208073
846.918427529137	1.22713257598207
847.741069972164	0.692015977419942
849.031278001814	-0.320056578480944
851.993935715978	-0.132396790890198
854.870937266677	0.581313965926711
857.373386007795	-1.3934312700967
859.652261328257	-0.241868742746647
865.625867499824	-0.381720522164414
874.47140753111	0.203802674321651
880.249787969627	-0.148744598427129
882.480676209204	-0.17775834148506
886.020368295528	0.032994917276028
896.914762267688	-0.17584970633925
899.255100843627	0.360695728644714
901.662885499507	0.659933720768549
902.577694419379	0.415028502734003
904.785784090576	0.603894317257073
906.566337788009	-0.654878247695706
908.042384648308	-0.272259820940235
910.405620355971	-0.647931855183742
912.039002279872	0.367373189135833
914.868776848387	0.0542589441911332
916.133071718451	0.429145376353517
919.186090162224	-0.0335904403254972
921.634834298044	0.549901993887033
922.406246272004	0.971253801343209
923.205662392926	-0.642905726004301
924.475620680498	-0.504894275445167
925.585897204329	-0.190231364636475
927.587686902878	-0.159928425732232
928.672843026651	-0.0510373149331826
931.270942982712	-0.0810775880208894
935.367575059413	0
938.270184992897	0.214162878036859
942.591449647061	-0.279495024901735
947.77115563235	0.0332475723012067
953.851135223477	0.138618933634007
962.878916997411	0.116085845575071
963.577800540548	-0.0274735097459597
976.386515708421	-0.233441018538088
977.34667166378	0.13161149688267
978.839769337826	0.553143416425883
980.167514834408	0.203240922342957
981.604060587281	0.467158542788638
983.669632087682	0.637696908849648
985.116516699588	-0.419188690226292
986.771387039183	0.0578380396955254
987.103867025284	-0.145477369429045
988.134308792065	-0.190259670750493
989.253465543879	-0.263787397421311
990.439695400028	-0.0868883976854704
992.567708437526	-0.285819827709929
993.244987328146	-0.0236318633160408
993.592581204104	-0.0174057748317864
997.53895324887	-0.123559576260504
1002.26312138561	-0.00975280822240165
1023.89780945038	-0.039974291208182
1024.45713476632	0.0881564300684659
1029.57852744872	0.0787395502920845
1033.15373834597	-0.0802888754942614
1037.76290134574	0.170952568640132
1048.93063611595	-0.0708500819555411
1059.43777086157	-0.201526160822141
1064.51494044955	0.0872378568851673
1067.38585305283	0.0123068849366064
1077.31651458976	-0.0124095774990565
1082.48016711567	0.13677442923472
1083.58989550926	0.120027819606548
1084.46322189375	0.308619858024485
1086.47092485948	0.344722675326466
1088.81751206313	0.243923194347644
1089.86003189529	0.0411731681524543
1090.70771682036	0.518642373980128
1092.04111331348	-0.628333110702442
1092.74207625271	-0.414611457892988
1093.71051824464	0.089140488992598
1094.8089282067	-0.208617010703165
1096.30946834314	0.177496206335491
1099.20936084157	-0.0055707985029585
1100.61941223576	-0.189377449115909
1101.61316698729	-0.164418705057415
1102.85313216937	-0.0375110826134915
1108.92714303576	0
1114.7550241739	0.140006424011517
1115.97519922466	-0.339755012062597
1119.78206197397	-0.15032405456941
1120.68999963728	-0.0208894381612481
1126.16962563504	-0.0868690480820078
1139.52440891042	0.201846318554999
1153.90327349069	0.114807048132661
1168.47219174481	0.155153844822962
1171.16684764424	-0.0203436256028908
1172.24108785011	0.19412914076247
1181.89115859728	0.110145355365603
1191.89441193752	-0.218657840435299
1198.71357475638	0.0101690899978166
1208.70084229911	0.206580710319486
1211.54824397715	-0.0453341197912778
1212.06161165216	0.00276892253805272
1212.9233674694	0.115262543635708
1213.36131726182	0.0141865133041392
1214.58008672877	0.056720008441971
1216.16352133035	0.274515927772427
1217.28906097567	0.201823298210002
1218.40015683295	-0.130573495788212
1221.46563409908	-0.066927235608091
1223.32542897463	-0.231455071833352
1224.18571133653	-0.717852242413301
1227.20957231544	0.103136682596414
1231.5987083885	0.419475960178715
1233.21585919362	1.30350908362789
1238.21693710162	-0.118556118699416
1241.84126965252	-0.197423395884925
1242.72195168687	-0.219850189441331
1248.97114796253	0.0326957533238783
1250.43894782536	0.193525717553257
1251.07692170688	0.129390696199607
1256.12201996222	-0.0185335378537275
1258.84490304157	0.081234347526788
1270.09214782557	0.259778639759134
1281.08321031526	0
1285.32140265161	0.333089822329384
1287.36814856041	0.0650650842162577
1292.26295145534	-0.238176673211001
1298.15778931067	0.129313257736158
1301.37969551363	-0.0732902315853607
1302.27148104261	-0.0220899733285478
1302.61421853942	0.0566683106867458
1302.95858998728	0.168957712808151
1304.55251291145	0.0830197574050544
1305.12238997229	0.202772151771569
1305.72243469352	0.0540557268859629
1313.15423017685	0.0369890679430682
1319.79766122338	0
1343.84892558044	0.0246653462754693
1345.79023874729	-0.000537486252596864
1351.282913595	-0.429370028124595
1357.74387954035	0.135188293352712
1361.46383005202	0.288718058238828
1372.83016323472	0.0210147087414043
1381.48635152395	0.0549403100130803
1383.718931762	0.024518623685708
1399.66090426026	0.12961562228702
1400.01680304316	-0.00496761564681947
1405.9288884219	0.103646873972593
1423.50031076075	0.167838227522225
1434.0948760017	0.0478929537266595
1437.34552848036	-0.0496624301558768
1437.82928464373	-0.0373929688707904
1438.34807479946	0.115385882143983
1438.89121283702	0.146750171557869
1443.69352240963	-0.0246857667962104
1447.73380362576	-0.0756443608720474
1464.44852314842	0.0563146134009003
1467.7793860949	0.308541534835513
1475.46487774524	-0.196707678333951
1478.25066394179	0.200772583783419
1480.92140928362	-0.519446914454875
1483.38189975231	0.276095419296325
1484.33463627075	-1.17935202619628
1484.83698626246	-0.765960452266881
1485.30897688947	-0.400164020683405
1486.29530626588	-0.74072480295672
1487.65820862373	-0.499406501152407
1488.29321085908	-0.753626811976574
1488.94134239852	-0.548634639478223
1489.66881264294	-1.98748452145946
1490.28242130068	-0.932504050492298
1490.80001923961	-0.0649428428573628
1491.0634406604	-0.443785073538493
1491.61267203163	-0.4638502243115
1492.12817395301	-0.370916219718765
1492.55278367643	-0.231053143735608
1492.96304794346	-0.14001190468889
1493.23299117123	-0.226898886594427
1494.06364073637	-0.0808500233229097
1494.36583732175	-0.122280140513794
1494.93681230805	-0.00879738986259326
1495.19201826007	-0.00487600540600397
1495.32595924698	-0.16404323687766
1495.61106285838	-0.593038665264885
1496.07762638354	0.0168977834605357
1496.33860476403	-0.260766421620701
1497.36361245275	-0.112000187189551
1497.78374456682	-0.317591339080536
1498.47473797465	-0.162675629559544
1498.58032561349	-0.110674788326833
1498.64211269008	0.0541237640863983
1498.70144105077	0.0869016638966968
1498.83152247753	0.370739153535851
1498.95100515631	0.765188745091109
1499.14728552846	0.794162836346004
1499.60188092102	-0.446045826581212
1499.93926682913	-0.0940932446396801
1500.44238918805	-0.102886690235664
1501.1963483709	-0.221651551053128
1501.70608751318	0.0213091114933377
1502.73931516398	-0.0340722676537553
1503.31653311861	-0.290285875248173
1503.74444406392	-0.0954725671017513
1505.38626059076	-0.169694220165184
1506.60055847198	-0.0215098976673289
1507.44390939756	-0.0120430374713578
1507.78939281529	-0.0821318210473692
1509.1481823428	0.00603346875277566
1510.88312787652	-0.0375420345349085
1512.83660322025	-0.129871489896232
1516.98134067115	0.300036149378684
1524.6782212987	0.306014872641754
1532.10810504597	-0.349465435067486
1539.07589252026	0.0691172765896226
1539.99367050813	0.0496920477435197
1548.56524828631	0.398165743180016
1552.52206334548	-0.418420963978406
1554.98624898933	-0.0345926100899305
1561.64661389009	-0.0032615769291624
1562.24877954373	-0.42044939169682
1568.54790362315	-0.767373992791818
1571.30112368501	-0.512771357427482
1573.57656876499	0.0380034234772211
1574.38453459973	-0.578200533790096
1575.20779036998	-0.0177505612659843
1576.46206047657	-0.0813779719869672
1578.12125580868	-0.430633726681208
1578.75750667477	0.651839581846161
1579.50809788188	0.0189248120277625
1580.10491592113	-0.158766632266179
1584.89505701042	-0.776419922153309
1585.68942644075	-0.175377893490349
1585.90795326085	-0.724458678361771
1586.31316789307	-0.50334762758348
1586.53912671246	-0.153259330828405
1587.74260934758	-0.0834263172250758
1589.48591071583	0.0902847015831867
1590.36588460356	-0.0163138041502862
1591.26317983008	0.0344974856993758
1592.64877712971	0.260269766686179
1596.96254872262	-0.0989227098525589
1603.45853295334	-0.343820721442171
1604.60838092292	-0.19380459632157
1606.33035966551	-0.193829954043849
1607.44449826406	-0.240851608591129
1611.25995764617	0.555808473696743
1612.67707701984	0.355875485620345
1613.10037291398	0.311225893706705
1613.5915002049	-0.441112215003614
1613.9221335576	-0.322203534413347
1614.94813332511	0.522451146499407
1616.35331550808	-0.14639796259371
1618.2082287036	0.2494155648169
1619.70639444523	-0.654246791933474
1620.08428393069	-0.497175161387531
1620.42435740367	-0.194695273734396
1621.11138778729	0.661983471852636
1622.81390610269	0.385731815351846
1623.90759760096	-0.0337048242477067
1624.58091122173	-0.0747429182174528
1625.00907926299	0.0488695887356698
1630.48674694269	0.0400392524643394
1631.9750612619	0.0247509436735527
1634.40374184775	-0.166139553792618
1636.291754553	0.0584587351268055
1638.7131187914	-0.10485764098803
1640.9124767599	0.210547997147842
1641.38262346901	-0.052320092077025
1642.44955221712	-0.267913735063757
1643.3547930544	0.00947102099553376
1643.73037074871	0.0245481861793451
1644.1923940337	-0.043223316491094
1644.62569974254	0.11471660074767
1645.01043628965	-0.00901660325689591
1645.80375810876	0.0043516080986592
1648.07745839915	-0.0274163705735191
1650.9429272019	0.713168595442312
1653.40406480645	0.0473220718795346
1656.97632141033	0.0718749043007847
1665.0703733275	-0.0771776720648631
1666.78440310608	-0.0493141857964474
1680.26827480809	-0.0866343698426135
1682.19268628881	0.287077189022966
1685.93388295018	-0.272382713261777
1688.13742944104	-0.15942946254836
1693.6259098364	-0.111811719313664
1694.91034573555	-0.000650270200367231
1695.8882989364	-0.363066417476603
1697.05667838548	-0.567151946998365
1698.24966390659	-0.178868480810252
1702.29692710404	-0.130856092383056
1705.1200282605	0.401234504966396
1709.8985104713	0.0468102019176513
1713.90015537519	0.109213807469587
1716.43907721748	0.0623734849955326
1718.04848618763	0.0120491743496132
1722.01535543785	0.0865994721307288
1725.67115674457	0.263543828381444
1729.41038724888	-0.181829037259376
1733.24002429248	0.228829698017762
1737.35379736307	0.171624227067696
1740.24612147148	0.0265791247034031
1744.82531990676	0.194743170404308
1747.09517297959	0.0963040943406668
1753.25994440601	0.0102102033529263
1760.66366961883	0.334416766032518
1764.11415506039	0.106534422838649
1765.29072462303	-0.153476912220412
1767.0082079014	-0.229211429270435
1769.64693393942	-0.0819894664577987
1770.11293071414	-0.0830436554356311
1770.47531937492	-0.171354459847407
1770.95599722247	-0.132832066537048
1773.90823660216	-0.243966838439064
1775.53493869262	0.133742248655835
1777.37759383099	0.0957279848735197
1780.64868630327	-0.0147888201090609
1783.25504696999	0.378818694003712
1785.90970700518	-0.0319805226135941
1789.1505782979	-0.283362588648288
1789.73394287938	-0.368558636659145
1790.8808409482	-0.199348757174903
1792.47839880603	-0.0840357685033268
1794.24321323542	-0.0835794632162106
1801.83656047646	-0.125717121553407
1803.30478121269	-0.319189209504657
1814.26463092479	-0.126930541682668
1818.55404241304	-0.338152830001491
1819.77482562093	0.0105556182561486
1826.382259778	-0.216330840642058
1827.36995949844	0.360247275904385
1828.25218506768	0.00622028018824494
1829.30805844979	-0.606637329594378
1830.53213679657	-0.0178853309380429
1833.16491214033	-0.121532640631358
1833.90645706284	0.0351033448991984
1834.93817752867	0.0166262756874858
1842.61329345184	0.330695958052729
1843.64345251735	0.240059707357887
1844.91993684159	0.310596482039728
1853.43724025414	-0.172019200147588
1855.32856697101	0.169430544999159
1856.2939930245	-0.363248457171721
1857.30844383466	-0.0532195426967519
1858.46156937499	0.113925140647098
1859.63408738786	-0.174213162842079
1862.21651812265	0.188748919524187
1863.28818854717	-0.504937239494666
1866.5851313049	0.0346646429625252
1868.57665357027	0.0878826468201623
1870.67483258578	-0.0596538891131786
1871.90182334598	-0.193716622704869
1875.72655961829	-0.162148786845592
1877.24865606019	0.0468004051981552
1878.75812923744	-0.237825369836628
1882.03324736419	-0.34708471081376
1885.95810467935	-0.238594335077323
1886.56387706634	0.30253130341498
1887.11644795727	1.07557187041357
1887.74931852704	0.345843707270888
1890.52696309389	0.0286467372261541
1892.23220393151	-0.388968752306937
1894.3989014439	-0.230819583075572
1895.85631906405	-0.0387963716752893
1898.28431931988	-0.102789400714755
1899.04902719478	-0.165511002519906
1899.95179391973	-0.023025061178032
1902.85892320324	-0.051096373495966
1903.53530608968	0.129977992668955
1904.19436752459	-0.161084868424041
1904.63229236932	-0.171241462802755
1905.5537119152	-0.108305886205926
1906.20187937229	-0.169216203255928
1906.81290191044	-0.351137699447918
1907.57562149151	-0.188194854642916
1909.06219744595	-0.0997868912827471
1917.82557316896	0.11238288413233
1920.61039072494	-0.0704697995615788
1922.00364456383	-0.00647092556346252
1923.23963635814	0.135204975312263
1925.60359110178	-0.156702180984212
1926.50921263583	-0.670958417628299
1927.46619934554	-0.287240619788463
1928.46138346116	0.0347458253954755
1929.35790832351	-0.122706184709386
1930.33365438997	-0.220837302806558
1932.83727986889	-0.173453946270001
1934.30187701431	-0.306188386357007
1936.70802309686	0.0452692253193163
1938.68758361337	-0.0120832929383141
1940.71221873509	0.039326071191681
1942.12078201229	-0.171958318570432
1943.38820320663	-0.156237899580447
1945.94289102376	-0.0982702627634353
1947.74342892597	0.12883493371919
1948.95726337666	-0.127998301162279
1949.90489639334	0.178461470751245
1950.64675030532	0.149117071145611
1954.14732605284	0.0688305228804893
1960.88695866453	-0.0696922124679986
1962.13099463471	-0.140973785604729
1964.25966808079	0.136207894094241
1966.2418646328	-0.449089433110203
1967.52638148888	-0.066411431643246
1968.54878000783	-0.124916796081379
1969.86021429831	0.036414406122276
1975.82767285217	0.290487155495612
1979.17993739059	-0.149834666142851
1983.27760964247	-0.105171421118939
1990.51032398442	-0.15150631181632
1992.48619769717	0.00223723780800356
1993.92522764234	0.0798501225690416
1999.48138585865	0.350651603726419
2001.10701891939	-0.165095044389545
2002.63965530809	0.282321935159871
2003.95602525997	0.629290204454264
2004.72286730777	-0.261526238016813
2005.74441942897	-0.144322626025314
2006.74154988496	-0.393036854370166
2008.03565572892	0.495299496848929
2010.17731730993	-0.190054026979851
2011.4497115365	-0.413633455233594
2013.57800718686	-0.047829891600486
2015.01321236985	-0.405596845307173
2015.89499868109	-0.0949445189839935
2016.77104100042	-0.125191178438399
2018.04716683929	0.539188725593704
2019.55733952856	-0.415982898229231
2024.03757937889	0.188795056359595
2025.40364609901	0.10434225013023
2027.41129553932	-0.514128859287666
2029.6060364666	0.109505681022711
2031.03180280141	0.119400817733549
2036.43663736412	-0.0512127323145251
2037.43463828528	-0.248032336005053
2038.5940543672	0.123970305093735
2039.94914124114	0.02659955914487
2041.06349738195	0.183677997531049
2042.35132096983	0.112448463096825
2043.68897073018	0.0603278099210911
2046.38571858546	-0.187524060068881
2047.3548435083	0.032074197678412
2048.25732288346	-0.186183007589079
2049.10574528318	0.0391341985946383
2050.1955563663	0.0689629571866135
2051.26493511499	-0.0141907331453694
2052.25540855102	-0.0678383548220154
2053.03647626338	0.361847894070706
2053.9614978537	0.271730222380484
2054.85600411407	-0.0604860744201687
2056.02841727739	-0.317221872818664
2059.12355547297	-0.286025199543928
2060.23691404615	-0.107599171520633
2061.82805981295	0.0881276603367951
2063.05200705358	-0.0127085576382342
2067.02575191093	-0.0127686296777938
2068.1436582946	-0.122216883543842
2069.89318490648	0.0454875193981934
2071.61932016952	-0.0580122919263886
2075.39480477764	0.0114595711388574
2078.7339244497	0.0243472885908886
2081.13036513816	0.0166304573617708
2082.54867784591	0.276464335569926
2086.03328693026	-0.164605408584066
2087.31617618068	0.49997973120071
2088.74680379994	-0.817325209309729
2090.4832805531	0.37656543358662
2091.08104783977	-0.328973131653129
2091.86807629521	-0.0377210318338257
2092.8649484466	-0.653583442575837
2093.45188154909	-0.501428060720627
2093.88374194707	0.23238309784756
2094.33001767745	0.430012192264712
2095.12147315328	-0.127752362990577
2095.6599325775	0.0820821896932102
2096.15617549016	0.176515614040454
2098.4001599507	-0.603720898696338
2099.3049050163	0.306568918465018
2100.23794390595	-0.209323201571351
2100.97719930713	0.178346519526713
2105.55605429263	-0.380134281605024
2106.56152399901	-0.111475138082824
2107.80675751811	0.17337100453733
2108.59336508978	0.238933074112083
2109.50489708287	-0.339378862470767
2110.48750735846	-0.191152717151454
2111.48394539849	0.107340902241958
2112.65879906621	-0.260797160209222
2113.50968723062	0.0900307218371381
2114.61665396572	0.0408709480661855
2115.81080640765	-0.555078556846183
2116.9137769032	-0.0325935815099001
2117.75523770959	0.276361030855242
2119.10753297156	-0.304040254342908
2119.90912851079	0.386343866743118
2121.39065414114	0.402622252768651
2121.90533999362	0.172487024075053
2122.44383348113	-0.412298188734439
2123.02704586838	-0.118893366436168
2123.68904748439	-0.186656971156481
2124.32663492269	0.091568545348764
2125.13469442281	0.107905349534576
2125.938200274	-0.263513561209948
2126.52657927571	-0.318379334217752
2127.95114642771	0.13691450103488
2128.57961775264	0.242330158342611
2129.57908639987	0.0300594717245986
2130.31814471246	0.166561316280422
2130.97777684462	0.0920355688094787
2131.53232026092	0.155825235403881
2134.60253646204	-0.00565492276928126
2135.36212964512	0.326736936934594
2136.53848954395	0.317754186275579
2138.1027400182	-0.182029644106933
2139.09335320991	-0.0270852827934505
2140.22898770264	-1.54928363918998
2142.12853697007	0.0263026539400926
2143.27353519697	0.0925589303346896
2146.1752887662	-0.106373472041469
2146.85247650667	0.153171419519822
2147.51120060871	-0.0533202267665729
2148.48474940897	-0.0394325692232087
2149.08945787113	0.041859630172894
2149.63467371643	-0.359687635472255
2151.72923279495	0.466677920443999
2152.95203792031	0.171854183517553
2153.83889581239	-0.231938035190069
2154.5902636222	-0.0174749507955312
2155.67953278173	-1.41373181886502
2157.07576906887	-0.482336278697403
2158.54174674642	-0.0135074730428641
2159.7412945915	0.114231972709604
2160.67962061018	0.917634073627141
2161.95124291874	0.361016779958391
2163.90200136244	-0.0133995447463349
2165.01365962042	-0.000846548324261676
2167.90184954225	-0.078970552644023
2169.77153998746	-0.103721038172807
2170.42914289884	-1.07742001733004
2171.26779318391	0.509241806148111
2172.98298475882	0.0887027741855491
2174.270898344	0.373949189260657
2174.95040254154	0.0703434580095745
2175.60425162052	-0.363025682239368
2176.77391040784	-0.0479939798869964
2177.50562408684	0.122352859228158
2178.22752412545	0.00574867762179565
2178.92072133367	0.0140305900217754
2179.50329939599	0.0162353468404035
2180.02727566569	0.128921551483018
2180.54221697815	-0.893983420464792
2181.28673925593	-0.325733212060186
2182.43209339827	0.478566929413319
2183.61676907838	-0.167151563232437
2184.08406074402	0.0982438210298824
2184.75065659121	-0.153321220311227
2188.33209475645	-0.831077160511086
2190.17173840485	0.00493223059083903
2191.50682030994	0.0301766377310742
2192.98335576345	0.0326139734938806
2193.83253229499	-0.367617633910413
2196.14931232708	-0.146940762738723
2198.08221805566	0.161355594028009
2198.60514757282	0.219460483876446
2200.4273004456	0.391696088281151
2202.42132686094	-0.936041354591453
2204.32925545576	-0.247006076954676
2205.99070387148	0.720359458576695
2207.3045539723	0.0403364567587232
2208.19889808017	-0.353898255433705
2209.05512232066	0.215878535754655
2209.81566844539	-0.925431638301689
2210.75843207801	-0.414111345445235
2211.62736809698	0.0295410143253321
2214.1726380852	0.531666362074702
2216.38075067407	-0.055341523111565
2224.71566591856	0.185772353740504
2226.55431724281	-0.0782484727178598
2228.18623859921	0.319729770518734
2229.76396712159	-0.542487714093113
2231.02081048321	0.318355621396677
2232.1118509431	-0.152145479265528
2233.90863278592	-0.370220175650502
2238.17870749147	-0.063100540931373
2239.96843049835	0.272491557945614
2241.34723775903	0.0490260993174161
2242.50910722181	-0.0769176530407094
2244.98366840913	0.153207073677549
2247.44117202186	-0.0171343470465217
2248.89755608189	0.150961911002014
2250.38345138396	0.17472320967363
2251.51186119394	-0.221281187206841
2252.39738543176	-0.575374224770258
2254.27418301804	0.0264902189474014
2255.56793735537	-0.0638706336417272
2256.94024886324	0.366128430431672
2258.29184147615	0.250013223093447
2263.07311593606	0.287475516026007
2263.88364423854	0.0462677177456499
2264.50844084429	0.607572104263909
2265.4518816004	0.637429663513558
2266.54109133444	0.171411486968736
2267.74848052086	0.173577666183519
2270.89541248352	-0.0633678822073307
2272.81601564026	-0.201774955485689
2275.45968327195	-0.211843918158138
2276.92678180225	-0.18657999017023
2278.73233232584	-0.233755611183824
2281.17565310986	0.0736010405062189
2283.14809680364	-0.308161599083633
2284.94302905859	-0.0842714909526876
2285.61921944385	-0.114504443854003
2286.25597853765	-0.357905548927647
2287.23001641269	0.0498497456051155
2287.82493840284	-0.0672150859663816
2288.80297952769	-0.163450673165698
2289.58380739454	-0.123613548550566
2290.4162406851	-0.052734267283995
2291.27737198109	0.0601548627032571
2294.45799904944	-0.00978190263413126
2296.12027272117	0.0194461854207475
2297.72105941404	0.0731257301731603
2299.13355385707	0.213748973495512
2301.02148408533	-0.0892587624284715
2302.8096924459	0.125304988079279
2307.80829929555	0.159957408791342
2308.42208659596	0.0135126748946277
2309.57455069954	-0.150111453201589
2313.25299373243	0.0116990561332386
2324.7569573603	-0.0524362880373701
2326.11682098618	-0.147001601344073
2327.41562329315	0.0324057928319235
2328.11721602284	0.164934943852131
2329.15244287298	0.0241638580714607
2330.71619682728	-0.0521416932929242
2333.16926432827	0.128083743051775
2334.19147303588	-0.266325280836099
2335.43108804826	-0.183975022607228
2337.07307505136	0.0333355189686699
2339.76338260728	-0.0956694103233531
2342.71308685353	0.225778129737137
2344.36826087171	0.293114902222442
2345.11357532179	-0.021852526856037
2349.9416759359	-0.289435702259198
2350.72173889649	-0.0551604661923193
2351.50355983155	-0.205996997676721
2352.21851408195	-0.159946936104461
2353.12738835745	0.389508635703805
2353.92832031386	-0.24861523150048
2354.93972276189	-0.0272815256948888
2356.35898319314	-0.0895049258856488
2357.32367849249	0.0594944484328153
2358.48809847913	-0.291758894221857
2359.43558458789	-0.0552409708743653
2363.79068371515	-0.298488438913409
2367.73200855518	-0.233360465368605
2369.09715302672	0.127993819834956
2371.11631508184	0.370523449143093
2372.98698633358	0.000137066037041222
2374.63554761954	-0.209811091789106
2376.27899639213	-0.0300895477885206
2377.88345180738	-0.0613132290832255
2379.07217620051	-0.430153158837129
2380.17639954345	0.0175517179868621
2381.10908722737	-0.0287637821325006
2382.86316185997	0.150850439261376
2384.5457508093	0.170297309749003
2386.19281962963	0.114155189061421
2387.2708572112	0.270190488333355
2388.28710720209	0.549703183184192
2389.528518968	0.124526059583332
2391.29497108235	0.0190175529028238
2392.78877643622	0.000811885036910098
2394.9505979971	-0.068812661343145
2396.55794490278	-0.254915195878766
2397.57496547058	-0.068910321786916
2398.6797763952	0.170513321601902
2399.53556523905	-0.17674930477142
2401.05826922766	-0.691583924549377
2402.88695141524	0.219925290793981
2404.44094043757	-0.0276666119830224
2405.37913667536	-0.00588411006128808
2406.23925996102	0.391522069716757
2406.97279406656	0.97298647946036
2407.62819637896	0.606137362718073
2408.16905730127	-0.409504485770867
2408.81385772935	-0.489149857000029
2409.81297391615	-0.115782461226445
2411.0864645087	-0.305527451070702
2412.63287284055	-0.292849406453115
2413.96710921974	-0.220355972412563
2415.28584904523	0.175692589114533
2416.22092723827	-0.0199330688919872
2417.14304449559	-0.00359981022620559
2418.25957219594	-0.11716660580305
2419.82025010867	-0.376539740801491
2421.43746788985	-0.148474990154227
2422.34803161835	0.0724301795680731
2423.60470536403	-0.032114056019509
2424.52184706143	0.230665501605472
2425.35232548426	0.116973641444929
2426.45270581233	0.208802896981069
2427.60042963497	-0.739092193728538
2429.02862303264	0.403204742841808
2430.58852238702	0.0620276015961281
2431.53404011278	-0.0643404144443593
2432.87320125235	-0.31946710090233
2434.2477698682	0.106096317780157
2435.85548830948	0.154495353801394
2437.33185538336	0.102616088114701
2438.32780979243	0.165192376740833
2439.32367591808	-0.055634187362557
2440.22217146819	0.162301909178495
2442.01282201592	0.416453115695276
2443.26559400449	0.971588709120624
2444.50585241532	-0.160305573513597
2445.3747750319	0.0051451664699016
2446.41956737401	-0.0242897963353244
2447.14205322291	0.0351673786599349
2447.71910104164	-0.455530956276107
2448.24003552314	-0.732508631655492
2448.71216812	-0.863850858730984
2450.46203960729	-0.267728883477503
2451.66165004886	-0.147482852318717
2452.59450953583	-0.0061445291084965
2453.3544641445	0.17670195097071
2454.2695349772	-0.206841713878475
2454.90133888813	-0.299175938306689
2455.45872106479	-0.174409520062909
2456.25291608804	-0.124351710949668
2457.94030857709	0.0666923530798158
2459.89558375307	0.37097032927386
2460.86895178279	0.239125028961098
2461.98757706185	0.024958096365026
2468.44403060204	0.136557931988136
2471.40005756754	0.278608443485155
2472.89286735719	-0.152678645808919
2474.10179956492	0.465143620329854
2475.33677419291	-0.298824189602328
2476.90670356457	0.140208636929401
2479.12419229007	-0.190537502744064
2480.75434698851	-0.118826479989366
2486.2050553923	-0.198004644063531
2487.40966384277	-0.102371765382941
2488.41539128254	-0.0563909523216353
2489.29800650261	-0.371494560375595
2490.43846555964	-0.337685708512254
2491.48258001042	-0.0209202433202336
2492.96701870569	-0.457846543957203
2495.92376057014	0.118591989832112
2498.16510472961	-0.347045562678431
2499.42360981019	-0.187660587945174
2501.24847700984	-0.536950759275442
2504.08188808394	-1.05189174734369
2504.69568671902	-0.397579129383757
2505.3185703422	0.129738845302654
2506.19078380345	0.325405811036489
2506.94281043826	0.835581881030976
2507.34641625649	0.583873906079134
2507.90298607688	0.0630611176238745
2508.81859527083	-0.505642610349241
2509.82291225872	-0.327191652592319
2512.11463070309	-0.0869579527725364
2513.29695474837	-0.237946800657937
2513.89226500534	-0.886507251635521
2514.5194332746	-0.21771051487076
2515.08030870249	-0.442039360590115
2515.8512799606	1.38981357238299
2516.96204055121	-0.247791900990251
2517.58210937767	-0.1990562482938
2518.20487327316	0.706610455264126
2519.63297374445	0.436946032034939
2520.63905518772	0.331834648784934
2521.53260823206	0.730723736476648
2522.80746187819	1.04551920240965
2523.31105883551	2.81422992222952
2523.89454355643	0.893967372043335
2524.43019067263	0.508353918940429
2524.91572794676	0.267628357312333
2526.14677493298	0.0658617495564613
2527.05014948749	-0.0543711785899177
2528.18250637	0.0295014892794825
2531.27026670707	-0.163914802255931
2532.38862179154	-0.0670955048203723
2533.28246254722	-0.0609620678969804
2535.28633683716	-0.131734800613685
2539.50628206373	0.153074693571398
2540.28690333815	0.0256015105242113
2541.03481867045	-0.403726585517234
2542.06424057936	0.0535971301928839
2544.50041064428	0.0430595334282771
2545.60005808628	0.132109803483218
2546.71862760446	-0.116838740287221
2548.00990299449	-0.241973214112932
2549.29655196911	-0.242229835263061
2550.94984581937	0.0827755286686624
2552.50609564281	0.202435107928977
2555.14599732868	-0.602263094451246
2558.02314115709	0.254399773610658
2559.44082294827	-0.537920358063275
2560.71779493104	-0.0493708568415059
2562.0023979724	-0.0330493318142544
2562.87358684413	0.0198964958763099
2564.00952472385	-0.474380135559841
2567.12627228506	0.145483793385665
2570.35600271614	-1.87678119207658
2572.18770630593	-0.818884948485447
2572.82485330807	-0.401189456432348
2573.46899596817	-0.00905753635333895
2575.07846371863	-0.238662744603971
2575.72972637373	0.0107346379463706
2576.29008884176	-0.243347382734555
2577.57836685559	-0.0619060346325568
2578.90940173756	0.251427178086942
2579.20663896138	0.243573295623264
2580.67116089295	0.0596183699526591
2581.72801000772	0.209722209835945
2582.90621971924	-0.0616029695374891
2585.31564186855	-0.182568990880554
2586.2721861627	0.14116312631586
2589.43327617335	0.488014224838935
2590.62615608643	1.10457839719584
2591.23252505647	0.0661601196170523
2592.88836273935	-0.0359274694806118
2593.23897723055	0.771163821131722
2593.9928387287	0.193995745066331
2594.4445258306	-0.142630283791732
2594.80936818496	-0.128094022331425
2595.17416281993	-0.186921747281303
2598.53586992784	-0.0910538073276257
2603.82866291393	-0.0745836135788522
2605.4307791258	-0.0822921548024169
2609.106158358	-0.625545108591268
2609.64355492604	-0.344205317235264
2610.31061802208	0.376363820199003
2611.5421120447	-0.175110475890961
2612.11002719837	0.705641953736176
2612.69799839592	0.0740124945073148
2613.59921395089	-0.749815438369296
2614.12440453573	-0.509263807043226
2615.16256154821	0.00317858596372389
2615.7074499723	0.251944689889115
2616.24583756025	0.912676271877899
2616.84615478827	0.48697700346429
2617.43565747575	-0.12583170792368
2620.23541419577	0.162223566955618
2625.54821806039	0.126179618840979
2626.26213953114	-0.284872736793659
2634.73364798367	-0.503136522726436
2643.8858670363	0.0190876127076081
2644.56221644549	0.156997429587136
2645.25869960888	0.45919230690879
2658.20900297975	-1.39931058014145
2658.71825338926	-1.24911715662802
2667.60933784172	-0.122172050238532
2668.43337126501	-0.195511336618893
2669.19798160087	-0.0266205057710067
2669.92802185247	0.0452752324827088
2681.73980115039	0.0486343030943317
2685.71417078585	0.0666125223056042
2686.93014503207	-0.0353447317811515
2692.50393177309	-0.0474600323191225
2698.12975114048	0.272736383516531
2698.68676192751	-0.153514619400539
2699.32691148344	0.0615504716006399
2707.11273685607	-0.0398568221512505
2708.43187608028	-0.0624531196399403
2710.3029951855	0.107438133205505
2711.19784466757	0.0600595495379821
2711.71267938316	0.0759591957948942
2713.04264590457	0.205089066180335
2714.07859707534	-0.288003102556104
2715.1155415833	0.0570584620750196
2715.98096522031	0.27688263070786
2717.72098118303	-0.282348890431876
2718.44560812997	-0.0386568700319003
2718.71477697524	-0.972563948769221
2718.96498790301	-1.19224711862717
2719.27845040153	-0.976507868345379
2719.79182551189	0.5418609574931
2720.13117886946	1.67675259003954
2720.67541484846	-0.69614770103135
2721.16684396423	-0.174925004875149
2721.88224282558	0.285111074529595
2722.32326216803	-0.322784421792221
2722.56057953436	-0.598145110239329
2723.97007712803	0.241070024811052
2725.0830337352	0.2644170168237
2725.81962038592	0.156755214502027
2726.19326590286	0.434368929918946
2727.48323992277	0.215934121247756
2729.72949663439	0.0713687862917141
2730.56280579967	0.0527024251127841
2731.41869671279	0.0423855684957744
2732.72165694378	0.199577980308277
2736.27110887393	0.0962673692388307
2740.53721672723	0.00559774360181109
2741.67829609439	0.107469830146783
2742.45492070586	-0.0192827052296707
2743.06774377614	-0.166079815120156
2745.21881634027	-0.0956806246244923
2748.77995750042	0.412326559474423
2749.45971508617	0.15789615077847
2750.16820341478	-0.00610723498539301
2750.91306220827	-0.334915878039283
2752.21969231267	-0.991571505749562
2753.06374088517	-0.341015780954422
2754.67925851021	-0.70455710748638
2757.0995111077	0.253550430873929
2757.91618178027	0.155882134642525
2758.52125566395	1.14137726366107
2759.10811701578	0.547567725607223
2760.00905894439	0.643655809483334
2762.00479119312	0.428167569325979
2764.31852037166	-0.107610759313502
2765.13885881422	0.353900361421438
2765.77706837776	0.179542400924674
2766.83155730424	0.0295889713752331
2768.00317151482	-0.388366073651468
2775.7483052496	-0.120714222779043
2781.32275229909	-0.0333537826236352
2782.12783713799	-0.0269764319887145
2782.82595065506	0.145594337669081
2783.2076206979	0.372081525253634
2783.60986448569	0.160471949406201
2784.32930141875	0.10875232891658
2784.90077537692	-0.134160657677967
2785.44237278981	-0.138835434359407
2785.90699762351	-0.272612293279508
2787.15708993192	-0.0614771727741754
2787.80431969758	0.0585197879263433
2788.29981170853	0.20316250483711
2790.58748028709	0.0520194523501232
2790.99126524526	0.165810137093558
2791.52579338311	-0.428146899219428
2791.98926149842	-0.19582046570531
2792.78398807229	0.0115337280417407
2794.52514205479	-0.15245202324877
2796.22749692508	0.0156757815593664
2797.76849383329	0.225728572496791
2798.25538376296	0.285170148993075
2798.85307062782	-0.0510611097142828
2799.76599441482	-0.107095012092486
2800.68957166456	-0.114670828456838
2803.78287980607	-0.1545921054676
2804.23949018967	-0.17343281260537
2804.67214934038	-0.300825313880978
2805.15358354435	0.0719962884991219
2805.51014296679	0.0681483117273274
2807.80278069551	-0.0121771396729855
2808.09434926655	0.0882014697172053
2808.58277895033	0.501149016813542
2809.36757195441	0.554339302566405
2809.87324831699	0.112877475303321
2812.74244499161	0.0301102053299473
2814.96790469389	0.39730147085811
2815.30930455636	0.276749091529837
2816.1903025528	0.113646756470644
2817.09964776088	0.35000793472409
2819.2540767228	0.154075463517529
2819.91500067928	-0.096341754317109
2822.16161416026	0.0540093450895256
2823.1491193587	0.909534305089437
2824.46466354969	0.0433717406895084
2826.00923677772	-0.907371425985275
2826.48031927227	-0.304843841282946
2827.41309996521	-0.171464731117794
2828.60315383839	-0.126492738183515
2830.21032887931	-0.140388153822641
2833.78174677947	-0.281296358019063
2835.0538617403	-0.485087428725365
2837.08963890915	-0.132647046175862
2839.39898315338	-0.122117124317811
2839.99951518894	0.261769893593282
2841.36347518672	0.210382694477175
2843.74274570948	0.139193281905591
2846.03784678748	-0.003209512203739
2846.70101140942	0.101530497802287
2849.18592105831	0.16033259767346
2850.79459354009	0.265449740266831
2852.78865086714	-0.0896611948569443
2855.46654649249	0.114254156801508
2858.2776706363	-0.0371126704649214
2861.06195804499	-0.224885069812899
2863.04076010713	0.134205057843246
2866.1138293937	-0.11490238412307
2869.31554519409	0.71766058986168
2869.97867262915	0.124517685462251
2871.33695516511	0.166218851478334
2876.11607450542	-0.31483956628017
2876.99933078556	-0.639780009756123
2879.24395406103	-0.120995159865288
2879.84074690464	0.117939734019274
2880.67470735931	-0.261888831809756
2881.13216282637	-0.237956330400266
2881.97983043826	-0.133272023543668
2882.79684054365	-0.0723781703413806
2883.56472178997	-0.135371543176916
2884.55433647792	0.0371584256567985
2888.01850554277	-0.209750570973029
2888.80725124172	-0.189040423662846
2889.92423642597	0.288282969638658
2891.51919673438	0.139176189733462
2893.48254459801	-0.545307052256248
2894.11703127775	-0.36246607287012
2895.30932217509	0.261658390191769
2896.01001009913	-0.155115667385871
2897.3344734486	-0.00532098179019158
2897.98468321968	-0.368111239423342
2898.3532999785	-0.136302314989734
2899.43815378202	0.50961495483898
2902.70303732436	2.03551180239629
2904.65559451579	0.401281650741566
2906.27440481222	-0.443130985034259
2907.18034946149	-0.206466927246765
2909.4959277624	-0.263757187923602
2912.47320028479	-0.851066330175399
2915.92503896795	-0.357362648246635
2921.44360752945	0
2925.35000617543	-0.0805753195368197
2926.81013078589	-0.0647603637048633
2928.25621181915	0.0967229661055171
2928.92741010776	0.00839599023674964
2929.26846818156	-0.059505494118639
2929.44415746025	-0.110666859037337
2929.67991124379	-0.136602296018282
2930.17250323152	0.0990315841140728
2931.3402958456	0.222283748340942
2932.53392696095	-0.0551933216042926
2934.626022155	0.287922799143871
2935.3110852289	-0.191978710374769
2937.1187807932	-0.469834960180378
2939.36890162301	0.112744361452769
2939.58772893513	0.0525719078354996
2940.22750813671	0.0384179771917843
2940.57707915121	0.0641892204284886
2941.14124740257	0.123483746948295
2942.32918669137	-0.247793129650745
2943.29792236256	-0.0684037596161033
2943.79880597241	0.270366228258354
2944.15092804074	0.0320370974104662
2948.07085072901	0.0742075313705755
2948.57382589813	0.124020611205196
2948.86121563798	0.120992905522598
2949.62537737695	0.246353271686985
2949.97185426386	0.0462377777835172
2950.39073038296	-0.0434769131102257
2950.93619060621	-0.251314155108957
2952.00385402899	-0.0249088287596351
2953.0554401505	0.0573298058661749
2953.57745084138	-0.099971211562206
2954.23056867152	0.086101338505614
2954.77327029655	-0.137283499500882
2956.9302828978	0.0669664649931292
2958.00123936177	0.147182500956205
2959.77802845971	0.0534984945211363
2960.37172123996	-0.102160503487084
2960.81476823086	0.0770620205939849
2961.36354357866	0.00900658898626716
2961.87823863346	0.0889417151306588
2962.32233535609	-0.0565016247046515
2962.94111885035	0.0198030857859521
2964.21856324231	-0.155317105627091
2964.62314997416	-0.196619685138558
2966.10120736632	0.151797691249612
2968.67175682334	-0.0620985629934694
2972.16837842276	-0.177314167801342
2973.94084547156	0.0529674732338208
2976.50977680285	0.10879829516125
2977.24295129563	-0.010466230390648
2979.18799584516	-0.0343101700500483
2980.58151942342	-0.0693111244559077
2983.28335314704	0.00121239779400639
2986.26358483447	0.00697984349790204
2987.00149740604	0.361545217171624
2987.58676969014	-0.153549678737363
2988.47685137832	-0.00247769289353528
2991.775312201	-0.0692187439694862
2992.37556214833	-0.269601254830377
2992.97681730004	-0.0225122563833793
2993.39709321366	-0.114671447765431
2993.75340111527	0.01596039312426
2994.73853073462	0.0294540972913637
2997.02980669666	-0.125130739498672
2997.45836015172	-0.0698147159610016
2998.54560608041	0.167831252144879
2998.83779214791	0.223899996219643
2999.43518600603	-0.0898431901509866
3000.31286423498	0.251053758162016
3000.76923481727	-0.240534145141737
3001.35045075029	0.00496808242724001
3004.06962081272	0.0307370333343897
3005.5365136072	0.193179344616055
3006.77842882216	0.268027656100458
3007.65542562167	0.0428593726660438
3008.22851480657	-0.538255123602084
3009.96823851574	-0.0369626936803797
3011.40768530503	-0.014030041676051
3013.09411072672	-0.0949830867148194
3014.29668822581	-0.759372225091283
3015.66255673132	-0.0112065003968382
3016.14618441523	-0
3017.57444051913	0
3018.35952385643	0.198576233571202
3019.05878354169	0.358785527676446
3019.90113785786	0.234246288066515
3020.62468519369	0.20533918732599
3021.54715663002	0.0646874772269257
3022.13565711661	0.215633883704413
3023.01851859532	0.131349099419822
3024.11115072637	0.0328262496736897
3024.55464664249	-0.0542938624280396
3024.84943114169	-0.185309390677958
3025.18019746409	0.264950249744743
3025.57814900544	0.0908817763065599
3025.81516906213	-0.0442346994868785
3026.07233964486	0.284508634634221
3027.05439781139	0.567867607720018
3027.66446336166	0.382927941393518
3028.02418747543	0.425565979538533
3028.32606456784	0.389182139354034
3028.68160002262	1.05342007373156
3028.92684960902	1.34630756960496
3029.11837678001	0.88976777739208
3029.32473697929	-0.184024839918493
3029.65604668872	-1.29899099800059
3029.85323545746	-0.338712117888008
3030.16250825613	0.104583091405857
3030.40071171826	0.247249210476639
3030.64015822446	0.175111411107991
