,lat,lon,Wind_mean,Wind_90th,Wind_max,Wind_dir,Wind_dir_std,T_mean,T_90th,T_10th,Rad_down_mean,Rad_down_90th,Rad_down_10th
0,-12.434564930487374,130.84236145019534,1.6429533,2.4188470602035523,5.932365,165.56934,123.75023,24.576385,26.069116210937523,22.843969726562534,0.0,0.0,0.0
1,-12.42426592939552,130.88718246208066,1.3282481,1.9988653659820552,4.9168925,161.06995,122.865326,24.360718,25.894287109375,22.654272460937534,0.0,0.0,0.0
2,-12.436181046397415,130.93158215941398,1.3282481,1.9988653659820552,4.9168925,161.06995,122.865326,24.360718,25.894287109375,22.654272460937534,0.0,0.0,0.0
3,-12.46065395836403,130.97021416774402,1.3282481,1.9988653659820552,4.9168925,161.06995,122.865326,24.360718,25.894287109375,22.654272460937534,0.0,0.0,0.0
4,-12.48581118610197,131.00838561912224,1.3282481,1.9988653659820552,4.9168925,161.06995,122.865326,24.360718,25.894287109375,22.654272460937534,0.0,0.0,0.0
5,-12.521629168710652,131.03623121072388,1.3282481,1.9988653659820552,4.9168925,161.06995,122.865326,24.360718,25.894287109375,22.654272460937534,0.0,0.0,0.0
6,-12.554486663122628,131.06767940080235,1.3282481,1.9988653659820552,4.9168925,161.06995,122.865326,24.360718,25.894287109375,22.654272460937534,0.0,0.0,0.0
7,-12.598805614343046,131.07546790466077,1.3282481,1.9988653659820552,4.9168925,161.06995,122.865326,24.360718,25.894287109375,22.654272460937534,0.0,0.0,0.0
8,-12.643749170773456,131.07692629205968,1.2793566,2.029868912696838,5.0947804,164.59291,128.49312,24.65207,26.067651367187523,23.087670898437523,0.0,0.0,0.0
9,-12.688354441551835,131.08275335188154,1.2793566,2.029868912696838,5.0947804,164.59291,128.49312,24.65207,26.067651367187523,23.087670898437523,0.0,0.0,0.0
10,-12.732901661947013,131.08903048080333,1.2793566,2.029868912696838,5.0947804,164.59291,128.49312,24.65207,26.067651367187523,23.087670898437523,0.0,0.0,0.0
11,-12.772531875402882,131.1108148561,1.2793566,2.029868912696838,5.0947804,164.59291,128.49312,24.65207,26.067651367187523,23.087670898437523,0.0,0.0,0.0
12,-12.81476139969067,131.1266555876419,1.2634802,1.9634412288665772,4.7583127,171.38707,133.16672,24.968384,26.416723632812534,23.338598632812534,0.0,0.0,0.0
13,-12.857486799475543,131.14103312803738,1.2634802,1.9634412288665772,4.7583127,171.38707,133.16672,24.968384,26.416723632812534,23.338598632812534,0.0,0.0,0.0
14,-12.90238398325096,131.13848054224357,1.3661903,2.1221759557724,4.951573,175.1025,137.98958,25.080322,26.5980224609375,23.45612792968751,0.0,0.0,0.0
15,-12.945491843926352,131.12535426975052,1.3661903,2.1221759557724,4.951573,175.1025,137.98958,25.080322,26.5980224609375,23.45612792968751,0.0,0.0,0.0
16,-12.990081949245486,131.11939953232545,1.4063983,2.129660701751709,5.2530155,170.37022,133.80887,24.53003,25.9381103515625,22.945361328125045,0.0,0.0,0.0
17,-13.035037983124866,131.11842394550408,1.4063983,2.129660701751709,5.2530155,170.37022,133.80887,24.53003,25.9381103515625,22.945361328125045,0.0,0.0,0.0
18,-13.078508254229446,131.10661669305802,1.4063983,2.129660701751709,5.2530155,170.37022,133.80887,24.53003,25.9381103515625,22.945361328125045,0.0,0.0,0.0
19,-13.123450855390002,131.108108502069,1.4063983,2.129660701751709,5.2530155,170.37022,133.80887,24.53003,25.9381103515625,22.945361328125045,0.0,0.0,0.0
20,-13.168261547602135,131.10427289719925,1.5698746,2.355475664138794,5.420609,182.59708,138.45953,24.477722,25.941992187500034,22.926684570312545,0.0,0.0,0.0
21,-13.213120862289037,131.10109204780682,1.5698746,2.355475664138794,5.420609,182.59708,138.45953,24.477722,25.941992187500034,22.926684570312545,0.0,0.0,0.0
22,-13.248205002411762,131.1299846983081,1.5149647,2.313546895980835,5.113131,178.70798,141.80917,24.907715,26.438403320312545,23.216284179687534,0.0,0.0,0.0
23,-13.27776604550012,131.1647980663465,1.5149647,2.313546895980835,5.113131,178.70798,141.80917,24.907715,26.438403320312545,23.216284179687534,0.0,0.0,0.0
24,-13.302752609366626,131.2032124112069,1.5149647,2.313546895980835,5.113131,178.70798,141.80917,24.907715,26.438403320312545,23.216284179687534,0.0,0.0,0.0
25,-13.346683618300808,131.2130704189772,1.5149647,2.313546895980835,5.113131,178.70798,141.80917,24.907715,26.438403320312545,23.216284179687534,0.0,0.0,0.0
26,-13.379105373257442,131.24509506703163,1.6919839,2.573063850402832,5.3446045,179.73051,144.10075,24.451263,26.08544921875,22.685400390625034,0.0,0.0,0.0
27,-13.406055083633465,131.28209799739156,1.6919839,2.573063850402832,5.3446045,179.73051,144.10075,24.451263,26.08544921875,22.685400390625034,0.0,0.0,0.0
28,-13.43931524253738,131.313209147426,1.6919839,2.573063850402832,5.3446045,179.73051,144.10075,24.451263,26.08544921875,22.685400390625034,0.0,0.0,0.0
29,-13.471476690360925,131.3455224571361,1.6919839,2.573063850402832,5.3446045,179.73051,144.10075,24.451263,26.08544921875,22.685400390625034,0.0,0.0,0.0
30,-13.50397768060182,131.37748364187516,1.6773481,2.5124047756195065,5.3660502,175.1251,145.18895,24.28238,26.012548828125034,22.343774414062523,0.0,0.0,0.0
31,-13.53647867084272,131.40944482661422,1.6773481,2.5124047756195065,5.3660502,175.1251,145.18895,24.28238,26.012548828125034,22.343774414062523,0.0,0.0,0.0
32,-13.568979661083617,131.44140601135328,1.6773481,2.5124047756195065,5.3660502,175.1251,145.18895,24.28238,26.012548828125034,22.343774414062523,0.0,0.0,0.0
33,-13.569794981451569,131.48765570092348,1.6773481,2.5124047756195065,5.3660502,175.1251,145.18895,24.28238,26.012548828125034,22.343774414062523,0.0,0.0,0.0
34,-13.599966753209795,131.52195724071453,1.6773481,2.5124047756195065,5.3660502,175.1251,145.18895,24.28238,26.012548828125034,22.343774414062523,0.0,0.0,0.0
35,-13.630182642708409,131.55622128258054,1.8915476,2.8437033414840696,5.1175413,199.76611,146.34172,24.179688,25.95124511718751,22.19208984375001,0.0,0.0,0.0
36,-13.62416320096961,131.6020733236955,1.6773481,2.5124047756195065,5.3660502,175.1251,145.18895,24.28238,26.012548828125034,22.343774414062523,0.0,0.0,0.0
37,-13.63861275487129,131.64588915270605,1.9477079,2.926096248626709,5.1388535,220.90512,143.22148,24.1734,26.052978515625,22.109179687500045,0.0,0.0,0.0
38,-13.66404366869794,131.68405141600198,1.9477079,2.926096248626709,5.1388535,220.90512,143.22148,24.1734,26.052978515625,22.109179687500045,0.0,0.0,0.0
39,-13.707342193583164,131.6965384037508,1.9477079,2.926096248626709,5.1388535,220.90512,143.22148,24.1734,26.052978515625,22.109179687500045,0.0,0.0,0.0
40,-13.738737744627755,131.7296769141236,1.9477079,2.926096248626709,5.1388535,220.90512,143.22148,24.1734,26.052978515625,22.109179687500045,0.0,0.0,0.0
41,-13.762612576110058,131.76890637003672,1.9477079,2.926096248626709,5.1388535,220.90512,143.22148,24.1734,26.052978515625,22.109179687500045,0.0,0.0,0.0
42,-13.794304372008392,131.801751985877,1.9477079,2.926096248626709,5.1388535,220.90512,143.22148,24.1734,26.052978515625,22.109179687500045,0.0,0.0,0.0
43,-13.819793739984824,131.83989904270013,1.9477079,2.926096248626709,5.1388535,220.90512,143.22148,24.1734,26.052978515625,22.109179687500045,0.0,0.0,0.0
44,-13.864698953664943,131.842307950599,1.9477079,2.926096248626709,5.1388535,220.90512,143.22148,24.1734,26.052978515625,22.109179687500045,0.0,0.0,0.0
45,-13.908156435047989,131.8542061124085,2.1308117,3.200972580909729,4.8001347,236.4376,138.18242,24.515167,26.4476318359375,22.354248046875,0.0,0.0,0.0
46,-13.9387557702448,131.88815431580483,2.1821218,3.275499939918518,4.6829853,227.72893,143.65758,24.26178,26.25537109375,21.998437500000023,0.0,0.0,0.0
47,-13.975814453807176,131.9143977007008,2.1821218,3.275499939918518,4.6829853,227.72893,143.65758,24.26178,26.25537109375,21.998437500000023,0.0,0.0,0.0
48,-14.015322895457857,131.93652733475147,2.1821218,3.275499939918518,4.6829853,227.72893,143.65758,24.26178,26.25537109375,21.998437500000023,0.0,0.0,0.0
49,-14.05233664841286,131.96284830734265,2.1821218,3.275499939918518,4.6829853,227.72893,143.65758,24.26178,26.25537109375,21.998437500000023,0.0,0.0,0.0
50,-14.089350401367865,131.98916927993383,2.1821218,3.275499939918518,4.6829853,227.72893,143.65758,24.26178,26.25537109375,21.998437500000023,0.0,0.0,0.0
51,-14.133912180007382,131.9953732102892,2.3596041,3.4493883848190308,4.794239,233.5344,138.89023,24.725159,26.87739257812501,22.0965576171875,0.0,0.0,0.0
52,-14.172011553766728,132.02000502544422,2.3596041,3.4493883848190308,4.794239,233.5344,138.89023,24.725159,26.87739257812501,22.0965576171875,0.0,0.0,0.0
53,-14.213075799037677,132.03890390615652,2.3596041,3.4493883848190308,4.794239,233.5344,138.89023,24.725159,26.87739257812501,22.0965576171875,0.0,0.0,0.0
54,-14.252789082589128,132.06066268537438,2.3596041,3.4493883848190308,4.794239,233.5344,138.89023,24.725159,26.87739257812501,22.0965576171875,0.0,0.0,0.0
55,-14.294246475783885,132.0786316220581,2.3596041,3.4493883848190308,4.794239,233.5344,138.89023,24.725159,26.87739257812501,22.0965576171875,0.0,0.0,0.0
56,-14.325203705678334,132.1122896072538,2.3596041,3.4493883848190308,4.794239,233.5344,138.89023,24.725159,26.87739257812501,22.0965576171875,0.0,0.0,0.0
57,-14.361372073056828,132.139867266734,2.4597747,3.5463895082473753,4.7718177,242.40172,134.41212,23.934753,26.1939697265625,21.231225585937523,0.0,0.0,0.0
58,-14.387394030321005,132.17772456785872,2.4837751,3.58382351398468,4.731334,229.5349,134.95058,24.681427,27.04157714843751,21.8548583984375,0.0,0.0,0.0
59,-14.418557578726396,132.21119252190434,2.4837751,3.58382351398468,4.731334,229.5349,134.95058,24.681427,27.04157714843751,21.8548583984375,0.0,0.0,0.0
60,-14.449952296977193,132.24443383028503,2.4837751,3.58382351398468,4.731334,229.5349,134.95058,24.681427,27.04157714843751,21.8548583984375,0.0,0.0,0.0
61,-14.472839317463272,132.28440647909193,2.4837751,3.58382351398468,4.731334,229.5349,134.95058,24.681427,27.04157714843751,21.8548583984375,0.0,0.0,0.0
62,-14.48647988777626,132.32865985032373,2.4837751,3.58382351398468,4.731334,229.5349,134.95058,24.681427,27.04157714843751,21.8548583984375,0.0,0.0,0.0
63,-14.480912097303552,132.3747442716011,2.4837751,3.58382351398468,4.731334,229.5349,134.95058,24.681427,27.04157714843751,21.8548583984375,0.0,0.0,0.0
64,-14.49922327965952,132.41716282097195,2.4316876,3.5046303272247314,4.5233016,218.48781,135.69353,23.87204,26.378759765625034,20.711572265625023,0.0,0.0,0.0
65,-14.54058180494641,132.4353926861988,2.4316876,3.5046303272247314,4.5233016,218.48781,135.69353,23.87204,26.378759765625034,20.711572265625023,0.0,0.0,0.0
66,-14.567674777535064,132.4724717950733,2.4316876,3.5046303272247314,4.5233016,218.48781,135.69353,23.87204,26.378759765625034,20.711572265625023,0.0,0.0,0.0
67,-14.583537466684076,132.51594702633656,2.4316876,3.5046303272247314,4.5233016,218.48781,135.69353,23.87204,26.378759765625034,20.711572265625023,0.0,0.0,0.0
68,-14.602775636378611,132.55794602962462,2.4316876,3.5046303272247314,4.5233016,218.48781,135.69353,23.87204,26.378759765625034,20.711572265625023,0.0,0.0,0.0
69,-14.625728398168912,132.5979090574769,2.6160214,3.7720218896865845,5.121835,196.01215,134.31522,24.428833,27.033666992187534,21.157861328125023,0.0,0.0,0.0
70,-14.648681159959214,132.63787208532918,2.505213,3.5568859815597533,4.733594,183.80644,133.31622,23.72113,26.710986328125045,20.226977539062545,0.0,0.0,0.0
71,-14.674519229219989,132.67591291270486,2.505213,3.5568859815597533,4.733594,183.80644,133.31622,23.72113,26.710986328125045,20.226977539062545,0.0,0.0,0.0
72,-14.689978316613953,132.71956601118728,2.505213,3.5568859815597533,4.733594,183.80644,133.31622,23.72113,26.710986328125045,20.226977539062545,0.0,0.0,0.0
73,-14.705437404007911,132.7632191096697,2.505213,3.5568859815597533,4.733594,183.80644,133.31622,23.72113,26.710986328125045,20.226977539062545,0.0,0.0,0.0
74,-14.716050177299016,132.80839652709682,2.505213,3.5568859815597533,4.733594,183.80644,133.31622,23.72113,26.710986328125045,20.226977539062545,0.0,0.0,0.0
75,-14.748710830274918,132.8403550436975,2.505213,3.5568859815597533,4.733594,183.80644,133.31622,23.72113,26.710986328125045,20.226977539062545,0.0,0.0,0.0
76,-14.772996981846884,132.87949056957365,2.4263985,3.548108124732971,5.154689,174.15466,131.36996,24.143585,27.131274414062545,20.68708496093751,0.0,0.0,0.0
77,-14.796318450787332,132.91925324410278,2.4263985,3.548108124732971,5.154689,174.15466,131.36996,24.143585,27.131274414062545,20.68708496093751,0.0,0.0,0.0
78,-14.826381102406849,132.9538425171155,2.4263985,3.548108124732971,5.154689,174.15466,131.36996,24.143585,27.131274414062545,20.68708496093751,0.0,0.0,0.0
79,-14.856522111642676,132.98836315914266,2.4263985,3.548108124732971,5.154689,174.15466,131.36996,24.143585,27.131274414062545,20.68708496093751,0.0,0.0,0.0
80,-14.884214928839835,133.02501833241544,2.3909326,3.3874229192733765,4.9029083,139.45392,120.6288,23.798157,26.974096679687534,20.1575927734375,0.0,0.0,0.0
81,-14.916013087521234,133.05791948805708,2.3909326,3.3874229192733765,4.9029083,139.45392,120.6288,23.798157,26.974096679687534,20.1575927734375,0.0,0.0,0.0
82,-14.95749661261335,133.07587792512015,2.3909326,3.3874229192733765,4.9029083,139.45392,120.6288,23.798157,26.974096679687534,20.1575927734375,0.0,0.0,0.0
83,-15.001984508145076,133.08264889751925,2.3909326,3.3874229192733765,4.9029083,139.45392,120.6288,23.798157,26.974096679687534,20.1575927734375,0.0,0.0,0.0
84,-15.046643946652036,133.07722073317365,2.3909326,3.3874229192733765,4.9029083,139.45392,120.6288,23.798157,26.974096679687534,20.1575927734375,0.0,0.0,0.0
85,-15.0915985020242,133.07616638997047,2.3909326,3.3874229192733765,4.9029083,139.45392,120.6288,23.798157,26.974096679687534,20.1575927734375,0.0,0.0,0.0
86,-15.136311547468887,133.0811010107428,2.623014,3.619463062286377,6.1375303,113.54614,107.001724,24.301788,27.302539062500045,20.9427490234375,0.0,0.0,0.0
87,-15.178828836863948,133.09626694320048,2.623014,3.619463062286377,6.1375303,113.54614,107.001724,24.301788,27.302539062500045,20.9427490234375,0.0,0.0,0.0
88,-15.221346126259007,133.11143287565815,2.623014,3.619463062286377,6.1375303,113.54614,107.001724,24.301788,27.302539062500045,20.9427490234375,0.0,0.0,0.0
89,-15.265455939505069,133.120484860052,2.623014,3.619463062286377,6.1375303,113.54614,107.001724,24.301788,27.302539062500045,20.9427490234375,0.0,0.0,0.0
90,-15.304768909801544,133.14311299029737,2.4636962,3.4422078132629395,5.6329293,105.85932,97.99557,24.2771,27.3699951171875,20.826879882812534,0.0,0.0,0.0
91,-15.34769567908348,133.15699780521732,2.4636962,3.4422078132629395,5.6329293,105.85932,97.99557,24.2771,27.3699951171875,20.826879882812534,0.0,0.0,0.0
92,-15.390622448365418,133.17088262013726,2.63312,3.685798239707947,6.3818636,90.518105,85.36608,24.162354,27.29072265625001,20.77119140625001,0.0,0.0,0.0
93,-15.433549217647355,133.1847674350572,2.63312,3.685798239707947,6.3818636,90.518105,85.36608,24.162354,27.29072265625001,20.77119140625001,0.0,0.0,0.0
94,-15.477558744047954,133.19434146593278,2.63312,3.685798239707947,6.3818636,90.518105,85.36608,24.162354,27.29072265625001,20.77119140625001,0.0,0.0,0.0
95,-15.521568270448553,133.20391549680835,2.63312,3.685798239707947,6.3818636,90.518105,85.36608,24.162354,27.29072265625001,20.77119140625001,0.0,0.0,0.0
96,-15.565577796849151,133.21348952768392,2.63312,3.685798239707947,6.3818636,90.518105,85.36608,24.162354,27.29072265625001,20.77119140625001,0.0,0.0,0.0
97,-15.606802658915774,133.2321327431064,2.63312,3.685798239707947,6.3818636,90.518105,85.36608,24.162354,27.29072265625001,20.77119140625001,0.0,0.0,0.0
98,-15.639776520476907,133.26388106146146,2.7364671,3.8672834634780884,6.3768506,81.84344,73.83837,23.96457,27.176806640625045,20.445556640625,0.0,0.0,0.0
99,-15.672750382038044,133.29562937981652,2.7364671,3.8672834634780884,6.3768506,81.84344,73.83837,23.96457,27.176806640625045,20.445556640625,0.0,0.0,0.0
100,-15.706811466959357,133.32612270725826,2.7364671,3.8672834634780884,6.3768506,81.84344,73.83837,23.96457,27.176806640625045,20.445556640625,0.0,0.0,0.0
101,-15.736348023311278,133.36134598306947,2.7364671,3.8672834634780884,6.3768506,81.84344,73.83837,23.96457,27.176806640625045,20.445556640625,0.0,0.0,0.0
102,-15.778860089675767,133.37657098911495,2.6916254,3.7852338790893554,6.2730627,76.15056,62.71633,23.746033,26.92792968750001,20.3695068359375,0.0,0.0,0.0
103,-15.822486513976672,133.38789356590405,2.6916254,3.7852338790893554,6.2730627,76.15056,62.71633,23.746033,26.92792968750001,20.3695068359375,0.0,0.0,0.0
104,-15.86384697519508,133.40623330574672,2.6916254,3.7852338790893554,6.2730627,76.15056,62.71633,23.746033,26.92792968750001,20.3695068359375,0.0,0.0,0.0
105,-15.906157281865202,133.42206280669436,2.8171034,3.98306086063385,6.8028536,75.14889,60.624866,23.592285,26.70478515625001,20.1143798828125,0.0,0.0,0.0
106,-15.949553223728048,133.4343123545558,2.8171034,3.98306086063385,6.8028536,75.14889,60.624866,23.592285,26.70478515625001,20.1143798828125,0.0,0.0,0.0
107,-15.994184177686316,133.42861258693935,2.8171034,3.98306086063385,6.8028536,75.14889,60.624866,23.592285,26.70478515625001,20.1143798828125,0.0,0.0,0.0
108,-16.037327818342305,133.4154285324025,2.8171034,3.98306086063385,6.8028536,75.14889,60.624866,23.592285,26.70478515625001,20.1143798828125,0.0,0.0,0.0
109,-16.079121675135813,133.43269241891258,2.8171034,3.98306086063385,6.8028536,75.14889,60.624866,23.592285,26.70478515625001,20.1143798828125,0.0,0.0,0.0
110,-16.123981371586414,133.42947462988818,2.8171034,3.98306086063385,6.8028536,75.14889,60.624866,23.592285,26.70478515625001,20.1143798828125,0.0,0.0,0.0
111,-16.168878133857383,133.42687592966607,2.9467573,4.299229288101197,6.79769,72.86163,62.342667,23.49826,26.670312500000023,19.855371093750023,0.0,0.0,0.0
112,-16.213774896128353,133.42427722944396,2.9467573,4.299229288101197,6.79769,72.86163,62.342667,23.49826,26.670312500000023,19.855371093750023,0.0,0.0,0.0
113,-16.250828996341983,133.39774428172447,2.9467573,4.299229288101197,6.79769,72.86163,62.342667,23.49826,26.670312500000023,19.855371093750023,0.0,0.0,0.0
114,-16.294870600488625,133.38829320223667,2.9467573,4.299229288101197,6.79769,72.86163,62.342667,23.49826,26.670312500000023,19.855371093750023,0.0,0.0,0.0
115,-16.338912204635267,133.37884212274886,2.9467573,4.299229288101197,6.79769,72.86163,62.342667,23.49826,26.670312500000023,19.855371093750023,0.0,0.0,0.0
116,-16.383878284660604,133.3788369805991,3.071976,4.483800220489502,6.8452315,70.321625,67.34414,23.437866,26.557763671875023,19.755590820312534,0.0,0.0,0.0
117,-16.42884436468594,133.37883183844932,3.071976,4.483800220489502,6.8452315,70.321625,67.34414,23.437866,26.557763671875023,19.755590820312534,0.0,0.0,0.0
118,-16.472593677442553,133.3896652657343,3.071976,4.483800220489502,6.8452315,70.321625,67.34414,23.437866,26.557763671875023,19.755590820312534,0.0,0.0,0.0
119,-16.514748626850864,133.37334178827408,3.066076,4.452803993225097,6.937892,73.06973,69.70095,23.246185,26.523120117187545,19.3919677734375,0.0,0.0,0.0
120,-16.556903576259174,133.35701831081388,3.066076,4.452803993225097,6.937892,73.06973,69.70095,23.246185,26.523120117187545,19.3919677734375,0.0,0.0,0.0
121,-16.601730540606667,133.3607061669741,3.066076,4.452803993225097,6.937892,73.06973,69.70095,23.246185,26.523120117187545,19.3919677734375,0.0,0.0,0.0
122,-16.642246448128855,133.38106203762004,3.166505,4.6505208015441895,6.9295807,71.247955,73.92352,23.34195,26.65771484375,19.50446777343751,0.0,0.0,0.0
123,-16.67766750531308,133.40997731889885,3.166505,4.6505208015441895,6.9295807,71.247955,73.92352,23.34195,26.65771484375,19.50446777343751,0.0,0.0,0.0
124,-16.721697198477738,133.41950930902036,3.166505,4.6505208015441895,6.9295807,71.247955,73.92352,23.34195,26.65771484375,19.50446777343751,0.0,0.0,0.0
125,-16.765726891642394,133.42904129914186,3.166505,4.6505208015441895,6.9295807,71.247955,73.92352,23.34195,26.65771484375,19.50446777343751,0.0,0.0,0.0
126,-16.810665663595152,133.42740418317635,3.166505,4.6505208015441895,6.9295807,71.247955,73.92352,23.34195,26.65771484375,19.50446777343751,0.0,0.0,0.0
127,-16.85560443554791,133.42576706721084,3.166505,4.6505208015441895,6.9295807,71.247955,73.92352,23.34195,26.65771484375,19.50446777343751,0.0,0.0,0.0
128,-16.900543207500668,133.42412995124533,3.265003,4.856495094299317,7.6429086,74.88309,80.03005,23.468536,26.8883056640625,19.526416015625045,0.0,0.0,0.0
129,-16.945448913557495,133.42656487209072,3.265003,4.856495094299317,7.6429086,74.88309,80.03005,23.468536,26.8883056640625,19.526416015625045,0.0,0.0,0.0
130,-16.989830448803637,133.434125339132,3.265003,4.856495094299317,7.6429086,74.88309,80.03005,23.468536,26.8883056640625,19.526416015625045,0.0,0.0,0.0
131,-17.03421198404978,133.4416858061733,3.265003,4.856495094299317,7.6429086,74.88309,80.03005,23.468536,26.8883056640625,19.526416015625045,0.0,0.0,0.0
132,-17.07859351929592,133.44924627321458,3.265003,4.856495094299317,7.6429086,74.88309,80.03005,23.468536,26.8883056640625,19.526416015625045,0.0,0.0,0.0
133,-17.122975054542064,133.45680674025587,3.265003,4.856495094299317,7.6429086,74.88309,80.03005,23.468536,26.8883056640625,19.526416015625045,0.0,0.0,0.0
134,-17.167356589788206,133.46436720729716,3.2978487,4.884943294525146,8.330526,79.44472,85.19684,23.502197,27.048071289062534,19.477221679687545,0.0,0.0,0.0
135,-17.211738125034348,133.47192767433845,3.2978487,4.884943294525146,8.330526,79.44472,85.19684,23.502197,27.048071289062534,19.477221679687545,0.0,0.0,0.0
136,-17.25386729531752,133.45546827747086,3.2978487,4.884943294525146,8.330526,79.44472,85.19684,23.502197,27.048071289062534,19.477221679687545,0.0,0.0,0.0
137,-17.298195058825165,133.44756023214077,3.2978487,4.884943294525146,8.330526,79.44472,85.19684,23.502197,27.048071289062534,19.477221679687545,0.0,0.0,0.0
138,-17.34252282233281,133.43965218681063,3.2978487,4.884943294525146,8.330526,79.44472,85.19684,23.502197,27.048071289062534,19.477221679687545,0.0,0.0,0.0
139,-17.387456491584842,133.44144082335882,3.6749904,5.343887996673584,9.299909,84.457306,89.15959,23.462158,27.116064453125034,19.25556640625001,0.0,0.0,0.0
140,-17.42651314057854,133.46480100456972,3.6749904,5.343887996673584,9.299909,84.457306,89.15959,23.462158,27.116064453125034,19.25556640625001,0.0,0.0,0.0
141,-17.465569789572235,133.48816118578063,3.6749904,5.343887996673584,9.299909,84.457306,89.15959,23.462158,27.116064453125034,19.25556640625001,0.0,0.0,0.0
142,-17.504626438565932,133.51152136699153,3.6749904,5.343887996673584,9.299909,84.457306,89.15959,23.462158,27.116064453125034,19.25556640625001,0.0,0.0,0.0
143,-17.54368308755963,133.53488154820243,3.6749904,5.343887996673584,9.299909,84.457306,89.15959,23.462158,27.116064453125034,19.25556640625001,0.0,0.0,0.0
144,-17.573301902614023,133.57036926257757,3.6749904,5.343887996673584,9.299909,84.457306,89.15959,23.462158,27.116064453125034,19.25556640625001,0.0,0.0,0.0
145,-17.60744218920498,133.6010698552783,3.6749904,5.343887996673584,9.299909,84.457306,89.15959,23.462158,27.116064453125034,19.25556640625001,0.0,0.0,0.0
146,-17.65069908653007,133.61395743890827,3.7922032,5.638365745544434,9.252425,89.80395,91.37664,23.481598,27.1416015625,19.2314453125,0.0,0.0,0.0
147,-17.69395598385516,133.62684502253825,3.7972913,5.709269094467163,9.734094,88.499756,90.86608,23.346405,26.903491210937545,19.241967773437523,0.0,0.0,0.0
148,-17.73769745717177,133.6377875553075,3.7972913,5.709269094467163,9.734094,88.499756,90.86608,23.346405,26.903491210937545,19.241967773437523,0.0,0.0,0.0
149,-17.77751672878017,133.65972294967233,3.7972913,5.709269094467163,9.734094,88.499756,90.86608,23.346405,26.903491210937545,19.241967773437523,0.0,0.0,0.0
150,-17.820266115524213,133.67437023697403,3.7972913,5.709269094467163,9.734094,88.499756,90.86608,23.346405,26.903491210937545,19.241967773437523,0.0,0.0,0.0
151,-17.863015502268254,133.68901752427573,3.7972913,5.709269094467163,9.734094,88.499756,90.86608,23.346405,26.903491210937545,19.241967773437523,0.0,0.0,0.0
152,-17.90437533343863,133.70755909581814,4.0037594,6.077097368240357,9.840557,93.27031,90.26048,23.159393,26.722509765625034,19.022973632812523,0.0,0.0,0.0
153,-17.948898726659376,133.714174768231,4.0037594,6.077097368240357,9.840557,93.27031,90.26048,23.159393,26.722509765625034,19.022973632812523,0.0,0.0,0.0
154,-17.993849464584002,133.71293976113046,4.0037594,6.077097368240357,9.840557,93.27031,90.26048,23.159393,26.722509765625034,19.022973632812523,0.0,0.0,0.0
155,-18.03880020250863,133.7117047540299,4.0037594,6.077097368240357,9.840557,93.27031,90.26048,23.159393,26.722509765625034,19.022973632812523,0.0,0.0,0.0
156,-18.083121798291163,133.71968506334673,4.0037594,6.077097368240357,9.840557,93.27031,90.26048,23.159393,26.722509765625034,19.022973632812523,0.0,0.0,0.0
157,-18.127443394073698,133.72766537266355,4.3437185,6.596693801879883,10.59125,103.85267,94.113235,22.905365,26.569921875000034,18.656713867187534,0.0,0.0,0.0
158,-18.17230557556919,133.72445020098186,4.3437185,6.596693801879883,10.59125,103.85267,94.113235,22.905365,26.569921875000034,18.656713867187534,0.0,0.0,0.0
159,-18.21685378554432,133.73088845296056,4.3437185,6.596693801879883,10.59125,103.85267,94.113235,22.905365,26.569921875000034,18.656713867187534,0.0,0.0,0.0
160,-18.251403404225368,133.76119075930166,4.3437185,6.596693801879883,10.59125,103.85267,94.113235,22.905365,26.569921875000034,18.656713867187534,0.0,0.0,0.0
161,-18.29171150277609,133.78218325685205,4.3437185,6.596693801879883,10.59125,103.85267,94.113235,22.905365,26.569921875000034,18.656713867187534,0.0,0.0,0.0
162,-18.33201960132681,133.80317575440245,4.3437185,6.596693801879883,10.59125,103.85267,94.113235,22.905365,26.569921875000034,18.656713867187534,0.0,0.0,0.0
163,-18.367972780703045,133.83163031519672,4.3437185,6.596693801879883,10.59125,103.85267,94.113235,22.905365,26.569921875000034,18.656713867187534,0.0,0.0,0.0
164,-18.410267576269018,133.84772090597676,4.7218637,7.161360359191894,11.546563,109.95628,94.70138,22.974792,26.750024414062523,18.8406982421875,0.0,0.0,0.0
165,-18.45378572072033,133.85965272533758,4.7218637,7.161360359191894,11.546563,109.95628,94.70138,22.974792,26.750024414062523,18.8406982421875,0.0,0.0,0.0
166,-18.496966885724465,133.8728782418119,4.7218637,7.161360359191894,11.546563,109.95628,94.70138,22.974792,26.750024414062523,18.8406982421875,0.0,0.0,0.0
167,-18.536624406314434,133.8952344157854,4.1843276,6.590525913238525,10.833408,122.93564,104.02058,22.448334,26.165942382812545,18.094384765625023,0.0,0.0,0.0
168,-18.576281926904404,133.91759058975893,4.1843276,6.590525913238525,10.833408,122.93564,104.02058,22.448334,26.165942382812545,18.094384765625023,0.0,0.0,0.0
169,-18.616730423390383,133.93832450717895,4.1843276,6.590525913238525,10.833408,122.93564,104.02058,22.448334,26.165942382812545,18.094384765625023,0.0,0.0,0.0
170,-18.65717891987636,133.95905842459896,4.4072957,6.8656917095184316,11.006685,122.9465,101.010376,22.290558,26.091845703125045,18.0162353515625,0.0,0.0,0.0
171,-18.69762741636234,133.97979234201898,4.4072957,6.8656917095184316,11.006685,122.9465,101.010376,22.290558,26.091845703125045,18.0162353515625,0.0,0.0,0.0
172,-18.73807591284832,134.000526259439,4.4072957,6.8656917095184316,11.006685,122.9465,101.010376,22.290558,26.091845703125045,18.0162353515625,0.0,0.0,0.0
173,-18.77630073476823,134.02553685707355,4.4072957,6.8656917095184316,11.006685,122.9465,101.010376,22.290558,26.091845703125045,18.0162353515625,0.0,0.0,0.0
174,-18.816893220531966,134.0459748591233,4.4072957,6.8656917095184316,11.006685,122.9465,101.010376,22.290558,26.091845703125045,18.0162353515625,0.0,0.0,0.0
175,-18.8574857062957,134.06641286117306,4.4072957,6.8656917095184316,11.006685,122.9465,101.010376,22.290558,26.091845703125045,18.0162353515625,0.0,0.0,0.0
176,-18.89723935463484,134.0886228238923,4.911515,7.496217536926268,11.869364,123.791115,97.9172,22.592285,26.495898437500045,18.3974609375,0.0,0.0,0.0
177,-18.931906021884654,134.11889691075075,4.911515,7.496217536926268,11.869364,123.791115,97.9172,22.592285,26.495898437500045,18.3974609375,0.0,0.0,0.0
178,-18.972468286581783,134.13941815855688,4.5928264,7.055518627166747,11.341496,135.88316,105.18332,22.51532,26.383764648437534,18.164721679687545,0.0,0.0,0.0
179,-19.01739367942765,134.13739541474035,4.5928264,7.055518627166747,11.341496,135.88316,105.18332,22.51532,26.383764648437534,18.164721679687545,0.0,0.0,0.0
180,-19.057888578393573,134.15807673172984,4.5928264,7.055518627166747,11.341496,135.88316,105.18332,22.51532,26.383764648437534,18.164721679687545,0.0,0.0,0.0
181,-19.098383477359494,134.17875804871932,4.5928264,7.055518627166747,11.341496,135.88316,105.18332,22.51532,26.383764648437534,18.164721679687545,0.0,0.0,0.0
182,-19.14181054312388,134.1664132318463,4.904246,7.441008806228638,12.006026,137.10326,101.6687,22.741669,26.7220458984375,18.418505859375045,0.0,0.0,0.0
183,-19.18676556312973,134.1674691521162,4.904246,7.441008806228638,12.006026,137.10326,101.6687,22.741669,26.7220458984375,18.418505859375045,0.0,0.0,0.0
184,-19.231098730449617,134.17543091215947,4.904246,7.441008806228638,12.006026,137.10326,101.6687,22.741669,26.7220458984375,18.418505859375045,0.0,0.0,0.0
185,-19.275456322903047,134.18324068734026,4.904246,7.441008806228638,12.006026,137.10326,101.6687,22.741669,26.7220458984375,18.418505859375045,0.0,0.0,0.0
186,-19.320137236773157,134.1885984283285,4.904246,7.441008806228638,12.006026,137.10326,101.6687,22.741669,26.7220458984375,18.418505859375045,0.0,0.0,0.0
187,-19.36461753478508,134.19558494532438,4.904246,7.441008806228638,12.006026,137.10326,101.6687,22.741669,26.7220458984375,18.418505859375045,0.0,0.0,0.0
188,-19.40904808315833,134.20292064995974,5.031957,7.478468704223633,11.981291,128.14836,92.81774,22.494232,26.726367187500045,18.0032958984375,0.0,0.0,0.0
189,-19.453463344896857,134.21036171973157,5.031957,7.478468704223633,11.981291,128.14836,92.81774,22.494232,26.726367187500045,18.0032958984375,0.0,0.0,0.0
190,-19.49795032255504,134.2173063109928,5.031957,7.478468704223633,11.981291,128.14836,92.81774,22.494232,26.726367187500045,18.0032958984375,0.0,0.0,0.0
191,-19.54241249949425,134.2244290109922,5.031957,7.478468704223633,11.981291,128.14836,92.81774,22.494232,26.726367187500045,18.0032958984375,0.0,0.0,0.0
192,-19.58192455895782,134.2016486963154,5.031957,7.478468704223633,11.981291,128.14836,92.81774,22.494232,26.726367187500045,18.0032958984375,0.0,0.0,0.0
193,-19.62620631683277,134.19335250325852,5.147141,7.69939284324646,12.020994,122.27367,83.34664,22.407806,26.631372070312523,17.863623046875034,0.0,0.0,0.0
194,-19.66991885899332,134.1821566828287,5.147141,7.69939284324646,12.020994,122.27367,83.34664,22.407806,26.631372070312523,17.863623046875034,0.0,0.0,0.0
195,-19.71484259578592,134.1842289345967,5.147141,7.69939284324646,12.020994,122.27367,83.34664,22.407806,26.631372070312523,17.863623046875034,0.0,0.0,0.0
196,-19.75904336829375,134.1930056804902,5.147141,7.69939284324646,12.020994,122.27367,83.34664,22.407806,26.631372070312523,17.863623046875034,0.0,0.0,0.0
197,-19.803789799362026,134.19772625451887,5.147141,7.69939284324646,12.020994,122.27367,83.34664,22.407806,26.631372070312523,17.863623046875034,0.0,0.0,0.0
198,-19.8485362304303,134.20244682854755,5.147141,7.69939284324646,12.020994,122.27367,83.34664,22.407806,26.631372070312523,17.863623046875034,0.0,0.0,0.0
199,-19.893282661498574,134.20716740257623,5.2224035,7.650423336029053,11.430758,119.73528,77.93139,22.097412,26.294042968750034,17.512109375000023,0.0,0.0,0.0
200,-19.93802909256685,134.2118879766049,5.2224035,7.650423336029053,11.430758,119.73528,77.93139,22.097412,26.294042968750034,17.512109375000023,0.0,0.0,0.0
201,-19.98277552363513,134.2166085506336,5.2224035,7.650423336029053,11.430758,119.73528,77.93139,22.097412,26.294042968750034,17.512109375000023,0.0,0.0,0.0
202,-20.027615705271856,134.2130300343896,5.2224035,7.650423336029053,11.430758,119.73528,77.93139,22.097412,26.294042968750034,17.512109375000023,0.0,0.0,0.0
203,-20.07256295512474,134.2116448044783,5.2224035,7.650423336029053,11.430758,119.73528,77.93139,22.097412,26.294042968750034,17.512109375000023,0.0,0.0,0.0
204,-20.116516238414786,134.22175029685118,5.2224035,7.650423336029053,11.430758,119.73528,77.93139,22.097412,26.294042968750034,17.512109375000023,0.0,0.0,0.0
205,-20.16148221603649,134.22185267233908,5.2347665,7.574838924407959,11.657432,116.64478,71.92986,21.863037,26.187475585937534,17.085253906250045,0.0,0.0,0.0
206,-20.20644819365819,134.22195504782698,5.2347665,7.574838924407959,11.657432,116.64478,71.92986,21.863037,26.187475585937534,17.085253906250045,0.0,0.0,0.0
207,-20.251245774387534,134.22610060533586,5.2347665,7.574838924407959,11.657432,116.64478,71.92986,21.863037,26.187475585937534,17.085253906250045,0.0,0.0,0.0
208,-20.29604335511689,134.23024616284474,5.2347665,7.574838924407959,11.657432,116.64478,71.92986,21.863037,26.187475585937534,17.085253906250045,0.0,0.0,0.0
209,-20.34070176239278,134.235848349718,5.2347665,7.574838924407959,11.657432,116.64478,71.92986,21.863037,26.187475585937534,17.085253906250045,0.0,0.0,0.0
210,-20.385360169668672,134.24145053659126,5.2631927,7.532603073120117,11.615508,114.557785,68.125175,21.493744,25.870166015625045,16.53076171875,0.0,0.0,0.0
211,-20.430018576944565,134.24705272346452,5.2631927,7.532603073120117,11.615508,114.557785,68.125175,21.493744,25.870166015625045,16.53076171875,0.0,0.0,0.0
212,-20.47467698422046,134.25265491033778,5.2631927,7.532603073120117,11.615508,114.557785,68.125175,21.493744,25.870166015625045,16.53076171875,0.0,0.0,0.0
213,-20.517364796437093,134.2677426215827,5.2631927,7.532603073120117,11.615508,114.557785,68.125175,21.493744,25.870166015625045,16.53076171875,0.0,0.0,0.0
214,-20.56135548050977,134.25779524037023,5.2631927,7.532603073120117,11.615508,114.557785,68.125175,21.493744,25.870166015625045,16.53076171875,0.0,0.0,0.0
215,-20.60039434248303,134.2339591529798,5.2631927,7.532603073120117,11.615508,114.557785,68.125175,21.493744,25.870166015625045,16.53076171875,0.0,0.0,0.0
216,-20.64420376438541,134.22313157155335,5.128283,7.473226690292358,11.700053,120.58498,69.533516,21.053497,25.7022705078125,15.995361328125,0.0,0.0,0.0
217,-20.68839484305301,134.23201765367511,5.128283,7.473226690292358,11.700053,120.58498,69.533516,21.053497,25.7022705078125,15.995361328125,0.0,0.0,0.0
218,-20.732585921720613,134.24090373579688,5.128283,7.473226690292358,11.700053,120.58498,69.533516,21.053497,25.7022705078125,15.995361328125,0.0,0.0,0.0
219,-20.777520876522413,134.23911476840837,5.128283,7.473226690292358,11.700053,120.58498,69.533516,21.053497,25.7022705078125,15.995361328125,0.0,0.0,0.0
220,-20.8224812142111,134.23834597150037,5.128283,7.473226690292358,11.700053,120.58498,69.533516,21.053497,25.7022705078125,15.995361328125,0.0,0.0,0.0
221,-20.8673537567304,134.23524366416584,5.128283,7.473226690292358,11.700053,120.58498,69.533516,21.053497,25.7022705078125,15.995361328125,0.0,0.0,0.0
222,-20.91075158758494,134.22263648057853,4.9607463,7.422080087661743,11.491811,131.36696,71.329185,20.552185,25.297143554687523,15.455371093750045,0.0,0.0,0.0
223,-20.95414941843948,134.21002929699122,4.9607463,7.422080087661743,11.491811,131.36696,71.329185,20.552185,25.297143554687523,15.455371093750045,0.0,0.0,0.0
224,-20.997547249294023,134.19742211340392,4.9607463,7.422080087661743,11.491811,131.36696,71.329185,20.552185,25.297143554687523,15.455371093750045,0.0,0.0,0.0
225,-21.040945080148564,134.1848149298166,4.9607463,7.422080087661743,11.491811,131.36696,71.329185,20.552185,25.297143554687523,15.455371093750045,0.0,0.0,0.0
226,-21.084403080614614,134.17243490172038,4.9607463,7.422080087661743,11.491811,131.36696,71.329185,20.552185,25.297143554687523,15.455371093750045,0.0,0.0,0.0
227,-21.127861081080663,134.16005487362415,4.4459066,6.601350927352906,10.103259,142.55902,71.65829,19.80896,24.579882812500045,14.813183593750011,0.0,0.0,0.0
228,-21.171319081546716,134.14767484552792,4.4459066,6.601350927352906,10.103259,142.55902,71.65829,19.80896,24.579882812500045,14.813183593750011,0.0,0.0,0.0
229,-21.214777082012763,134.13529481743169,4.4459066,6.601350927352906,10.103259,142.55902,71.65829,19.80896,24.579882812500045,14.813183593750011,0.0,0.0,0.0
230,-21.25219603831849,134.10854072806185,4.1154804,6.1093803405761715,8.866864,135.514,68.79843,19.452759,24.21027832031251,14.66796875,0.0,0.0,0.0
231,-21.28418478310697,134.07461853860082,4.1154804,6.1093803405761715,8.866864,135.514,68.79843,19.452759,24.21027832031251,14.66796875,0.0,0.0,0.0
232,-21.31617352789544,134.0406963491398,4.1154804,6.1093803405761715,8.866864,135.514,68.79843,19.452759,24.21027832031251,14.66796875,0.0,0.0,0.0
233,-21.348162272683915,134.0067741596788,4.1154804,6.1093803405761715,8.866864,135.514,68.79843,19.452759,24.21027832031251,14.66796875,0.0,0.0,0.0
234,-21.381565980938657,133.97444682702184,3.7486863,5.4902839183807375,8.15629,132.7153,69.5484,18.661743,23.43701171875,13.742138671875011,0.0,0.0,0.0
235,-21.4149696891934,133.94211949436487,3.7486863,5.4902839183807375,8.15629,132.7153,69.5484,18.661743,23.43701171875,13.742138671875011,0.0,0.0,0.0
236,-21.45721796147266,133.92557590508494,3.7486863,5.4902839183807375,8.15629,132.7153,69.5484,18.661743,23.43701171875,13.742138671875011,0.0,0.0,0.0
237,-21.499466233751924,133.909032315805,3.7486863,5.4902839183807375,8.15629,132.7153,69.5484,18.661743,23.43701171875,13.742138671875011,0.0,0.0,0.0
238,-21.53663351721422,133.88182694786752,3.7486863,5.4902839183807375,8.15629,132.7153,69.5484,18.661743,23.43701171875,13.742138671875011,0.0,0.0,0.0
239,-21.555298047322825,133.83784333972383,3.7013402,5.436471700668335,8.144479,128.96384,67.863365,19.012543,23.673852539062523,14.1199951171875,0.0,0.0,0.0
240,-21.57798462014632,133.79609455287084,3.7013402,5.436471700668335,8.144479,128.96384,67.863365,19.012543,23.673852539062523,14.1199951171875,0.0,0.0,0.0
241,-21.60631242418264,133.75853623571683,3.7013402,5.436471700668335,8.144479,128.96384,67.863365,19.012543,23.673852539062523,14.1199951171875,0.0,0.0,0.0
242,-21.649116964542177,133.74371846056286,3.6587553,5.363172626495361,8.179885,129.27899,69.222244,18.351715,22.99177246093751,13.392797851562534,0.0,0.0,0.0
243,-21.69310091865865,133.75377694234763,3.6587553,5.363172626495361,8.179885,129.27899,69.222244,18.351715,22.99177246093751,13.392797851562534,0.0,0.0,0.0
244,-21.7313791957108,133.72837943968938,3.6587553,5.363172626495361,8.179885,129.27899,69.222244,18.351715,22.99177246093751,13.392797851562534,0.0,0.0,0.0
245,-21.757638776332545,133.68908093890403,3.6587553,5.363172626495361,8.179885,129.27899,69.222244,18.351715,22.99177246093751,13.392797851562534,0.0,0.0,0.0
246,-21.799903131943022,133.67254784096818,3.6587553,5.363172626495361,8.179885,129.27899,69.222244,18.351715,22.99177246093751,13.392797851562534,0.0,0.0,0.0
247,-21.834721360827988,133.64189317222423,3.6587553,5.363172626495361,8.179885,129.27899,69.222244,18.351715,22.99177246093751,13.392797851562534,0.0,0.0,0.0
248,-21.869539589712957,133.61123850348028,3.5412197,5.250925016403198,8.185935,134.16432,70.179535,18.440155,23.02119140625001,13.713891601562523,0.0,0.0,0.0
249,-21.899733092771147,133.57532558320622,3.439936,5.177682209014892,8.06915,136.52017,72.14654,18.113708,22.779321289062523,13.410498046875034,0.0,0.0,0.0
250,-21.92992659582934,133.53941266293216,3.439936,5.177682209014892,8.06915,136.52017,72.14654,18.113708,22.779321289062523,13.410498046875034,0.0,0.0,0.0
251,-21.960593124204596,133.5039541997725,3.439936,5.177682209014892,8.06915,136.52017,72.14654,18.113708,22.779321289062523,13.410498046875034,0.0,0.0,0.0
252,-21.995368187113357,133.47321122946968,3.439936,5.177682209014892,8.06915,136.52017,72.14654,18.113708,22.779321289062523,13.410498046875034,0.0,0.0,0.0
253,-22.037200935682325,133.455420447014,3.439936,5.177682209014892,8.06915,136.52017,72.14654,18.113708,22.779321289062523,13.410498046875034,0.0,0.0,0.0
254,-22.07915017088748,133.43794590075132,3.439936,5.177682209014892,8.06915,136.52017,72.14654,18.113708,22.779321289062523,13.410498046875034,0.0,0.0,0.0
255,-22.12109940609263,133.42047135448863,3.439936,5.177682209014892,8.06915,136.52017,72.14654,18.113708,22.779321289062523,13.410498046875034,0.0,0.0,0.0
256,-22.164945084371272,133.43124157724006,3.4625611,5.095117712020874,8.020048,136.45004,73.99629,17.488678,22.38923339843751,12.525805664062545,0.0,0.0,0.0
257,-22.209751314613342,133.42714946739386,3.4625611,5.095117712020874,8.020048,136.45004,73.99629,17.488678,22.38923339843751,12.525805664062545,0.0,0.0,0.0
258,-22.25455754485541,133.42305735754766,3.4625611,5.095117712020874,8.020048,136.45004,73.99629,17.488678,22.38923339843751,12.525805664062545,0.0,0.0,0.0
259,-22.29698681087108,133.40695397515182,3.4625611,5.095117712020874,8.020048,136.45004,73.99629,17.488678,22.38923339843751,12.525805664062545,0.0,0.0,0.0
260,-22.339416076886742,133.39085059275598,3.4625611,5.095117712020874,8.020048,136.45004,73.99629,17.488678,22.38923339843751,12.525805664062545,0.0,0.0,0.0
261,-22.38184534290241,133.37474721036014,4.0894303,5.857021141052246,9.209924,128.4971,79.29054,17.572021,22.360278320312545,12.441552734375023,0.0,0.0,0.0
262,-22.42427460891808,133.3586438279643,4.0894303,5.857021141052246,9.209924,128.4971,79.29054,17.572021,22.360278320312545,12.441552734375023,0.0,0.0,0.0
263,-22.466703874933746,133.34254044556846,4.0894303,5.857021141052246,9.209924,128.4971,79.29054,17.572021,22.360278320312545,12.441552734375023,0.0,0.0,0.0
264,-22.50913314094941,133.32643706317262,4.0894303,5.857021141052246,9.209924,128.4971,79.29054,17.572021,22.360278320312545,12.441552734375023,0.0,0.0,0.0
265,-22.55351782259138,133.33424284628606,4.0894303,5.857021141052246,9.209924,128.4971,79.29054,17.572021,22.360278320312545,12.441552734375023,0.0,0.0,0.0
266,-22.59790250423335,133.3420486293995,4.0894303,5.857021141052246,9.209924,128.4971,79.29054,17.572021,22.360278320312545,12.441552734375023,0.0,0.0,0.0
267,-22.64228718587532,133.34985441251294,4.5092077,6.331511783599853,9.978978,120.069786,76.71934,17.687347,22.383276367187534,12.546093750000011,0.0,0.0,0.0
268,-22.684002889819997,133.3680529399572,4.5092077,6.331511783599853,9.978978,120.069786,76.71934,17.687347,22.383276367187534,12.546093750000011,0.0,0.0,0.0
269,-22.725718593764668,133.38625146740148,3.802591,5.4892185688018795,8.639223,123.02704,72.46946,17.192047,21.88044433593751,12.075048828125034,0.0,0.0,0.0
270,-22.767434297709343,133.40444999484575,3.802591,5.4892185688018795,8.639223,123.02704,72.46946,17.192047,21.88044433593751,12.075048828125034,0.0,0.0,0.0
271,-22.809150001654015,133.42264852229002,3.802591,5.4892185688018795,8.639223,123.02704,72.46946,17.192047,21.88044433593751,12.075048828125034,0.0,0.0,0.0
272,-22.84463450994369,133.4526554031858,3.802591,5.4892185688018795,8.639223,123.02704,72.46946,17.192047,21.88044433593751,12.075048828125034,0.0,0.0,0.0
273,-22.88011901823336,133.48266228408156,3.9355357,5.820996189117432,9.097924,118.06396,70.446556,17.262085,21.894580078125045,12.140673828125045,0.0,0.0,0.0
274,-22.91560352652303,133.51266916497732,3.9355357,5.820996189117432,9.097924,118.06396,70.446556,17.262085,21.894580078125045,12.140673828125045,0.0,0.0,0.0
275,-22.9510880348127,133.5426760458731,3.9355357,5.820996189117432,9.097924,118.06396,70.446556,17.262085,21.894580078125045,12.140673828125045,0.0,0.0,0.0
276,-22.98657254310237,133.57268292676886,3.9355357,5.820996189117432,9.097924,118.06396,70.446556,17.262085,21.894580078125045,12.140673828125045,0.0,0.0,0.0
277,-23.02205705139204,133.60268980766463,3.9355357,5.820996189117432,9.097924,118.06396,70.446556,17.262085,21.894580078125045,12.140673828125045,0.0,0.0,0.0
278,-23.05754155968171,133.6326966885604,4.231907,6.240119981765747,9.966694,122.516205,68.60185,17.447327,22.020190429687545,12.339892578125045,0.0,0.0,0.0
279,-23.09302606797138,133.66270356945617,4.231907,6.240119981765747,9.966694,122.516205,68.60185,17.447327,22.020190429687545,12.339892578125045,0.0,0.0,0.0
280,-23.12851057626105,133.69271045035194,4.887183,7.044616794586181,10.465629,118.46323,72.42021,17.277588,22.17431640625,11.748364257812511,0.0,0.0,0.0
281,-23.16399508455072,133.7227173312477,4.887183,7.044616794586181,10.465629,118.46323,72.42021,17.277588,22.17431640625,11.748364257812511,0.0,0.0,0.0
282,-23.19947959284039,133.75272421214348,4.887183,7.044616794586181,10.465629,118.46323,72.42021,17.277588,22.17431640625,11.748364257812511,0.0,0.0,0.0
283,-23.242519896373736,133.76690939116654,4.887183,7.044616794586181,10.465629,118.46323,72.42021,17.277588,22.17431640625,11.748364257812511,0.0,0.0,0.0
284,-23.28556019990708,133.7810945701896,4.887183,7.044616794586181,10.465629,118.46323,72.42021,17.277588,22.17431640625,11.748364257812511,0.0,0.0,0.0
285,-23.328600503440427,133.79527974921265,4.887183,7.044616794586181,10.465629,118.46323,72.42021,17.277588,22.17431640625,11.748364257812511,0.0,0.0,0.0
286,-23.37164080697377,133.8094649282357,4.887183,7.044616794586181,10.465629,118.46323,72.42021,17.277588,22.17431640625,11.748364257812511,0.0,0.0,0.0
287,-23.41468111050712,133.82365010725877,4.854317,6.959686136245727,10.752253,121.84865,82.75754,16.894379,22.264672851562523,11.198559570312511,0.0,0.0,0.0
288,-23.457721414040464,133.83783528628183,4.854317,6.959686136245727,10.752253,121.84865,82.75754,16.894379,22.264672851562523,11.198559570312511,0.0,0.0,0.0
289,-23.50076171757381,133.8520204653049,4.854317,6.959686136245727,10.752253,121.84865,82.75754,16.894379,22.264672851562523,11.198559570312511,0.0,0.0,0.0
290,-23.543802021107155,133.86620564432795,4.854317,6.959686136245727,10.752253,121.84865,82.75754,16.894379,22.264672851562523,11.198559570312511,0.0,0.0,0.0
291,-23.5868423246405,133.880390823351,4.393369,6.267067861557006,10.03738,122.19114,85.974464,16.501678,22.078149414062523,10.606298828125034,0.0,0.0,0.0
292,-23.630585408186636,133.8690220176701,4.006232,5.634839439392089,9.211212,132.47734,93.94041,16.507996,22.14338378906251,10.537524414062545,0.0,0.0,0.0
293,-23.675398641001088,133.87306653070485,4.006232,5.634839439392089,9.211212,132.47734,93.94041,16.507996,22.14338378906251,10.537524414062545,0.0,0.0,0.0
294,-23.72025032096453,133.86956541839913,4.006232,5.634839439392089,9.211212,132.47734,93.94041,16.507996,22.14338378906251,10.537524414062545,0.0,0.0,0.0
295,-23.7649359776618,133.8750437998116,3.8157704,5.465503978729248,8.987985,128.32635,92.96035,16.568756,22.56574707031251,10.355224609375,0.0,0.0,0.0
296,-23.80693518835459,133.8574885711556,4.006232,5.634839439392089,9.211212,132.47734,93.94041,16.507996,22.14338378906251,10.537524414062545,0.0,0.0,0.0
297,-23.840230689541908,133.82442866026017,4.006232,5.634839439392089,9.211212,132.47734,93.94041,16.507996,22.14338378906251,10.537524414062545,0.0,0.0,0.0
298,-23.873526190729223,133.79136874936475,4.006232,5.634839439392089,9.211212,132.47734,93.94041,16.507996,22.14338378906251,10.537524414062545,0.0,0.0,0.0
299,-23.906821691916544,133.75830883846933,3.7946982,5.480787563323974,8.503244,127.08737,92.098175,16.980225,22.710302734375034,11.047509765625023,0.0,0.0,0.0
300,-23.940117193103863,133.72524892757392,3.7946982,5.480787563323974,8.503244,127.08737,92.098175,16.980225,22.710302734375034,11.047509765625023,0.0,0.0,0.0
301,-23.97341269429118,133.6921890166785,3.7946982,5.480787563323974,8.503244,127.08737,92.098175,16.980225,22.710302734375034,11.047509765625023,0.0,0.0,0.0
302,-24.0067081954785,133.65912910578308,3.7946982,5.480787563323974,8.503244,127.08737,92.098175,16.980225,22.710302734375034,11.047509765625023,0.0,0.0,0.0
303,-24.04037928552309,133.62649436814726,3.7946982,5.480787563323974,8.503244,127.08737,92.098175,16.980225,22.710302734375034,11.047509765625023,0.0,0.0,0.0
304,-24.074050375567683,133.59385963051145,4.119681,5.621013069152832,8.5119,121.49792,92.62608,16.833984,22.3966064453125,10.982666015625,0.0,0.0,0.0
305,-24.106099644544265,133.5593047225339,4.119681,5.621013069152832,8.5119,121.49792,92.62608,16.833984,22.3966064453125,10.982666015625,0.0,0.0,0.0
306,-24.138148913520848,133.52474981455637,3.7511113,5.3026214122772215,8.723179,113.48902,85.25642,16.926483,22.580541992187534,10.83837890625,0.0,0.0,0.0
307,-24.17592516452047,133.49801287170044,3.7511113,5.3026214122772215,8.723179,113.48902,85.25642,16.926483,22.580541992187534,10.83837890625,0.0,0.0,0.0
308,-24.21370141552009,133.4712759288445,3.7511113,5.3026214122772215,8.723179,113.48902,85.25642,16.926483,22.580541992187534,10.83837890625,0.0,0.0,0.0
309,-24.250495736726293,133.4429274458146,3.7511113,5.3026214122772215,8.723179,113.48902,85.25642,16.926483,22.580541992187534,10.83837890625,0.0,0.0,0.0
310,-24.29391314368752,133.4300928465627,3.7511113,5.3026214122772215,8.723179,113.48902,85.25642,16.926483,22.580541992187534,10.83837890625,0.0,0.0,0.0
311,-24.32834700814025,133.46182672800424,3.7511113,5.3026214122772215,8.723179,113.48902,85.25642,16.926483,22.580541992187534,10.83837890625,0.0,0.0,0.0
312,-24.362451567416088,133.42965816392783,3.7511113,5.3026214122772215,8.723179,113.48902,85.25642,16.926483,22.580541992187534,10.83837890625,0.0,0.0,0.0
313,-24.396700858902957,133.39766382123693,3.6404595,5.217526769638061,11.331126,113.43555,81.56721,17.054901,22.801489257812534,10.853051757812523,0.0,0.0,0.0
314,-24.43095015038982,133.365669478546,3.6801307,5.361571216583251,11.712629,113.93248,81.63982,17.047089,22.801123046875034,10.897656250000011,0.0,0.0,0.0
315,-24.455775271650975,133.32448054691574,3.6801307,5.361571216583251,11.712629,113.93248,81.63982,17.047089,22.801123046875034,10.897656250000011,0.0,0.0,0.0
316,-24.480600392912137,133.28329161528546,3.6801307,5.361571216583251,11.712629,113.93248,81.63982,17.047089,22.801123046875034,10.897656250000011,0.0,0.0,0.0
317,-24.51737936607041,133.25485943210134,3.6801307,5.361571216583251,11.712629,113.93248,81.63982,17.047089,22.801123046875034,10.897656250000011,0.0,0.0,0.0
318,-24.559684320593725,133.23810374096132,3.6801307,5.361571216583251,11.712629,113.93248,81.63982,17.047089,22.801123046875034,10.897656250000011,0.0,0.0,0.0
319,-24.601989275117035,133.2213480498213,3.6801307,5.361571216583251,11.712629,113.93248,81.63982,17.047089,22.801123046875034,10.897656250000011,0.0,0.0,0.0
320,-24.645398279349564,133.20843889903765,4.027903,5.772342491149902,12.391021,116.23085,76.943306,17.219147,22.937475585937534,11.246606445312523,0.0,0.0,0.0
321,-24.688807283582094,133.195529748254,4.027903,5.772342491149902,12.391021,116.23085,76.943306,17.219147,22.937475585937534,11.246606445312523,0.0,0.0,0.0
322,-24.732216287814623,133.18262059747033,4.027903,5.772342491149902,12.391021,116.23085,76.943306,17.219147,22.937475585937534,11.246606445312523,0.0,0.0,0.0
323,-24.77714862993513,133.18070251177986,4.027903,5.772342491149902,12.391021,116.23085,76.943306,17.219147,22.937475585937534,11.246606445312523,0.0,0.0,0.0
324,-24.82195253776417,133.18490930764185,4.027903,5.772342491149902,12.391021,116.23085,76.943306,17.219147,22.937475585937534,11.246606445312523,0.0,0.0,0.0
325,-24.86675644559321,133.18911610350384,4.027903,5.772342491149902,12.391021,116.23085,76.943306,17.219147,22.937475585937534,11.246606445312523,0.0,0.0,0.0
326,-24.91156035342225,133.19332289936582,4.4469886,6.278638696670532,11.792176,117.142204,73.01177,17.262817,22.797021484375023,11.526171875000045,0.0,0.0,0.0
327,-24.956364261251288,133.1975296952278,4.4469886,6.278638696670532,11.792176,117.142204,73.01177,17.262817,22.797021484375023,11.526171875000045,0.0,0.0,0.0
328,-25.001168169080326,133.2017364910898,4.4469886,6.278638696670532,11.792176,117.142204,73.01177,17.262817,22.797021484375023,11.526171875000045,0.0,0.0,0.0
329,-25.046113588457693,133.20023147458002,4.4469886,6.278638696670532,11.792176,117.142204,73.01177,17.262817,22.797021484375023,11.526171875000045,0.0,0.0,0.0
330,-25.09105900783506,133.19872645807024,4.4469886,6.278638696670532,11.792176,117.142204,73.01177,17.262817,22.797021484375023,11.526171875000045,0.0,0.0,0.0
331,-25.136004427212427,133.19722144156046,4.648435,6.702173042297363,12.344434,119.25655,71.01408,17.042816,22.734399414062523,11.374707031250011,0.0,0.0,0.0
332,-25.180949846589797,133.19571642505068,4.648435,6.702173042297363,12.344434,119.25655,71.01408,17.042816,22.734399414062523,11.374707031250011,0.0,0.0,0.0
333,-25.225565446802648,133.2019108237643,4.648435,6.702173042297363,12.344434,119.25655,71.01408,17.042816,22.734399414062523,11.374707031250011,0.0,0.0,0.0
334,-25.2701810470155,133.20810522247794,4.648435,6.702173042297363,12.344434,119.25655,71.01408,17.042816,22.734399414062523,11.374707031250011,0.0,0.0,0.0
335,-25.31469704050635,133.2010838393826,4.648435,6.702173042297363,12.344434,119.25655,71.01408,17.042816,22.734399414062523,11.374707031250011,0.0,0.0,0.0
336,-25.3592130339972,133.19406245628724,4.648435,6.702173042297363,12.344434,119.25655,71.01408,17.042816,22.734399414062523,11.374707031250011,0.0,0.0,0.0
337,-25.40337920706961,133.20341269045448,4.8848057,7.150250053405761,13.774859,119.08525,65.95169,16.796112,22.56794433593751,11.144824218750045,0.0,0.0,0.0
338,-25.44754538014202,133.21276292462173,4.8848057,7.150250053405761,13.774859,119.08525,65.95169,16.796112,22.56794433593751,11.144824218750045,0.0,0.0,0.0
339,-25.491711553214436,133.22211315878897,4.8848057,7.150250053405761,13.774859,119.08525,65.95169,16.796112,22.56794433593751,11.144824218750045,0.0,0.0,0.0
340,-25.536379168846924,133.2163798699682,4.8848057,7.150250053405761,13.774859,119.08525,65.95169,16.796112,22.56794433593751,11.144824218750045,0.0,0.0,0.0
341,-25.581046784479412,133.21064658114742,4.8848057,7.150250053405761,13.774859,119.08525,65.95169,16.796112,22.56794433593751,11.144824218750045,0.0,0.0,0.0
342,-25.632240651069274,133.2136917114258,5.0519505,7.241619348526001,14.285623,121.12411,69.8228,16.424622,22.187963867187534,10.838671875000045,0.0,0.0,0.0
343,-25.675567839158344,133.23635101318362,5.0519505,7.241619348526001,14.285623,121.12411,69.8228,16.424622,22.187963867187534,10.838671875000045,0.0,0.0,0.0
344,-25.71114625131733,133.26072692871097,5.0519505,7.241619348526001,14.285623,121.12411,69.8228,16.424622,22.187963867187534,10.838671875000045,0.0,0.0,0.0
345,-25.74824573592355,133.28421436607866,5.0519505,7.241619348526001,14.285623,121.12411,69.8228,16.424622,22.187963867187534,10.838671875000045,0.0,0.0,0.0
346,-25.792719206025524,133.2915871922995,5.0519505,7.241619348526001,14.285623,121.12411,69.8228,16.424622,22.187963867187534,10.838671875000045,0.0,0.0,0.0
347,-25.837192676127497,133.29896001852032,5.0519505,7.241619348526001,14.285623,121.12411,69.8228,16.424622,22.187963867187534,10.838671875000045,0.0,0.0,0.0
348,-25.877238977247643,133.27622730964765,5.0726624,7.303481578826904,14.037243,121.02051,79.22315,16.181122,22.057763671875023,10.523828125000023,0.0,0.0,0.0
349,-25.91728527836779,133.253494600775,5.0726624,7.303481578826904,14.037243,121.02051,79.22315,16.181122,22.057763671875023,10.523828125000023,0.0,0.0,0.0
350,-25.956428232416137,133.22887867219026,5.0726624,7.303481578826904,14.037243,121.02051,79.22315,16.181122,22.057763671875023,10.523828125000023,0.0,0.0,0.0
351,-25.995571186464485,133.20426274360554,5.0726624,7.303481578826904,14.037243,121.02051,79.22315,16.181122,22.057763671875023,10.523828125000023,0.0,0.0,0.0
352,-26.04074357708113,133.1913757324219,5.0726624,7.303481578826904,14.037243,121.02051,79.22315,16.181122,22.057763671875023,10.523828125000023,0.0,0.0,0.0
353,-26.085449341746635,133.20079400201038,5.0726624,7.303481578826904,14.037243,121.02051,79.22315,16.181122,22.057763671875023,10.523828125000023,0.0,0.0,0.0
354,-26.13034763754155,133.19804420053055,4.7371993,7.031744718551636,13.004145,128.23477,86.767395,16.156403,22.217700195312545,10.477514648437534,0.0,0.0,0.0
355,-26.175245933336463,133.1952943990507,4.7371993,7.031744718551636,13.004145,128.23477,86.767395,16.156403,22.217700195312545,10.477514648437534,0.0,0.0,0.0
356,-26.22014422913138,133.19254459757087,4.7371993,7.031744718551636,13.004145,128.23477,86.767395,16.156403,22.217700195312545,10.477514648437534,0.0,0.0,0.0
357,-26.26510652047252,133.19319558031918,4.7371993,7.031744718551636,13.004145,128.23477,86.767395,16.156403,22.217700195312545,10.477514648437534,0.0,0.0,0.0
358,-26.31006881181365,133.1938465630675,4.7371993,7.031744718551636,13.004145,128.23477,86.767395,16.156403,22.217700195312545,10.477514648437534,0.0,0.0,0.0
359,-26.35176447282293,133.21263810311495,4.7371993,7.031744718551636,13.004145,128.23477,86.767395,16.156403,22.217700195312545,10.477514648437534,0.0,0.0,0.0
360,-26.39346013383221,133.2314296431624,4.6676655,7.058893203735352,12.859354,133.08008,87.97482,16.088562,22.159936523437523,10.493725585937511,0.0,0.0,0.0
361,-26.43515579484149,133.25022118320987,4.6676655,7.058893203735352,12.859354,133.08008,87.97482,16.088562,22.159936523437523,10.493725585937511,0.0,0.0,0.0
362,-26.479216243549608,133.26025151023586,4.6676655,7.058893203735352,12.859354,133.08008,87.97482,16.088562,22.159936523437523,10.493725585937511,0.0,0.0,0.0
363,-26.523871927935936,133.2543563611194,4.6676655,7.058893203735352,12.859354,133.08008,87.97482,16.088562,22.159936523437523,10.493725585937511,0.0,0.0,0.0
364,-26.568527612322264,133.24846121200292,4.6676655,7.058893203735352,12.859354,133.08008,87.97482,16.088562,22.159936523437523,10.493725585937511,0.0,0.0,0.0
365,-26.61038015773825,133.2668502193312,4.6676655,7.058893203735352,12.859354,133.08008,87.97482,16.088562,22.159936523437523,10.493725585937511,0.0,0.0,0.0
366,-26.65318262535613,133.28227065870087,4.7764935,7.260676670074463,12.750551,134.23155,89.54905,16.089874,22.044213867187523,10.606665039062534,0.0,0.0,0.0
367,-26.695985092974013,133.29769109807054,4.7764935,7.260676670074463,12.750551,134.23155,89.54905,16.089874,22.044213867187523,10.606665039062534,0.0,0.0,0.0
368,-26.73896530904704,133.312490310853,4.7764935,7.260676670074463,12.750551,134.23155,89.54905,16.089874,22.044213867187523,10.606665039062534,0.0,0.0,0.0
369,-26.781945525120072,133.32728952363547,4.7764935,7.260676670074463,12.750551,134.23155,89.54905,16.089874,22.044213867187523,10.606665039062534,0.0,0.0,0.0
370,-26.82687783798133,133.32924174390556,4.7764935,7.260676670074463,12.750551,134.23155,89.54905,16.089874,22.044213867187523,10.606665039062534,0.0,0.0,0.0
371,-26.85915374297049,133.36433307047488,4.7764935,7.260676670074463,12.750551,134.23155,89.54905,16.089874,22.044213867187523,10.606665039062534,0.0,0.0,0.0
372,-26.90212572159559,133.3791800658896,4.5977416,6.974308443069457,12.513915,128.6122,85.47316,16.264465,22.241113281250023,10.862207031250023,0.0,0.0,0.0
373,-26.947060866648588,133.377309543492,4.5977416,6.974308443069457,12.513915,128.6122,85.47316,16.264465,22.241113281250023,10.862207031250023,0.0,0.0,0.0
374,-26.98415463035495,133.40582916961694,4.5977416,6.974308443069457,12.513915,128.6122,85.47316,16.264465,22.241113281250023,10.862207031250023,0.0,0.0,0.0
375,-27.023328439782688,133.4306177296533,4.5977416,6.974308443069457,12.513915,128.6122,85.47316,16.264465,22.241113281250023,10.862207031250023,0.0,0.0,0.0
376,-27.062502249210425,133.45540628968968,4.5977416,6.974308443069457,12.513915,128.6122,85.47316,16.264465,22.241113281250023,10.862207031250023,0.0,0.0,0.0
377,-27.10167605863816,133.48019484972605,4.5977416,6.974308443069457,12.513915,128.6122,85.47316,16.264465,22.241113281250023,10.862207031250023,0.0,0.0,0.0
378,-27.134563013326595,133.514650181966,4.4571514,6.686615180969238,11.476345,126.08179,86.8584,16.215668,22.2047119140625,10.691162109375,0.0,0.0,0.0
379,-27.176005158384505,133.534263617818,4.4571514,6.686615180969238,11.476345,126.08179,86.8584,16.215668,22.2047119140625,10.691162109375,0.0,0.0,0.0
380,-27.219636420856077,133.54649038674464,4.4571514,6.686615180969238,11.476345,126.08179,86.8584,16.215668,22.2047119140625,10.691162109375,0.0,0.0,0.0
381,-27.25547752585133,133.57704108853602,4.4571514,6.686615180969238,11.476345,126.08179,86.8584,16.215668,22.2047119140625,10.691162109375,0.0,0.0,0.0
382,-27.29131863084658,133.6075917903274,4.4571514,6.686615180969238,11.476345,126.08179,86.8584,16.215668,22.2047119140625,10.691162109375,0.0,0.0,0.0
383,-27.32818216218604,133.63658120731455,4.6980853,6.950629186630249,12.88068,124.09972,81.284615,16.193054,22.2247314453125,10.686767578125,0.0,0.0,0.0
384,-27.365045693525506,133.6655706243017,4.6980853,6.950629186630249,12.88068,124.09972,81.284615,16.193054,22.2247314453125,10.686767578125,0.0,0.0,0.0
385,-27.40190922486497,133.69456004128884,4.749765,7.030977773666382,12.449613,120.33448,80.59312,16.28592,22.36250000000001,10.703686523437511,0.0,0.0,0.0
386,-27.438337499069952,133.72428503489786,4.749765,7.030977773666382,12.449613,120.33448,80.59312,16.28592,22.36250000000001,10.703686523437511,0.0,0.0,0.0
387,-27.47476577327493,133.75401002850688,4.749765,7.030977773666382,12.449613,120.33448,80.59312,16.28592,22.36250000000001,10.703686523437511,0.0,0.0,0.0
388,-27.51119404747992,133.7837350221159,4.749765,7.030977773666382,12.449613,120.33448,80.59312,16.28592,22.36250000000001,10.703686523437511,0.0,0.0,0.0
389,-27.5476223216849,133.81346001572493,4.749765,7.030977773666382,12.449613,120.33448,80.59312,16.28592,22.36250000000001,10.703686523437511,0.0,0.0,0.0
390,-27.584050595889885,133.84318500933395,4.749765,7.030977773666382,12.449613,120.33448,80.59312,16.28592,22.36250000000001,10.703686523437511,0.0,0.0,0.0
391,-27.620478870094868,133.87291000294297,4.749765,7.030977773666382,12.449613,120.33448,80.59312,16.28592,22.36250000000001,10.703686523437511,0.0,0.0,0.0
392,-27.65021367831939,133.91098891122547,4.584804,6.786200904846191,12.21384,121.08105,78.78667,15.823547,22.1502685546875,10.060986328125011,0.0,0.0,0.0
393,-27.68410195935673,133.94436138520533,4.584804,6.786200904846191,12.21384,121.08105,78.78667,15.823547,22.1502685546875,10.060986328125011,0.0,0.0,0.0
394,-27.71932221068676,133.97593956114957,4.584804,6.786200904846191,12.21384,121.08105,78.78667,15.823547,22.1502685546875,10.060986328125011,0.0,0.0,0.0
395,-27.758673375861274,134.0005277631458,4.584804,6.786200904846191,12.21384,121.08105,78.78667,15.823547,22.1502685546875,10.060986328125011,0.0,0.0,0.0
396,-27.800162431358217,134.02012496884566,4.584804,6.786200904846191,12.21384,121.08105,78.78667,15.823547,22.1502685546875,10.060986328125011,0.0,0.0,0.0
397,-27.8446287576163,134.0276847672761,4.584804,6.786200904846191,12.21384,121.08105,78.78667,15.823547,22.1502685546875,10.060986328125011,0.0,0.0,0.0
398,-27.885234225734344,134.04954221520856,4.8902917,7.060900068283081,11.99102,120.502815,76.98647,15.865082,22.37153320312501,10.271801757812511,0.0,0.0,0.0
399,-27.92583969385239,134.07139966314102,4.8902917,7.060900068283081,11.99102,120.502815,76.98647,15.865082,22.37153320312501,10.271801757812511,0.0,0.0,0.0
400,-27.964721824991265,134.096969307895,4.8902917,7.060900068283081,11.99102,120.502815,76.98647,15.865082,22.37153320312501,10.271801757812511,0.0,0.0,0.0
401,-28.007629405427,134.11220075863102,4.8902917,7.060900068283081,11.99102,120.502815,76.98647,15.865082,22.37153320312501,10.271801757812511,0.0,0.0,0.0
402,-28.052405723763687,134.1075253529543,4.8902917,7.060900068283081,11.99102,120.502815,76.98647,15.865082,22.37153320312501,10.271801757812511,0.0,0.0,0.0
403,-28.094399582573136,134.12574822020358,4.388694,6.577636814117431,11.56065,124.39773,79.39622,15.672821,22.100268554687545,10.117724609375045,0.0,0.0,0.0
404,-28.1392797856505,134.1288982749492,4.4574065,6.63751311302185,11.311399,126.45307,79.33883,15.316528,21.831469726562545,9.837890625,0.0,0.0,0.0
405,-28.184159988727867,134.1320483296948,4.4574065,6.63751311302185,11.311399,126.45307,79.33883,15.316528,21.831469726562545,9.837890625,0.0,0.0,0.0
406,-28.227678489524017,134.14489505784246,4.4574065,6.63751311302185,11.311399,126.45307,79.33883,15.316528,21.831469726562545,9.837890625,0.0,0.0,0.0
407,-28.271196990320167,134.1577417859901,4.4574065,6.63751311302185,11.311399,126.45307,79.33883,15.316528,21.831469726562545,9.837890625,0.0,0.0,0.0
408,-28.3153009939182,134.16769882631266,4.4574065,6.63751311302185,11.311399,126.45307,79.33883,15.316528,21.831469726562545,9.837890625,0.0,0.0,0.0
409,-28.359404997516226,134.1776558666352,4.4574065,6.63751311302185,11.311399,126.45307,79.33883,15.316528,21.831469726562545,9.837890625,0.0,0.0,0.0
410,-28.40350900111425,134.18761290695775,4.5241847,6.688784646987915,11.078796,124.17227,77.93491,15.087952,21.74482421875001,9.512744140625045,0.0,0.0,0.0
411,-28.44746730573037,134.1983788875935,4.5241847,6.688784646987915,11.078796,124.17227,77.93491,15.087952,21.74482421875001,9.512744140625045,0.0,0.0,0.0
412,-28.491166434503548,134.21043708887157,4.5241847,6.688784646987915,11.078796,124.17227,77.93491,15.087952,21.74482421875001,9.512744140625045,0.0,0.0,0.0
413,-28.53004848188365,134.23614239806608,4.5241847,6.688784646987915,11.078796,124.17227,77.93491,15.087952,21.74482421875001,9.512744140625045,0.0,0.0,0.0
414,-28.5656823793433,134.26736894993493,4.5241847,6.688784646987915,11.078796,124.17227,77.93491,15.087952,21.74482421875001,9.512744140625045,0.0,0.0,0.0
415,-28.600180194373937,134.300217639032,4.5241847,6.688784646987915,11.078796,124.17227,77.93491,15.087952,21.74482421875001,9.512744140625045,0.0,0.0,0.0
416,-28.636243898302503,134.33081487751372,4.5838623,6.744084882736206,10.544243,121.56624,77.149124,14.955261,21.678002929687523,9.386157226562545,0.0,0.0,0.0
417,-28.654414692084234,134.37768457842853,4.0888004,6.29806580543518,10.606185,126.922424,79.704056,14.706116,21.363208007812545,9.243847656250011,0.0,0.0,0.0
418,-28.676392694120203,134.42239681838694,4.0888004,6.29806580543518,10.606185,126.922424,79.704056,14.706116,21.363208007812545,9.243847656250011,0.0,0.0,0.0
419,-28.709288421225253,134.45734859507965,4.0888004,6.29806580543518,10.606185,126.922424,79.704056,14.706116,21.363208007812545,9.243847656250011,0.0,0.0,0.0
420,-28.743268400014458,134.4909385905687,4.0888004,6.29806580543518,10.606185,126.922424,79.704056,14.706116,21.363208007812545,9.243847656250011,0.0,0.0,0.0
421,-28.777248378803662,134.52452858605776,4.0888004,6.29806580543518,10.606185,126.922424,79.704056,14.706116,21.363208007812545,9.243847656250011,0.0,0.0,0.0
422,-28.81391508104081,134.5542337630009,4.0888004,6.29806580543518,10.606185,126.922424,79.704056,14.706116,21.363208007812545,9.243847656250011,0.0,0.0,0.0
423,-28.847600804742765,134.58823909985966,4.0888004,6.29806580543518,10.606185,126.922424,79.704056,14.706116,21.363208007812545,9.243847656250011,0.0,0.0,0.0
424,-28.880065594950057,134.62376796663804,4.446051,6.562190961837769,10.132899,125.846954,78.85055,14.877289,21.38142089843751,9.453222656250034,0.0,0.0,0.0
425,-28.91627832826466,134.6542199946636,4.0563135,6.262839412689209,10.49817,130.39954,79.87839,14.751617,21.216162109375034,9.4931640625,0.0,0.0,0.0
426,-28.95487495497947,134.6805820158159,4.0563135,6.262839412689209,10.49817,130.39954,79.87839,14.751617,21.216162109375034,9.4931640625,0.0,0.0,0.0
427,-28.998778356304538,134.69169109207618,4.0563135,6.262839412689209,10.49817,130.39954,79.87839,14.751617,21.216162109375034,9.4931640625,0.0,0.0,0.0
428,-29.02065534133664,134.736615509929,4.0563135,6.262839412689209,10.49817,130.39954,79.87839,14.751617,21.216162109375034,9.4931640625,0.0,0.0,0.0
429,-29.02949732343609,134.78703621204778,4.0563135,6.262839412689209,10.49817,130.39954,79.87839,14.751617,21.216162109375034,9.4931640625,0.0,0.0,0.0
430,-29.060985518761477,134.8237583749785,4.0563135,6.262839412689209,10.49817,130.39954,79.87839,14.751617,21.216162109375034,9.4931640625,0.0,0.0,0.0
431,-29.085678356286035,134.86676010174253,4.0563135,6.262839412689209,10.49817,130.39954,79.87839,14.751617,21.216162109375034,9.4931640625,0.0,0.0,0.0
432,-29.118561420029376,134.90186628444943,3.9256718,6.157728576660157,10.87913,136.49332,81.38301,15.228699,21.263818359375023,10.234057617187545,0.0,0.0,0.0
433,-29.156774880082608,134.9290045261133,4.0560036,6.243850612640381,10.845662,132.19714,78.256645,14.703491,21.137304687500034,9.533056640625034,0.0,0.0,0.0
434,-29.196962977597483,134.9521106506942,4.0560036,6.243850612640381,10.845662,132.19714,78.256645,14.703491,21.137304687500034,9.533056640625034,0.0,0.0,0.0
435,-29.24123921333981,134.96110267100337,4.0560036,6.243850612640381,10.845662,132.19714,78.256645,14.703491,21.137304687500034,9.533056640625034,0.0,0.0,0.0
436,-29.28541970250797,134.97070088544663,4.0560036,6.243850612640381,10.845662,132.19714,78.256645,14.703491,21.137304687500034,9.533056640625034,0.0,0.0,0.0
437,-29.32960019167612,134.9802990998899,4.0560036,6.243850612640381,10.845662,132.19714,78.256645,14.703491,21.137304687500034,9.533056640625034,0.0,0.0,0.0
438,-29.37378068084428,134.98989731433315,4.0560036,6.243850612640381,10.845662,132.19714,78.256645,14.703491,21.137304687500034,9.533056640625034,0.0,0.0,0.0
439,-29.416797918045763,135.0049306863115,4.4091196,6.557492208480835,10.76791,129.23816,76.23984,14.613037,21.0118408203125,9.322558593750045,0.0,0.0,0.0
440,-29.45981515524725,135.01996405828984,4.4091196,6.557492208480835,10.76791,129.23816,76.23984,14.613037,21.0118408203125,9.322558593750045,0.0,0.0,0.0
441,-29.503746785182788,135.0309814146013,4.4091196,6.557492208480835,10.76791,129.23816,76.23984,14.613037,21.0118408203125,9.322558593750045,0.0,0.0,0.0
442,-29.540970559209256,135.0599742128193,4.4091196,6.557492208480835,10.76791,129.23816,76.23984,14.613037,21.0118408203125,9.322558593750045,0.0,0.0,0.0
443,-29.58323438050017,135.07762579281373,4.4091196,6.557492208480835,10.76791,129.23816,76.23984,14.613037,21.0118408203125,9.322558593750045,0.0,0.0,0.0
444,-29.61297673831528,135.11641362708502,4.4091196,6.557492208480835,10.76791,129.23816,76.23984,14.613037,21.0118408203125,9.322558593750045,0.0,0.0,0.0
445,-29.654916736090644,135.13507293801294,4.624512,6.827969694137573,11.029,132.22156,77.99398,14.530731,20.837377929687534,9.374267578125,0.0,0.0,0.0
446,-29.699637099504603,135.12966659781907,4.624512,6.827969694137573,11.029,132.22156,77.99398,14.530731,20.837377929687534,9.374267578125,0.0,0.0,0.0
447,-29.74435746291856,135.1242602576252,4.7526183,6.9073093891143795,10.698353,129.56622,76.34225,14.678558,21.125878906250023,9.487329101562523,0.0,0.0,0.0
448,-29.78907782633252,135.11885391743132,4.7526183,6.9073093891143795,10.698353,129.56622,76.34225,14.678558,21.125878906250023,9.487329101562523,0.0,0.0,0.0
449,-29.83378841225001,135.12437134471355,4.7526183,6.9073093891143795,10.698353,129.56622,76.34225,14.678558,21.125878906250023,9.487329101562523,0.0,0.0,0.0
450,-29.87827586650207,135.13191626557625,4.6643934,6.906650924682617,10.569056,135.83153,82.09105,14.321136,20.891992187500023,9.105493164062523,0.0,0.0,0.0
451,-29.91894572253666,135.1540433740671,4.6643934,6.906650924682617,10.569056,135.83153,82.09105,14.321136,20.891992187500023,9.105493164062523,0.0,0.0,0.0
452,-29.96195305388692,135.1691949441045,4.6643934,6.906650924682617,10.569056,135.83153,82.09105,14.321136,20.891992187500023,9.105493164062523,0.0,0.0,0.0
453,-30.004498803950728,135.1859985078076,4.6643934,6.906650924682617,10.569056,135.83153,82.09105,14.321136,20.891992187500023,9.105493164062523,0.0,0.0,0.0
454,-30.04812592275612,135.19858040340768,4.6643934,6.906650924682617,10.569056,135.83153,82.09105,14.321136,20.891992187500023,9.105493164062523,0.0,0.0,0.0
455,-30.09304940051648,135.19631821803003,4.6643934,6.906650924682617,10.569056,135.83153,82.09105,14.321136,20.891992187500023,9.105493164062523,0.0,0.0,0.0
456,-30.13797287827684,135.19405603265238,4.3378806,6.492522048950195,10.149971,138.41104,83.41334,14.149658,20.875463867187534,9.058813476562534,0.0,0.0,0.0
457,-30.18227505647438,135.20296046427805,4.3378806,6.492522048950195,10.149971,138.41104,83.41334,14.149658,20.875463867187534,9.058813476562534,0.0,0.0,0.0
458,-30.21518777334201,135.23841456795563,4.3378806,6.492522048950195,10.149971,138.41104,83.41334,14.149658,20.875463867187534,9.058813476562534,0.0,0.0,0.0
459,-30.255123175361728,135.26234198285633,4.3378806,6.492522048950195,10.149971,138.41104,83.41334,14.149658,20.875463867187534,9.058813476562534,0.0,0.0,0.0
460,-30.29505857738145,135.28626939775702,4.3378806,6.492522048950195,10.149971,138.41104,83.41334,14.149658,20.875463867187534,9.058813476562534,0.0,0.0,0.0
461,-30.335110772685145,135.30995148496388,4.3378806,6.492522048950195,10.149971,138.41104,83.41334,14.149658,20.875463867187534,9.058813476562534,0.0,0.0,0.0
462,-30.37516296798884,135.33363357217073,3.697123,5.7660480499267575,9.449059,138.54965,84.16532,13.767334,20.382250976562545,8.656103515625034,0.0,0.0,0.0
463,-30.418046165755424,135.34931795712976,3.697123,5.7660480499267575,9.449059,138.54965,84.16532,13.767334,20.382250976562545,8.656103515625034,0.0,0.0,0.0
464,-30.46300528347507,135.3502360465095,3.697123,5.7660480499267575,9.449059,138.54965,84.16532,13.767334,20.382250976562545,8.656103515625034,0.0,0.0,0.0
465,-30.50796440119472,135.35115413588926,3.697123,5.7660480499267575,9.449059,138.54965,84.16532,13.767334,20.382250976562545,8.656103515625034,0.0,0.0,0.0
466,-30.55020789382097,135.36904486594108,3.697123,5.7660480499267575,9.449059,138.54965,84.16532,13.767334,20.382250976562545,8.656103515625034,0.0,0.0,0.0
467,-30.59343452616962,135.38343482743335,3.7357078,5.764115953445434,9.213747,139.7263,84.54111,13.798523,20.305908203125,8.7935791015625,0.0,0.0,0.0
468,-30.63666115851827,135.39782478892562,3.6446874,5.608916616439819,9.92979,140.90099,84.85667,13.682587,19.910668945312523,8.862255859375011,0.0,0.0,0.0
469,-30.670951400833864,135.43164255421013,3.6446874,5.608916616439819,9.92979,140.90099,84.85667,13.682587,19.910668945312523,8.862255859375011,0.0,0.0,0.0
470,-30.701711208686767,135.46978548803634,3.6446874,5.608916616439819,9.92979,140.90099,84.85667,13.682587,19.910668945312523,8.862255859375011,0.0,0.0,0.0
471,-30.73781591404222,135.50096583178356,3.6446874,5.608916616439819,9.92979,140.90099,84.85667,13.682587,19.910668945312523,8.862255859375011,0.0,0.0,0.0
472,-30.77989986286519,135.51939880406667,3.6446874,5.608916616439819,9.92979,140.90099,84.85667,13.682587,19.910668945312523,8.862255859375011,0.0,0.0,0.0
473,-30.816360197190324,135.55004428483863,3.6446874,5.608916616439819,9.92979,140.90099,84.85667,13.682587,19.910668945312523,8.862255859375011,0.0,0.0,0.0
474,-30.85282053151546,135.5806897656106,3.6446874,5.608916616439819,9.92979,140.90099,84.85667,13.682587,19.910668945312523,8.862255859375011,0.0,0.0,0.0
475,-30.87232202923372,135.62789442606288,3.5606964,5.463950681686401,9.304372,141.0054,83.72354,13.595398,19.692187500000045,8.7763671875,0.0,0.0,0.0
476,-30.894193742922432,135.67367524588155,3.9659178,6.0325010299682615,10.908259,141.20157,86.35442,13.717072,19.711694335937523,8.986352539062523,0.0,0.0,0.0
477,-30.926867872898544,135.70968934802283,3.9659178,6.0325010299682615,10.908259,141.20157,86.35442,13.717072,19.711694335937523,8.986352539062523,0.0,0.0,0.0
478,-30.959542002874656,135.74570345016411,3.9659178,6.0325010299682615,10.908259,141.20157,86.35442,13.717072,19.711694335937523,8.986352539062523,0.0,0.0,0.0
479,-31.000568953682112,135.7671716423185,3.9659178,6.0325010299682615,10.908259,141.20157,86.35442,13.717072,19.711694335937523,8.986352539062523,0.0,0.0,0.0
480,-31.03173355820524,135.80499885524853,3.9659178,6.0325010299682615,10.908259,141.20157,86.35442,13.717072,19.711694335937523,8.986352539062523,0.0,0.0,0.0
481,-31.069745326531887,135.83304062115965,3.9659178,6.0325010299682615,10.908259,141.20157,86.35442,13.717072,19.711694335937523,8.986352539062523,0.0,0.0,0.0
482,-31.094984280924827,135.87650078755104,3.9842992,6.092950248718261,10.493435,141.27983,85.77921,13.75412,19.653002929687545,9.082080078125045,0.0,0.0,0.0
483,-31.120223235317766,135.91996095394245,3.9842992,6.092950248718261,10.493435,141.27983,85.77921,13.75412,19.653002929687545,9.082080078125045,0.0,0.0,0.0
484,-31.13293376778657,135.970351846413,5.7517757,8.19569959640503,14.238735,140.69427,85.46073,15.621033,21.147753906250045,11.610327148437534,0.0,0.0,0.0
485,-31.145644300255377,136.02074273888354,5.7517757,8.19569959640503,14.238735,140.69427,85.46073,15.621033,21.147753906250045,11.610327148437534,0.0,0.0,0.0
486,-31.167138349672918,136.066897365443,5.7517757,8.19569959640503,14.238735,140.69427,85.46073,15.621033,21.147753906250045,11.610327148437534,0.0,0.0,0.0
487,-31.17023181292608,136.11932538465675,5.7517757,8.19569959640503,14.238735,140.69427,85.46073,15.621033,21.147753906250045,11.610327148437534,0.0,0.0,0.0
488,-31.17896202611024,136.17088292419254,4.1810436,6.367744112014771,10.663704,142.3461,83.77261,13.78714,19.437158203125023,9.235156250000045,0.0,0.0,0.0
489,-31.18498132756301,136.22296992162822,4.1810436,6.367744112014771,10.663704,142.3461,83.77261,13.78714,19.437158203125023,9.235156250000045,0.0,0.0,0.0
490,-31.196910611319424,136.27365135355123,4.1810436,6.367744112014771,10.663704,142.3461,83.77261,13.78714,19.437158203125023,9.235156250000045,0.0,0.0,0.0
491,-31.21601823987727,136.32124719924053,4.1810436,6.367744112014771,10.663704,142.3461,83.77261,13.78714,19.437158203125023,9.235156250000045,0.0,0.0,0.0
492,-31.235125868435112,136.36884304492983,4.1810436,6.367744112014771,10.663704,142.3461,83.77261,13.78714,19.437158203125023,9.235156250000045,0.0,0.0,0.0
493,-31.23228862741872,136.42132566864916,4.469693,6.714688539505004,10.438107,145.91588,83.846695,13.6111145,19.404150390625034,9.0916748046875,0.0,0.0,0.0
494,-31.229451386402324,136.4738082923685,4.469693,6.714688539505004,10.438107,145.91588,83.846695,13.6111145,19.404150390625034,9.0916748046875,0.0,0.0,0.0
495,-31.25206969542205,136.51926516878598,4.469693,6.714688539505004,10.438107,145.91588,83.846695,13.6111145,19.404150390625034,9.0916748046875,0.0,0.0,0.0
496,-31.24533300831312,136.57126728153642,4.469693,6.714688539505004,10.438107,145.91588,83.846695,13.6111145,19.404150390625034,9.0916748046875,0.0,0.0,0.0
497,-31.267131140216225,136.61727582232342,4.469693,6.714688539505004,10.438107,145.91588,83.846695,13.6111145,19.404150390625034,9.0916748046875,0.0,0.0,0.0
498,-31.265949328021275,136.66986411025377,4.651752,6.902051162719726,10.792091,150.70851,85.596756,13.485596,19.391357421875,8.827539062500023,0.0,0.0,0.0
499,-31.25276736523989,136.72015400752872,4.651752,6.902051162719726,10.792091,150.70851,85.596756,13.485596,19.391357421875,8.827539062500023,0.0,0.0,0.0
500,-31.25189629930668,136.77274266995155,4.651752,6.902051162719726,10.792091,150.70851,85.596756,13.485596,19.391357421875,8.827539062500023,0.0,0.0,0.0
501,-31.27542329163306,136.81757473006718,4.651752,6.902051162719726,10.792091,150.70851,85.596756,13.485596,19.391357421875,8.827539062500023,0.0,0.0,0.0
502,-31.31201160564738,136.8481700925881,4.651752,6.902051162719726,10.792091,150.70851,85.596756,13.485596,19.391357421875,8.827539062500023,0.0,0.0,0.0
503,-31.3485999196617,136.87876545510903,4.6277714,6.800761127471923,11.243714,152.91487,86.80779,13.53006,19.7047119140625,8.640771484375023,0.0,0.0,0.0
504,-31.376110876792445,136.92042294026675,3.9937747,6.090143775939941,10.368595,153.8052,85.09036,13.313263,19.192553710937545,8.543066406250034,0.0,0.0,0.0
505,-31.399817664304003,136.96518730647202,3.9937747,6.090143775939941,10.368595,153.8052,85.09036,13.313263,19.192553710937545,8.543066406250034,0.0,0.0,0.0
506,-31.434671844889472,136.99848155365436,3.9937747,6.090143775939941,10.368595,153.8052,85.09036,13.313263,19.192553710937545,8.543066406250034,0.0,0.0,0.0
507,-31.46070348399449,137.04146341004883,3.9937747,6.090143775939941,10.368595,153.8052,85.09036,13.313263,19.192553710937545,8.543066406250034,0.0,0.0,0.0
508,-31.488431947828616,137.082973843117,3.9937747,6.090143775939941,10.368595,153.8052,85.09036,13.313263,19.192553710937545,8.543066406250034,0.0,0.0,0.0
509,-31.524126825049265,137.11505169574275,3.9937747,6.090143775939941,10.368595,153.8052,85.09036,13.313263,19.192553710937545,8.543066406250034,0.0,0.0,0.0
510,-31.567387927813268,137.12944527735533,3.9118967,5.9480761051177975,10.390469,152.29259,84.11436,13.07019,19.198876953125023,8.276391601562523,0.0,0.0,0.0
511,-31.611010939900748,137.14225313190195,3.9118967,5.9480761051177975,10.390469,152.29259,84.11436,13.07019,19.198876953125023,8.276391601562523,0.0,0.0,0.0
512,-31.653673773055303,137.15894132814444,3.4917128,5.46057710647583,9.526252,155.52501,82.61282,12.798553,18.544458007812523,8.086035156250034,0.0,0.0,0.0
513,-31.688733667071105,137.1920250113709,3.4917128,5.46057710647583,9.526252,155.52501,82.61282,12.798553,18.544458007812523,8.086035156250034,0.0,0.0,0.0
514,-31.71847260323971,137.2316712047482,3.4917128,5.46057710647583,9.526252,155.52501,82.61282,12.798553,18.544458007812523,8.086035156250034,0.0,0.0,0.0
515,-31.75294258560112,137.26562592598583,3.4917128,5.46057710647583,9.526252,155.52501,82.61282,12.798553,18.544458007812523,8.086035156250034,0.0,0.0,0.0
516,-31.788692007448464,137.29771180012386,3.4917128,5.46057710647583,9.526252,155.52501,82.61282,12.798553,18.544458007812523,8.086035156250034,0.0,0.0,0.0
517,-31.828516575972223,137.3223097572408,3.4917128,5.46057710647583,9.526252,155.52501,82.61282,12.798553,18.544458007812523,8.086035156250034,0.0,0.0,0.0
518,-31.868341144495982,137.3469077143577,3.4917128,5.46057710647583,9.526252,155.52501,82.61282,12.798553,18.544458007812523,8.086035156250034,0.0,0.0,0.0
519,-31.90816571301974,137.37150567147464,3.3662221,5.310791873931884,8.99941,160.42572,82.8809,12.457153,18.210009765625045,7.856396484375011,0.0,0.0,0.0
520,-31.9479902815435,137.39610362859156,3.2769637,5.270358991622924,9.397736,154.39241,80.82895,12.384979,18.201708984375045,7.641455078125034,0.0,0.0,0.0
521,-31.98781485006726,137.42070158570849,3.2769637,5.270358991622924,9.397736,154.39241,80.82895,12.384979,18.201708984375045,7.641455078125034,0.0,0.0,0.0
522,-32.027639418591015,137.4452995428254,3.2769637,5.270358991622924,9.397736,154.39241,80.82895,12.384979,18.201708984375045,7.641455078125034,0.0,0.0,0.0
523,-32.07260351293008,137.44480085563671,3.2769637,5.270358991622924,9.397736,154.39241,80.82895,12.384979,18.201708984375045,7.641455078125034,0.0,0.0,0.0
524,-32.117514897141355,137.44218355622738,3.2769637,5.270358991622924,9.397736,154.39241,80.82895,12.384979,18.201708984375045,7.641455078125034,0.0,0.0,0.0
525,-32.15881415940032,137.46318905699638,3.151129,5.229601097106933,8.904891,151.90167,80.98033,12.1502075,17.803198242187534,7.611474609375023,0.0,0.0,0.0
526,-32.19405555899773,137.49620125321425,3.151129,5.229601097106933,8.904891,151.90167,80.98033,12.1502075,17.803198242187534,7.611474609375023,0.0,0.0,0.0
527,-32.22929695859514,137.52921344943212,3.151129,5.229601097106933,8.904891,151.90167,80.98033,12.1502075,17.803198242187534,7.611474609375023,0.0,0.0,0.0
528,-32.26453835819255,137.56222564565,3.151129,5.229601097106933,8.904891,151.90167,80.98033,12.1502075,17.803198242187534,7.611474609375023,0.0,0.0,0.0
529,-32.30631991779275,137.58188939101726,3.151129,5.229601097106933,8.904891,151.90167,80.98033,12.1502075,17.803198242187534,7.611474609375023,0.0,0.0,0.0
530,-32.34778168631513,137.60248617259117,3.151129,5.229601097106933,8.904891,151.90167,80.98033,12.1502075,17.803198242187534,7.611474609375023,0.0,0.0,0.0
531,-32.38225891660692,137.63667230684743,2.9399457,4.99323468208313,8.811465,144.62714,81.22436,11.889099,17.444580078125,7.468701171875011,0.0,0.0,0.0
532,-32.416736146898714,137.6708584411037,2.9399457,4.99323468208313,8.811465,144.62714,81.22436,11.889099,17.444580078125,7.468701171875011,0.0,0.0,0.0
533,-32.447531965558944,137.70968707037878,2.9399457,4.99323468208313,8.811465,144.62714,81.22436,11.889099,17.444580078125,7.468701171875011,0.0,0.0,0.0
534,-32.478327784219175,137.74851569965386,2.9399457,4.99323468208313,8.811465,144.62714,81.22436,11.889099,17.444580078125,7.468701171875011,0.0,0.0,0.0
535,-32.505231187005506,137.79124471829067,2.9399457,4.99323468208313,8.811465,144.62714,81.22436,11.889099,17.444580078125,7.468701171875011,0.0,0.0,0.0
536,-32.53213458979184,137.83397373692748,2.9399457,4.99323468208313,8.811465,144.62714,81.22436,11.889099,17.444580078125,7.468701171875011,0.0,0.0,0.0
537,-32.568146411305456,137.86592627218295,2.9399457,4.99323468208313,8.811465,144.62714,81.22436,11.889099,17.444580078125,7.468701171875011,0.0,0.0,0.0
538,-32.604158232819074,137.89787880743847,2.8120656,4.775356245040893,8.946147,136.48642,78.19154,11.142548,16.8341064453125,6.541650390625023,0.0,0.0,0.0
539,-32.64496528724294,137.92030869540596,3.0555923,5.406198358535766,9.802219,135.2636,83.416824,12.146088,17.212500000000034,8.084326171875034,0.0,0.0,0.0
540,-32.68822269016832,137.93489609924347,3.0555923,5.406198358535766,9.802219,135.2636,83.416824,12.146088,17.212500000000034,8.084326171875034,0.0,0.0,0.0
541,-32.73240468450781,137.9448340612652,3.0555923,5.406198358535766,9.802219,135.2636,83.416824,12.146088,17.212500000000034,8.084326171875034,0.0,0.0,0.0
542,-32.77586858687484,137.95854117043484,3.0555923,5.406198358535766,9.802219,135.2636,83.416824,12.146088,17.212500000000034,8.084326171875034,0.0,0.0,0.0
543,-32.818436929063715,137.97577757205588,3.0555923,5.406198358535766,9.802219,135.2636,83.416824,12.146088,17.212500000000034,8.084326171875034,0.0,0.0,0.0
544,-32.86310110259593,137.98196989912375,3.0555923,5.406198358535766,9.802219,135.2636,83.416824,12.146088,17.212500000000034,8.084326171875034,0.0,0.0,0.0
545,-32.9080519508615,137.98336372759343,4.0543776,6.924136877059936,12.017471,136.60417,86.54376,13.805267,18.402001953125023,10.311425781250023,0.0,0.0,0.0
546,-32.95300812925586,137.98448823630122,4.0543776,6.924136877059936,12.017471,136.60417,86.54376,13.805267,18.402001953125023,10.311425781250023,0.0,0.0,0.0
547,-32.99745963547184,137.99257432361313,4.0543776,6.924136877059936,12.017471,136.60417,86.54376,13.805267,18.402001953125023,10.311425781250023,0.0,0.0,0.0
548,-33.03519490829862,138.02174118291347,4.0543776,6.924136877059936,12.017471,136.60417,86.54376,13.805267,18.402001953125023,10.311425781250023,0.0,0.0,0.0
549,-33.07521725997199,138.04620038946155,4.0543776,6.924136877059936,12.017471,136.60417,86.54376,13.805267,18.402001953125023,10.311425781250023,0.0,0.0,0.0
550,-33.11609752769202,138.06855841843273,4.0543776,6.924136877059936,12.017471,136.60417,86.54376,13.805267,18.402001953125023,10.311425781250023,0.0,0.0,0.0
551,-33.1610544895807,138.06964008765854,3.6206949,6.254405975341797,11.286265,142.90929,88.79382,12.606903,17.8634033203125,8.302465820312534,0.0,0.0,0.0
552,-33.20189794988318,138.09211345120866,3.6206949,6.254405975341797,11.286265,142.90929,88.79382,12.606903,17.8634033203125,8.302465820312534,0.0,0.0,0.0
553,-33.2392036452304,138.1221277480997,3.6206949,6.254405975341797,11.286265,142.90929,88.79382,12.606903,17.8634033203125,8.302465820312534,0.0,0.0,0.0
554,-33.27605416807258,138.15294978577316,3.2431118,5.8051315307617175,11.008652,128.91547,91.00078,11.121277,17.3546142578125,6.052026367187523,0.0,0.0,0.0
555,-33.31290469091476,138.18377182344662,3.2431118,5.8051315307617175,11.008652,128.91547,91.00078,11.121277,17.3546142578125,6.052026367187523,0.0,0.0,0.0
556,-33.357138768870385,138.1740946769298,3.2431118,5.8051315307617175,11.008652,128.91547,91.00078,11.121277,17.3546142578125,6.052026367187523,0.0,0.0,0.0
557,-33.401372846826014,138.16441753041298,3.1592224,5.529988384246826,10.61968,133.874,92.99465,11.249725,17.297338867187534,5.970849609375023,0.0,0.0,0.0
558,-33.44560692478164,138.15474038389615,3.1592224,5.529988384246826,10.61968,133.874,92.99465,11.249725,17.297338867187534,5.970849609375023,0.0,0.0,0.0
559,-33.48614465187318,138.17807638923776,3.1592224,5.529988384246826,10.61968,133.874,92.99465,11.249725,17.297338867187534,5.970849609375023,0.0,0.0,0.0
560,-33.52668237896472,138.20141239457936,3.1592224,5.529988384246826,10.61968,133.874,92.99465,11.249725,17.297338867187534,5.970849609375023,0.0,0.0,0.0
561,-33.56721117284769,138.22478582836382,3.1592224,5.529988384246826,10.61968,133.874,92.99465,11.249725,17.297338867187534,5.970849609375023,0.0,0.0,0.0
562,-33.61214045521472,138.2269699686304,3.1592224,5.529988384246826,10.61968,133.874,92.99465,11.249725,17.297338867187534,5.970849609375023,0.0,0.0,0.0
563,-33.65706973758175,138.22915410889695,3.1867323,5.475396251678466,10.347984,140.90862,97.01009,11.219055,17.062890625000023,5.9996826171875455,0.0,0.0,0.0
564,-33.70092144740398,138.21719649644217,3.1867323,5.475396251678466,10.347984,140.90862,97.01009,11.219055,17.062890625000023,5.9996826171875455,0.0,0.0,0.0
565,-33.74579272093983,138.21368650290574,3.1867323,5.475396251678466,10.347984,140.90862,97.01009,11.219055,17.062890625000023,5.9996826171875455,0.0,0.0,0.0
566,-33.790663994475686,138.21017650936932,3.1867323,5.475396251678466,10.347984,140.90862,97.01009,11.219055,17.062890625000023,5.9996826171875455,0.0,0.0,0.0
567,-33.83344781611833,138.19351378704286,3.1867323,5.475396251678466,10.347984,140.90862,97.01009,11.219055,17.062890625000023,5.9996826171875455,0.0,0.0,0.0
568,-33.876231637760974,138.1768510647164,3.3511581,5.626498985290527,10.550409,150.30923,103.03565,11.477112,17.03742675781251,6.5355224609375,0.0,0.0,0.0
569,-33.91979254282218,138.16341228576678,3.3511581,5.626498985290527,10.550409,150.30923,103.03565,11.477112,17.03742675781251,6.5355224609375,0.0,0.0,0.0
570,-33.96291128207607,138.17879036943566,3.3511581,5.626498985290527,10.550409,150.30923,103.03565,11.477112,17.03742675781251,6.5355224609375,0.0,0.0,0.0
571,-33.996442121008165,138.21492385692756,3.3511581,5.626498985290527,10.550409,150.30923,103.03565,11.477112,17.03742675781251,6.5355224609375,0.0,0.0,0.0
572,-34.04111801487446,138.208769157519,3.3511581,5.626498985290527,10.550409,150.30923,103.03565,11.477112,17.03742675781251,6.5355224609375,0.0,0.0,0.0
573,-34.08484818055012,138.1961280648971,3.3511581,5.626498985290527,10.550409,150.30923,103.03565,11.477112,17.03742675781251,6.5355224609375,0.0,0.0,0.0
574,-34.1281985976428,138.18169963128682,3.7797213,6.199662780761718,12.658347,155.30925,103.73888,12.30481,17.21979980468751,7.942236328125034,0.0,0.0,0.0
575,-34.16858566280202,138.15781035443598,3.7797213,6.199662780761718,12.658347,155.30925,103.73888,12.30481,17.21979980468751,7.942236328125034,0.0,0.0,0.0
576,-34.21035684798888,138.17793602773142,3.7797213,6.199662780761718,12.658347,155.30925,103.73888,12.30481,17.21979980468751,7.942236328125034,0.0,0.0,0.0
577,-34.245447597862864,138.2119504341945,3.7797213,6.199662780761718,12.658347,155.30925,103.73888,12.30481,17.21979980468751,7.942236328125034,0.0,0.0,0.0
578,-34.280538347736844,138.2459648406576,3.7797213,6.199662780761718,12.658347,155.30925,103.73888,12.30481,17.21979980468751,7.942236328125034,0.0,0.0,0.0
579,-34.32143772927827,138.26859006354894,3.7797213,6.199662780761718,12.658347,155.30925,103.73888,12.30481,17.21979980468751,7.942236328125034,0.0,0.0,0.0
580,-34.36126886834771,138.29387894955036,3.7797213,6.199662780761718,12.658347,155.30925,103.73888,12.30481,17.21979980468751,7.942236328125034,0.0,0.0,0.0
581,-34.40110000741714,138.31916783555178,4.6539607,7.58575940132141,15.125743,156.70372,100.29724,13.334625,17.3714599609375,9.830371093750045,0.0,0.0,0.0
582,-34.44093114648658,138.3444567215532,4.6539607,7.58575940132141,15.125743,156.70372,100.29724,13.334625,17.3714599609375,9.830371093750045,0.0,0.0,0.0
583,-34.47539538427316,138.3795028475665,3.8299644,6.326531267166137,13.228992,148.38966,97.51357,11.919647,16.981469726562523,7.456811523437523,0.0,0.0,0.0
584,-34.50985962205975,138.4145489735798,3.8299644,6.326531267166137,13.228992,148.38966,97.51357,11.919647,16.981469726562523,7.456811523437523,0.0,0.0,0.0
585,-34.54432385984634,138.4495950995931,3.8299644,6.326531267166137,13.228992,148.38966,97.51357,11.919647,16.981469726562523,7.456811523437523,0.0,0.0,0.0
586,-34.5772495343107,138.4867874102231,3.8299644,6.326531267166137,13.228992,148.38966,97.51357,11.919647,16.981469726562523,7.456811523437523,0.0,0.0,0.0
587,-34.61540187591819,138.51570164905002,3.8299644,6.326531267166137,13.228992,148.38966,97.51357,11.919647,16.981469726562523,7.456811523437523,0.0,0.0,0.0
588,-34.653593640123546,138.54455698556154,4.76556,7.683994197845458,14.540832,150.50829,91.55986,12.800079,17.257592773437523,9.369555664062545,0.0,0.0,0.0
589,-34.691785404328904,138.57341232207307,4.76556,7.683994197845458,14.540832,150.50829,91.55986,12.800079,17.257592773437523,9.369555664062545,0.0,0.0,0.0
590,-34.73582677806342,138.5844522860164,4.76556,7.683994197845458,14.540832,150.50829,91.55986,12.800079,17.257592773437523,9.369555664062545,0.0,0.0,0.0
591,-34.779868151797935,138.59549224995976,4.76556,7.683994197845458,14.540832,150.50829,91.55986,12.800079,17.257592773437523,9.369555664062545,0.0,0.0,0.0
592,-34.82414715845064,138.58595434192847,4.76556,7.683994197845458,14.540832,150.50829,91.55986,12.800079,17.257592773437523,9.369555664062545,0.0,0.0,0.0
593,-34.86843505873958,138.57647274930306,4.76556,7.683994197845458,14.540832,150.50829,91.55986,12.800079,17.257592773437523,9.369555664062545,0.0,0.0,0.0
594,-34.91322923631539,138.5716831130294,5.10121,8.160517120361327,13.715831,152.98665,93.46457,12.547333,17.20185546875001,9.2620849609375,0.0,0.0,0.0
