05:30,06:30,07:30,08:30,09:30,10:30,11:30,12:30,13:30,14:30,15:30,16:30,17:30,18:30,19:30
1.6429533,1.6175326,1.5914578,1.5641028,1.7847282,1.8355289,1.9167165,2.0821993,2.3059375,2.5649197,2.8249965,3.0793693,3.2993538,3.4989703,3.4112024,3.1772845,2.7941232
1.3282481,1.2779881,1.259211,1.1891104,1.5320319,1.6846284,1.834637,2.028416,2.2085352,2.3400054,2.4544315,2.5927863,2.753733,2.9500775,2.9091,2.6777308,2.3468177
1.3282481,1.2779881,1.259211,1.1891104,1.5320319,1.6846284,1.834637,2.028416,2.2085352,2.3400054,2.4544315,2.5927863,2.753733,2.9500775,2.9091,2.6777308,2.3468177
1.3282481,1.2779881,1.259211,1.1891104,1.5320319,1.6846284,1.834637,2.028416,2.2085352,2.3400054,2.4544315,2.5927863,2.753733,2.9500775,2.9091,2.6777308,2.3468177
1.3282481,1.2779881,1.259211,1.1891104,1.5320319,1.6846284,1.834637,2.028416,2.2085352,2.3400054,2.4544315,2.5927863,2.753733,2.9500775,2.9091,2.6777308,2.3468177
1.3282481,1.2779881,1.259211,1.1891104,1.5320319,1.6846284,1.834637,2.028416,2.2085352,2.3400054,2.4544315,2.5927863,2.753733,2.9500775,2.9091,2.6777308,2.3468177
1.3282481,1.2779881,1.259211,1.1891104,1.5320319,1.6846284,1.834637,2.028416,2.2085352,2.3400054,2.4544315,2.5927863,2.753733,2.9500775,2.9091,2.6777308,2.3468177
1.3282481,1.2779881,1.259211,1.1891104,1.5320319,1.6846284,1.834637,2.028416,2.2085352,2.3400054,2.4544315,2.5927863,2.753733,2.9500775,2.9091,2.6777308,2.3468177
1.2793566,1.2107066,1.1700732,1.1851398,1.4814174,1.5993705,1.730976,1.9216967,2.0965655,2.1964858,2.2735577,2.3753543,2.462343,2.6172671,2.815328,2.8973343,2.6235228
1.2793566,1.2107066,1.1700732,1.1851398,1.4814174,1.5993705,1.730976,1.9216967,2.0965655,2.1964858,2.2735577,2.3753543,2.462343,2.6172671,2.815328,2.8973343,2.6235228
1.2793566,1.2107066,1.1700732,1.1851398,1.4814174,1.5993705,1.730976,1.9216967,2.0965655,2.1964858,2.2735577,2.3753543,2.462343,2.6172671,2.815328,2.8973343,2.6235228
1.2793566,1.2107066,1.1700732,1.1851398,1.4814174,1.5993705,1.730976,1.9216967,2.0965655,2.1964858,2.2735577,2.3753543,2.462343,2.6172671,2.815328,2.8973343,2.6235228
1.2634802,1.1763408,1.1351138,1.1676688,1.4459239,1.5615717,1.7000034,1.9040247,2.0887275,2.2085922,2.2916074,2.3997903,2.5357606,2.7221797,2.908669,3.0148528,2.7980175
1.2634802,1.1763408,1.1351138,1.1676688,1.4459239,1.5615717,1.7000034,1.9040247,2.0887275,2.2085922,2.2916074,2.3997903,2.5357606,2.7221797,2.908669,3.0148528,2.7980175
1.3661903,1.2622007,1.1987711,1.2755455,1.4852909,1.5630568,1.6878927,1.8969913,2.1053233,2.2451122,2.3168778,2.3604555,2.4005785,2.4255698,2.3461487,2.7331812,2.925188
1.3661903,1.2622007,1.1987711,1.2755455,1.4852909,1.5630568,1.6878927,1.8969913,2.1053233,2.2451122,2.3168778,2.3604555,2.4005785,2.4255698,2.3461487,2.7331812,2.925188
1.4063983,1.3194944,1.2544625,1.2590041,1.5105025,1.5970026,1.7093271,1.9056715,2.1049964,2.2369761,2.3275867,2.4408464,2.5088098,2.5208607,2.4649875,2.7255907,2.7621078
1.4063983,1.3194944,1.2544625,1.2590041,1.5105025,1.5970026,1.7093271,1.9056715,2.1049964,2.2369761,2.3275867,2.4408464,2.5088098,2.5208607,2.4649875,2.7255907,2.7621078
1.4063983,1.3194944,1.2544625,1.2590041,1.5105025,1.5970026,1.7093271,1.9056715,2.1049964,2.2369761,2.3275867,2.4408464,2.5088098,2.5208607,2.4649875,2.7255907,2.7621078
1.4063983,1.3194944,1.2544625,1.2590041,1.5105025,1.5970026,1.7093271,1.9056715,2.1049964,2.2369761,2.3275867,2.4408464,2.5088098,2.5208607,2.4649875,2.7255907,2.7621078
1.5698746,1.4756066,1.3896229,1.410876,1.6222677,1.6647522,1.7343516,1.9132822,2.104362,2.2439501,2.3184905,2.391833,2.458738,2.4872708,2.2452312,2.4281187,2.753473
1.5698746,1.4756066,1.3896229,1.410876,1.6222677,1.6647522,1.7343516,1.9132822,2.104362,2.2439501,2.3184905,2.391833,2.458738,2.4872708,2.2452312,2.4281187,2.753473
1.5149647,1.4051361,1.314598,1.4106017,1.5826529,1.6173248,1.7068837,1.9007171,2.0988011,2.2410517,2.3087392,2.3550773,2.4279847,2.436898,2.115555,2.3331075,2.7202733
1.5149647,1.4051361,1.314598,1.4106017,1.5826529,1.6173248,1.7068837,1.9007171,2.0988011,2.2410517,2.3087392,2.3550773,2.4279847,2.436898,2.115555,2.3331075,2.7202733
1.5149647,1.4051361,1.314598,1.4106017,1.5826529,1.6173248,1.7068837,1.9007171,2.0988011,2.2410517,2.3087392,2.3550773,2.4279847,2.436898,2.115555,2.3331075,2.7202733
1.5149647,1.4051361,1.314598,1.4106017,1.5826529,1.6173248,1.7068837,1.9007171,2.0988011,2.2410517,2.3087392,2.3550773,2.4279847,2.436898,2.115555,2.3331075,2.7202733
1.6919839,1.5747309,1.484547,1.531008,1.6966316,1.706637,1.7496173,1.8958108,2.0650556,2.200207,2.2689219,2.3012779,2.347308,2.3281033,2.000997,2.0218332,2.3769019
1.6919839,1.5747309,1.484547,1.531008,1.6966316,1.706637,1.7496173,1.8958108,2.0650556,2.200207,2.2689219,2.3012779,2.347308,2.3281033,2.000997,2.0218332,2.3769019
1.6919839,1.5747309,1.484547,1.531008,1.6966316,1.706637,1.7496173,1.8958108,2.0650556,2.200207,2.2689219,2.3012779,2.347308,2.3281033,2.000997,2.0218332,2.3769019
1.6919839,1.5747309,1.484547,1.531008,1.6966316,1.706637,1.7496173,1.8958108,2.0650556,2.200207,2.2689219,2.3012779,2.347308,2.3281033,2.000997,2.0218332,2.3769019
1.6773481,1.5656778,1.4779565,1.5187014,1.696948,1.7178774,1.7823623,1.9211818,2.0654142,2.1667058,2.2013733,2.1951044,2.1874354,2.1254,1.8282802,1.9884158,2.3542676
1.6773481,1.5656778,1.4779565,1.5187014,1.696948,1.7178774,1.7823623,1.9211818,2.0654142,2.1667058,2.2013733,2.1951044,2.1874354,2.1254,1.8282802,1.9884158,2.3542676
1.6773481,1.5656778,1.4779565,1.5187014,1.696948,1.7178774,1.7823623,1.9211818,2.0654142,2.1667058,2.2013733,2.1951044,2.1874354,2.1254,1.8282802,1.9884158,2.3542676
1.6773481,1.5656778,1.4779565,1.5187014,1.696948,1.7178774,1.7823623,1.9211818,2.0654142,2.1667058,2.2013733,2.1951044,2.1874354,2.1254,1.8282802,1.9884158,2.3542676
1.6773481,1.5656778,1.4779565,1.5187014,1.696948,1.7178774,1.7823623,1.9211818,2.0654142,2.1667058,2.2013733,2.1951044,2.1874354,2.1254,1.8282802,1.9884158,2.3542676
1.8915476,1.7522784,1.6593674,1.7184956,1.8879983,1.8739614,1.8702023,1.9598545,2.0947268,2.2118208,2.2650774,2.284318,2.2793512,2.1887155,1.792374,1.8554174,2.1636953
1.6773481,1.5656778,1.4779565,1.5187014,1.696948,1.7178774,1.7823623,1.9211818,2.0654142,2.1667058,2.2013733,2.1951044,2.1874354,2.1254,1.8282802,1.9884158,2.3542676
1.9477079,1.7923808,1.6983893,1.7563995,1.9315945,1.9133141,1.9297192,2.0429785,2.1795454,2.2805488,2.313112,2.3237906,2.2931082,2.1716266,1.6519166,1.8501686,2.137544
1.9477079,1.7923808,1.6983893,1.7563995,1.9315945,1.9133141,1.9297192,2.0429785,2.1795454,2.2805488,2.313112,2.3237906,2.2931082,2.1716266,1.6519166,1.8501686,2.137544
1.9477079,1.7923808,1.6983893,1.7563995,1.9315945,1.9133141,1.9297192,2.0429785,2.1795454,2.2805488,2.313112,2.3237906,2.2931082,2.1716266,1.6519166,1.8501686,2.137544
1.9477079,1.7923808,1.6983893,1.7563995,1.9315945,1.9133141,1.9297192,2.0429785,2.1795454,2.2805488,2.313112,2.3237906,2.2931082,2.1716266,1.6519166,1.8501686,2.137544
1.9477079,1.7923808,1.6983893,1.7563995,1.9315945,1.9133141,1.9297192,2.0429785,2.1795454,2.2805488,2.313112,2.3237906,2.2931082,2.1716266,1.6519166,1.8501686,2.137544
1.9477079,1.7923808,1.6983893,1.7563995,1.9315945,1.9133141,1.9297192,2.0429785,2.1795454,2.2805488,2.313112,2.3237906,2.2931082,2.1716266,1.6519166,1.8501686,2.137544
1.9477079,1.7923808,1.6983893,1.7563995,1.9315945,1.9133141,1.9297192,2.0429785,2.1795454,2.2805488,2.313112,2.3237906,2.2931082,2.1716266,1.6519166,1.8501686,2.137544
1.9477079,1.7923808,1.6983893,1.7563995,1.9315945,1.9133141,1.9297192,2.0429785,2.1795454,2.2805488,2.313112,2.3237906,2.2931082,2.1716266,1.6519166,1.8501686,2.137544
2.1308117,1.9485092,1.8318884,1.9333857,2.0977008,2.052767,2.0069225,2.0640705,2.1855571,2.2893686,2.335544,2.36079,2.3393161,2.2105477,1.703284,1.886496,2.1080909
2.1821218,1.9948909,1.8751936,1.9619889,2.1317298,2.0850425,2.052324,2.121869,2.232209,2.3158748,2.3470395,2.3531773,2.313286,2.2096035,1.7528529,1.9060057,2.112183
2.1821218,1.9948909,1.8751936,1.9619889,2.1317298,2.0850425,2.052324,2.121869,2.232209,2.3158748,2.3470395,2.3531773,2.313286,2.2096035,1.7528529,1.9060057,2.112183
2.1821218,1.9948909,1.8751936,1.9619889,2.1317298,2.0850425,2.052324,2.121869,2.232209,2.3158748,2.3470395,2.3531773,2.313286,2.2096035,1.7528529,1.9060057,2.112183
2.1821218,1.9948909,1.8751936,1.9619889,2.1317298,2.0850425,2.052324,2.121869,2.232209,2.3158748,2.3470395,2.3531773,2.313286,2.2096035,1.7528529,1.9060057,2.112183
2.1821218,1.9948909,1.8751936,1.9619889,2.1317298,2.0850425,2.052324,2.121869,2.232209,2.3158748,2.3470395,2.3531773,2.313286,2.2096035,1.7528529,1.9060057,2.112183
2.3596041,2.1452537,2.0134664,2.094628,2.2660964,2.2042572,2.1391544,2.1751494,2.2678025,2.3419015,2.3662064,2.380103,2.3734696,2.2791548,1.7712989,1.9287425,2.135013
2.3596041,2.1452537,2.0134664,2.094628,2.2660964,2.2042572,2.1391544,2.1751494,2.2678025,2.3419015,2.3662064,2.380103,2.3734696,2.2791548,1.7712989,1.9287425,2.135013
2.3596041,2.1452537,2.0134664,2.094628,2.2660964,2.2042572,2.1391544,2.1751494,2.2678025,2.3419015,2.3662064,2.380103,2.3734696,2.2791548,1.7712989,1.9287425,2.135013
2.3596041,2.1452537,2.0134664,2.094628,2.2660964,2.2042572,2.1391544,2.1751494,2.2678025,2.3419015,2.3662064,2.380103,2.3734696,2.2791548,1.7712989,1.9287425,2.135013
2.3596041,2.1452537,2.0134664,2.094628,2.2660964,2.2042572,2.1391544,2.1751494,2.2678025,2.3419015,2.3662064,2.380103,2.3734696,2.2791548,1.7712989,1.9287425,2.135013
2.3596041,2.1452537,2.0134664,2.094628,2.2660964,2.2042572,2.1391544,2.1751494,2.2678025,2.3419015,2.3662064,2.380103,2.3734696,2.2791548,1.7712989,1.9287425,2.135013
2.4597747,2.2538323,2.125486,2.2235925,2.395297,2.3207092,2.2628572,2.3102875,2.395708,2.4731688,2.514768,2.5352442,2.5422595,2.5086148,2.0054204,2.0706353,2.2457259
2.4837751,2.2821908,2.144984,2.202777,2.402099,2.3345115,2.2616706,2.271622,2.3285172,2.387385,2.4271348,2.4595995,2.475016,2.411116,1.905423,2.0304277,2.2184012
2.4837751,2.2821908,2.144984,2.202777,2.402099,2.3345115,2.2616706,2.271622,2.3285172,2.387385,2.4271348,2.4595995,2.475016,2.411116,1.905423,2.0304277,2.2184012
2.4837751,2.2821908,2.144984,2.202777,2.402099,2.3345115,2.2616706,2.271622,2.3285172,2.387385,2.4271348,2.4595995,2.475016,2.411116,1.905423,2.0304277,2.2184012
2.4837751,2.2821908,2.144984,2.202777,2.402099,2.3345115,2.2616706,2.271622,2.3285172,2.387385,2.4271348,2.4595995,2.475016,2.411116,1.905423,2.0304277,2.2184012
2.4837751,2.2821908,2.144984,2.202777,2.402099,2.3345115,2.2616706,2.271622,2.3285172,2.387385,2.4271348,2.4595995,2.475016,2.411116,1.905423,2.0304277,2.2184012
2.4837751,2.2821908,2.144984,2.202777,2.402099,2.3345115,2.2616706,2.271622,2.3285172,2.387385,2.4271348,2.4595995,2.475016,2.411116,1.905423,2.0304277,2.2184012
2.4316876,2.2652953,2.1285007,2.2115908,2.4143567,2.3760512,2.33677,2.4025278,2.4935136,2.5702796,2.6283026,2.6780884,2.7097888,2.7181723,2.259163,2.2055829,2.3882065
2.4316876,2.2652953,2.1285007,2.2115908,2.4143567,2.3760512,2.33677,2.4025278,2.4935136,2.5702796,2.6283026,2.6780884,2.7097888,2.7181723,2.259163,2.2055829,2.3882065
2.4316876,2.2652953,2.1285007,2.2115908,2.4143567,2.3760512,2.33677,2.4025278,2.4935136,2.5702796,2.6283026,2.6780884,2.7097888,2.7181723,2.259163,2.2055829,2.3882065
2.4316876,2.2652953,2.1285007,2.2115908,2.4143567,2.3760512,2.33677,2.4025278,2.4935136,2.5702796,2.6283026,2.6780884,2.7097888,2.7181723,2.259163,2.2055829,2.3882065
2.4316876,2.2652953,2.1285007,2.2115908,2.4143567,2.3760512,2.33677,2.4025278,2.4935136,2.5702796,2.6283026,2.6780884,2.7097888,2.7181723,2.259163,2.2055829,2.3882065
2.6160214,2.4370947,2.31923,2.379491,2.6239452,2.602358,2.5378342,2.556673,2.589777,2.6229966,2.6641777,2.710681,2.7466486,2.730045,2.187029,2.2377987,2.3949847
2.505213,2.382015,2.2587907,2.4127033,2.6511278,2.6300435,2.605891,2.7137637,2.8235977,2.9182236,3.0098464,3.0857923,3.155713,3.1846986,2.6647487,2.4384415,2.6315384
2.505213,2.382015,2.2587907,2.4127033,2.6511278,2.6300435,2.605891,2.7137637,2.8235977,2.9182236,3.0098464,3.0857923,3.155713,3.1846986,2.6647487,2.4384415,2.6315384
2.505213,2.382015,2.2587907,2.4127033,2.6511278,2.6300435,2.605891,2.7137637,2.8235977,2.9182236,3.0098464,3.0857923,3.155713,3.1846986,2.6647487,2.4384415,2.6315384
2.505213,2.382015,2.2587907,2.4127033,2.6511278,2.6300435,2.605891,2.7137637,2.8235977,2.9182236,3.0098464,3.0857923,3.155713,3.1846986,2.6647487,2.4384415,2.6315384
2.505213,2.382015,2.2587907,2.4127033,2.6511278,2.6300435,2.605891,2.7137637,2.8235977,2.9182236,3.0098464,3.0857923,3.155713,3.1846986,2.6647487,2.4384415,2.6315384
2.505213,2.382015,2.2587907,2.4127033,2.6511278,2.6300435,2.605891,2.7137637,2.8235977,2.9182236,3.0098464,3.0857923,3.155713,3.1846986,2.6647487,2.4384415,2.6315384
2.4263985,2.2747684,2.2030935,2.1990917,2.434874,2.432924,2.4683053,2.6539037,2.8299086,2.9601982,3.0526052,3.1315026,3.169508,3.1588461,2.5296788,2.4607866,2.7201812
2.4263985,2.2747684,2.2030935,2.1990917,2.434874,2.432924,2.4683053,2.6539037,2.8299086,2.9601982,3.0526052,3.1315026,3.169508,3.1588461,2.5296788,2.4607866,2.7201812
2.4263985,2.2747684,2.2030935,2.1990917,2.434874,2.432924,2.4683053,2.6539037,2.8299086,2.9601982,3.0526052,3.1315026,3.169508,3.1588461,2.5296788,2.4607866,2.7201812
2.4263985,2.2747684,2.2030935,2.1990917,2.434874,2.432924,2.4683053,2.6539037,2.8299086,2.9601982,3.0526052,3.1315026,3.169508,3.1588461,2.5296788,2.4607866,2.7201812
2.3909326,2.2658303,2.1772168,2.3178165,2.6160235,2.656759,2.693575,2.8022466,2.8848808,2.9427836,2.990032,3.0440624,3.0693986,3.0586903,2.4588904,2.4013896,2.697525
2.3909326,2.2658303,2.1772168,2.3178165,2.6160235,2.656759,2.693575,2.8022466,2.8848808,2.9427836,2.990032,3.0440624,3.0693986,3.0586903,2.4588904,2.4013896,2.697525
2.3909326,2.2658303,2.1772168,2.3178165,2.6160235,2.656759,2.693575,2.8022466,2.8848808,2.9427836,2.990032,3.0440624,3.0693986,3.0586903,2.4588904,2.4013896,2.697525
2.3909326,2.2658303,2.1772168,2.3178165,2.6160235,2.656759,2.693575,2.8022466,2.8848808,2.9427836,2.990032,3.0440624,3.0693986,3.0586903,2.4588904,2.4013896,2.697525
2.3909326,2.2658303,2.1772168,2.3178165,2.6160235,2.656759,2.693575,2.8022466,2.8848808,2.9427836,2.990032,3.0440624,3.0693986,3.0586903,2.4588904,2.4013896,2.697525
2.3909326,2.2658303,2.1772168,2.3178165,2.6160235,2.656759,2.693575,2.8022466,2.8848808,2.9427836,2.990032,3.0440624,3.0693986,3.0586903,2.4588904,2.4013896,2.697525
2.623014,2.460439,2.4082448,2.6456099,2.9711072,3.0138586,3.0272756,3.057039,3.0563457,3.0548854,3.0588238,3.0782692,3.075506,3.025177,2.3678343,2.4116461,2.6875453
2.623014,2.460439,2.4082448,2.6456099,2.9711072,3.0138586,3.0272756,3.057039,3.0563457,3.0548854,3.0588238,3.0782692,3.075506,3.025177,2.3678343,2.4116461,2.6875453
2.623014,2.460439,2.4082448,2.6456099,2.9711072,3.0138586,3.0272756,3.057039,3.0563457,3.0548854,3.0588238,3.0782692,3.075506,3.025177,2.3678343,2.4116461,2.6875453
2.623014,2.460439,2.4082448,2.6456099,2.9711072,3.0138586,3.0272756,3.057039,3.0563457,3.0548854,3.0588238,3.0782692,3.075506,3.025177,2.3678343,2.4116461,2.6875453
2.4636962,2.310148,2.279201,2.4327297,2.7674124,2.8512602,2.9264843,3.002225,3.0224218,3.0255368,3.0283635,3.0354528,3.024908,2.987899,2.407535,2.5142536,2.8714314
2.4636962,2.310148,2.279201,2.4327297,2.7674124,2.8512602,2.9264843,3.002225,3.0224218,3.0255368,3.0283635,3.0354528,3.024908,2.987899,2.407535,2.5142536,2.8714314
2.63312,2.46628,2.4366615,2.649071,3.0038207,3.1004338,3.1553576,3.155527,3.0913787,3.0325925,2.9983058,2.9854052,2.9752154,2.9026296,2.3038638,2.4398777,2.8082602
2.63312,2.46628,2.4366615,2.649071,3.0038207,3.1004338,3.1553576,3.155527,3.0913787,3.0325925,2.9983058,2.9854052,2.9752154,2.9026296,2.3038638,2.4398777,2.8082602
2.63312,2.46628,2.4366615,2.649071,3.0038207,3.1004338,3.1553576,3.155527,3.0913787,3.0325925,2.9983058,2.9854052,2.9752154,2.9026296,2.3038638,2.4398777,2.8082602
2.63312,2.46628,2.4366615,2.649071,3.0038207,3.1004338,3.1553576,3.155527,3.0913787,3.0325925,2.9983058,2.9854052,2.9752154,2.9026296,2.3038638,2.4398777,2.8082602
2.63312,2.46628,2.4366615,2.649071,3.0038207,3.1004338,3.1553576,3.155527,3.0913787,3.0325925,2.9983058,2.9854052,2.9752154,2.9026296,2.3038638,2.4398777,2.8082602
2.63312,2.46628,2.4366615,2.649071,3.0038207,3.1004338,3.1553576,3.155527,3.0913787,3.0325925,2.9983058,2.9854052,2.9752154,2.9026296,2.3038638,2.4398777,2.8082602
2.7364671,2.5862052,2.569684,2.790012,3.1799612,3.298857,3.349561,3.3077896,3.1855326,3.081873,3.0133731,2.9827769,2.9700491,2.8739345,2.2508702,2.3959877,2.7336798
2.7364671,2.5862052,2.569684,2.790012,3.1799612,3.298857,3.349561,3.3077896,3.1855326,3.081873,3.0133731,2.9827769,2.9700491,2.8739345,2.2508702,2.3959877,2.7336798
2.7364671,2.5862052,2.569684,2.790012,3.1799612,3.298857,3.349561,3.3077896,3.1855326,3.081873,3.0133731,2.9827769,2.9700491,2.8739345,2.2508702,2.3959877,2.7336798
2.7364671,2.5862052,2.569684,2.790012,3.1799612,3.298857,3.349561,3.3077896,3.1855326,3.081873,3.0133731,2.9827769,2.9700491,2.8739345,2.2508702,2.3959877,2.7336798
2.6916254,2.5444388,2.5415184,2.705768,3.0880804,3.2477527,3.3353593,3.3078065,3.1948411,3.096666,3.032103,2.9989116,2.980726,2.921348,2.3767982,2.5668802,3.0093043
2.6916254,2.5444388,2.5415184,2.705768,3.0880804,3.2477527,3.3353593,3.3078065,3.1948411,3.096666,3.032103,2.9989116,2.980726,2.921348,2.3767982,2.5668802,3.0093043
2.6916254,2.5444388,2.5415184,2.705768,3.0880804,3.2477527,3.3353593,3.3078065,3.1948411,3.096666,3.032103,2.9989116,2.980726,2.921348,2.3767982,2.5668802,3.0093043
2.8171034,2.6909604,2.7005875,2.8773391,3.291127,3.4769156,3.5632954,3.4780512,3.3063514,3.1629353,3.0697553,3.0264878,3.007875,2.9333215,2.3559072,2.5203996,2.8945982
2.8171034,2.6909604,2.7005875,2.8773391,3.291127,3.4769156,3.5632954,3.4780512,3.3063514,3.1629353,3.0697553,3.0264878,3.007875,2.9333215,2.3559072,2.5203996,2.8945982
2.8171034,2.6909604,2.7005875,2.8773391,3.291127,3.4769156,3.5632954,3.4780512,3.3063514,3.1629353,3.0697553,3.0264878,3.007875,2.9333215,2.3559072,2.5203996,2.8945982
2.8171034,2.6909604,2.7005875,2.8773391,3.291127,3.4769156,3.5632954,3.4780512,3.3063514,3.1629353,3.0697553,3.0264878,3.007875,2.9333215,2.3559072,2.5203996,2.8945982
2.8171034,2.6909604,2.7005875,2.8773391,3.291127,3.4769156,3.5632954,3.4780512,3.3063514,3.1629353,3.0697553,3.0264878,3.007875,2.9333215,2.3559072,2.5203996,2.8945982
2.8171034,2.6909604,2.7005875,2.8773391,3.291127,3.4769156,3.5632954,3.4780512,3.3063514,3.1629353,3.0697553,3.0264878,3.007875,2.9333215,2.3559072,2.5203996,2.8945982
2.9467573,2.8478372,2.8797698,3.074467,3.4948838,3.698597,3.7634797,3.6037889,3.372335,3.193985,3.0847137,3.0384932,3.031952,2.9479346,2.3406684,2.4790063,2.7824247
2.9467573,2.8478372,2.8797698,3.074467,3.4948838,3.698597,3.7634797,3.6037889,3.372335,3.193985,3.0847137,3.0384932,3.031952,2.9479346,2.3406684,2.4790063,2.7824247
2.9467573,2.8478372,2.8797698,3.074467,3.4948838,3.698597,3.7634797,3.6037889,3.372335,3.193985,3.0847137,3.0384932,3.031952,2.9479346,2.3406684,2.4790063,2.7824247
2.9467573,2.8478372,2.8797698,3.074467,3.4948838,3.698597,3.7634797,3.6037889,3.372335,3.193985,3.0847137,3.0384932,3.031952,2.9479346,2.3406684,2.4790063,2.7824247
2.9467573,2.8478372,2.8797698,3.074467,3.4948838,3.698597,3.7634797,3.6037889,3.372335,3.193985,3.0847137,3.0384932,3.031952,2.9479346,2.3406684,2.4790063,2.7824247
3.071976,3.01529,3.0558877,3.2882288,3.7032075,3.9053664,3.928456,3.7011876,3.4256005,3.2309806,3.1170604,3.0648952,3.054588,2.9660716,2.3429523,2.460439,2.71286
3.071976,3.01529,3.0558877,3.2882288,3.7032075,3.9053664,3.928456,3.7011876,3.4256005,3.2309806,3.1170604,3.0648952,3.054588,2.9660716,2.3429523,2.460439,2.71286
3.071976,3.01529,3.0558877,3.2882288,3.7032075,3.9053664,3.928456,3.7011876,3.4256005,3.2309806,3.1170604,3.0648952,3.054588,2.9660716,2.3429523,2.460439,2.71286
3.066076,3.0110607,3.0351546,3.275828,3.7375088,3.9259765,3.9408813,3.7198195,3.438698,3.242869,3.122723,3.0755215,3.058608,2.9850159,2.311944,2.3907628,2.6240022
3.066076,3.0110607,3.0351546,3.275828,3.7375088,3.9259765,3.9408813,3.7198195,3.438698,3.242869,3.122723,3.0755215,3.058608,2.9850159,2.311944,2.3907628,2.6240022
3.066076,3.0110607,3.0351546,3.275828,3.7375088,3.9259765,3.9408813,3.7198195,3.438698,3.242869,3.122723,3.0755215,3.058608,2.9850159,2.311944,2.3907628,2.6240022
3.166505,3.1336074,3.1916878,3.4501727,3.8790693,4.074803,4.0792537,3.810782,3.501528,3.2836368,3.1547759,3.108408,3.0973132,3.0341048,2.3796651,2.4995456,2.7224863
3.166505,3.1336074,3.1916878,3.4501727,3.8790693,4.074803,4.0792537,3.810782,3.501528,3.2836368,3.1547759,3.108408,3.0973132,3.0341048,2.3796651,2.4995456,2.7224863
3.166505,3.1336074,3.1916878,3.4501727,3.8790693,4.074803,4.0792537,3.810782,3.501528,3.2836368,3.1547759,3.108408,3.0973132,3.0341048,2.3796651,2.4995456,2.7224863
3.166505,3.1336074,3.1916878,3.4501727,3.8790693,4.074803,4.0792537,3.810782,3.501528,3.2836368,3.1547759,3.108408,3.0973132,3.0341048,2.3796651,2.4995456,2.7224863
3.166505,3.1336074,3.1916878,3.4501727,3.8790693,4.074803,4.0792537,3.810782,3.501528,3.2836368,3.1547759,3.108408,3.0973132,3.0341048,2.3796651,2.4995456,2.7224863
3.166505,3.1336074,3.1916878,3.4501727,3.8790693,4.074803,4.0792537,3.810782,3.501528,3.2836368,3.1547759,3.108408,3.0973132,3.0341048,2.3796651,2.4995456,2.7224863
3.265003,3.229697,3.3091216,3.6225412,4.0655317,4.2441926,4.24173,3.9512231,3.604628,3.3627837,3.2261558,3.1643703,3.147803,3.0974562,2.440521,2.536016,2.7399294
3.265003,3.229697,3.3091216,3.6225412,4.0655317,4.2441926,4.24173,3.9512231,3.604628,3.3627837,3.2261558,3.1643703,3.147803,3.0974562,2.440521,2.536016,2.7399294
3.265003,3.229697,3.3091216,3.6225412,4.0655317,4.2441926,4.24173,3.9512231,3.604628,3.3627837,3.2261558,3.1643703,3.147803,3.0974562,2.440521,2.536016,2.7399294
3.265003,3.229697,3.3091216,3.6225412,4.0655317,4.2441926,4.24173,3.9512231,3.604628,3.3627837,3.2261558,3.1643703,3.147803,3.0974562,2.440521,2.536016,2.7399294
3.265003,3.229697,3.3091216,3.6225412,4.0655317,4.2441926,4.24173,3.9512231,3.604628,3.3627837,3.2261558,3.1643703,3.147803,3.0974562,2.440521,2.536016,2.7399294
3.265003,3.229697,3.3091216,3.6225412,4.0655317,4.2441926,4.24173,3.9512231,3.604628,3.3627837,3.2261558,3.1643703,3.147803,3.0974562,2.440521,2.536016,2.7399294
3.2978487,3.2525022,3.3276043,3.5962322,4.0340877,4.2288103,4.2501726,3.9740517,3.6295006,3.3874876,3.2426078,3.1761901,3.1576173,3.0711281,2.4683733,2.5532246,2.7599094
3.2978487,3.2525022,3.3276043,3.5962322,4.0340877,4.2288103,4.2501726,3.9740517,3.6295006,3.3874876,3.2426078,3.1761901,3.1576173,3.0711281,2.4683733,2.5532246,2.7599094
3.2978487,3.2525022,3.3276043,3.5962322,4.0340877,4.2288103,4.2501726,3.9740517,3.6295006,3.3874876,3.2426078,3.1761901,3.1576173,3.0711281,2.4683733,2.5532246,2.7599094
3.2978487,3.2525022,3.3276043,3.5962322,4.0340877,4.2288103,4.2501726,3.9740517,3.6295006,3.3874876,3.2426078,3.1761901,3.1576173,3.0711281,2.4683733,2.5532246,2.7599094
3.2978487,3.2525022,3.3276043,3.5962322,4.0340877,4.2288103,4.2501726,3.9740517,3.6295006,3.3874876,3.2426078,3.1761901,3.1576173,3.0711281,2.4683733,2.5532246,2.7599094
3.6749904,3.614656,3.5825775,3.753974,4.4461255,4.6931834,4.7355456,4.4523835,4.0748153,3.8063693,3.6396778,3.580673,3.5848439,3.5512235,3.1320333,2.9514701,3.1231663
3.6749904,3.614656,3.5825775,3.753974,4.4461255,4.6931834,4.7355456,4.4523835,4.0748153,3.8063693,3.6396778,3.580673,3.5848439,3.5512235,3.1320333,2.9514701,3.1231663
3.6749904,3.614656,3.5825775,3.753974,4.4461255,4.6931834,4.7355456,4.4523835,4.0748153,3.8063693,3.6396778,3.580673,3.5848439,3.5512235,3.1320333,2.9514701,3.1231663
3.6749904,3.614656,3.5825775,3.753974,4.4461255,4.6931834,4.7355456,4.4523835,4.0748153,3.8063693,3.6396778,3.580673,3.5848439,3.5512235,3.1320333,2.9514701,3.1231663
3.6749904,3.614656,3.5825775,3.753974,4.4461255,4.6931834,4.7355456,4.4523835,4.0748153,3.8063693,3.6396778,3.580673,3.5848439,3.5512235,3.1320333,2.9514701,3.1231663
3.6749904,3.614656,3.5825775,3.753974,4.4461255,4.6931834,4.7355456,4.4523835,4.0748153,3.8063693,3.6396778,3.580673,3.5848439,3.5512235,3.1320333,2.9514701,3.1231663
3.6749904,3.614656,3.5825775,3.753974,4.4461255,4.6931834,4.7355456,4.4523835,4.0748153,3.8063693,3.6396778,3.580673,3.5848439,3.5512235,3.1320333,2.9514701,3.1231663
3.7922032,3.7071083,3.7269902,4.003321,4.647166,4.882904,4.9132037,4.6200075,4.2226186,3.933183,3.7501872,3.6932983,3.7021453,3.6951315,3.1544528,2.9773772,3.1284096
3.7972913,3.6991458,3.7443213,4.0064282,4.6112013,4.845436,4.886375,4.6133986,4.230378,3.940044,3.7670987,3.7038808,3.7083812,3.6519644,3.0419292,2.975858,3.1404006
3.7972913,3.6991458,3.7443213,4.0064282,4.6112013,4.845436,4.886375,4.6133986,4.230378,3.940044,3.7670987,3.7038808,3.7083812,3.6519644,3.0419292,2.975858,3.1404006
3.7972913,3.6991458,3.7443213,4.0064282,4.6112013,4.845436,4.886375,4.6133986,4.230378,3.940044,3.7670987,3.7038808,3.7083812,3.6519644,3.0419292,2.975858,3.1404006
3.7972913,3.6991458,3.7443213,4.0064282,4.6112013,4.845436,4.886375,4.6133986,4.230378,3.940044,3.7670987,3.7038808,3.7083812,3.6519644,3.0419292,2.975858,3.1404006
3.7972913,3.6991458,3.7443213,4.0064282,4.6112013,4.845436,4.886375,4.6133986,4.230378,3.940044,3.7670987,3.7038808,3.7083812,3.6519644,3.0419292,2.975858,3.1404006
4.0037594,3.9059684,3.9318755,4.1565084,4.858521,5.1201377,5.153106,4.868579,4.445721,4.1123424,3.921498,3.8480194,3.84168,3.789119,3.1729608,3.0393357,3.1706593
4.0037594,3.9059684,3.9318755,4.1565084,4.858521,5.1201377,5.153106,4.868579,4.445721,4.1123424,3.921498,3.8480194,3.84168,3.789119,3.1729608,3.0393357,3.1706593
4.0037594,3.9059684,3.9318755,4.1565084,4.858521,5.1201377,5.153106,4.868579,4.445721,4.1123424,3.921498,3.8480194,3.84168,3.789119,3.1729608,3.0393357,3.1706593
4.0037594,3.9059684,3.9318755,4.1565084,4.858521,5.1201377,5.153106,4.868579,4.445721,4.1123424,3.921498,3.8480194,3.84168,3.789119,3.1729608,3.0393357,3.1706593
4.0037594,3.9059684,3.9318755,4.1565084,4.858521,5.1201377,5.153106,4.868579,4.445721,4.1123424,3.921498,3.8480194,3.84168,3.789119,3.1729608,3.0393357,3.1706593
4.3437185,4.2619495,4.202906,4.36342,5.2697935,5.5961003,5.632948,5.315589,4.8524203,4.481943,4.2669587,4.17559,4.1765876,4.219061,3.7906635,3.4186637,3.4563007
4.3437185,4.2619495,4.202906,4.36342,5.2697935,5.5961003,5.632948,5.315589,4.8524203,4.481943,4.2669587,4.17559,4.1765876,4.219061,3.7906635,3.4186637,3.4563007
4.3437185,4.2619495,4.202906,4.36342,5.2697935,5.5961003,5.632948,5.315589,4.8524203,4.481943,4.2669587,4.17559,4.1765876,4.219061,3.7906635,3.4186637,3.4563007
4.3437185,4.2619495,4.202906,4.36342,5.2697935,5.5961003,5.632948,5.315589,4.8524203,4.481943,4.2669587,4.17559,4.1765876,4.219061,3.7906635,3.4186637,3.4563007
4.3437185,4.2619495,4.202906,4.36342,5.2697935,5.5961003,5.632948,5.315589,4.8524203,4.481943,4.2669587,4.17559,4.1765876,4.219061,3.7906635,3.4186637,3.4563007
4.3437185,4.2619495,4.202906,4.36342,5.2697935,5.5961003,5.632948,5.315589,4.8524203,4.481943,4.2669587,4.17559,4.1765876,4.219061,3.7906635,3.4186637,3.4563007
4.3437185,4.2619495,4.202906,4.36342,5.2697935,5.5961003,5.632948,5.315589,4.8524203,4.481943,4.2669587,4.17559,4.1765876,4.219061,3.7906635,3.4186637,3.4563007
4.7218637,4.6631885,4.5990944,4.76417,5.7193127,6.0581136,6.0337324,5.6308866,5.099581,4.6686525,4.403257,4.2787585,4.2731185,4.3283324,3.9949281,3.599161,3.6304052
4.7218637,4.6631885,4.5990944,4.76417,5.7193127,6.0581136,6.0337324,5.6308866,5.099581,4.6686525,4.403257,4.2787585,4.2731185,4.3283324,3.9949281,3.599161,3.6304052
4.7218637,4.6631885,4.5990944,4.76417,5.7193127,6.0581136,6.0337324,5.6308866,5.099581,4.6686525,4.403257,4.2787585,4.2731185,4.3283324,3.9949281,3.599161,3.6304052
4.1843276,4.113842,4.099491,4.3870974,5.205143,5.553644,5.6124783,5.325998,4.8733335,4.495883,4.262124,4.1526265,4.1298575,4.1401815,3.5815446,3.222423,3.273194
4.1843276,4.113842,4.099491,4.3870974,5.205143,5.553644,5.6124783,5.325998,4.8733335,4.495883,4.262124,4.1526265,4.1298575,4.1401815,3.5815446,3.222423,3.273194
4.1843276,4.113842,4.099491,4.3870974,5.205143,5.553644,5.6124783,5.325998,4.8733335,4.495883,4.262124,4.1526265,4.1298575,4.1401815,3.5815446,3.222423,3.273194
4.4072957,4.350418,4.345027,4.643543,5.475751,5.8356304,5.8454103,5.4868674,4.968344,4.5458,4.279371,4.1526284,4.1295877,4.154501,3.6827292,3.293619,3.357065
4.4072957,4.350418,4.345027,4.643543,5.475751,5.8356304,5.8454103,5.4868674,4.968344,4.5458,4.279371,4.1526284,4.1295877,4.154501,3.6827292,3.293619,3.357065
4.4072957,4.350418,4.345027,4.643543,5.475751,5.8356304,5.8454103,5.4868674,4.968344,4.5458,4.279371,4.1526284,4.1295877,4.154501,3.6827292,3.293619,3.357065
4.4072957,4.350418,4.345027,4.643543,5.475751,5.8356304,5.8454103,5.4868674,4.968344,4.5458,4.279371,4.1526284,4.1295877,4.154501,3.6827292,3.293619,3.357065
4.4072957,4.350418,4.345027,4.643543,5.475751,5.8356304,5.8454103,5.4868674,4.968344,4.5458,4.279371,4.1526284,4.1295877,4.154501,3.6827292,3.293619,3.357065
4.4072957,4.350418,4.345027,4.643543,5.475751,5.8356304,5.8454103,5.4868674,4.968344,4.5458,4.279371,4.1526284,4.1295877,4.154501,3.6827292,3.293619,3.357065
4.911515,4.866073,4.8057766,4.9781823,5.9594445,6.372834,6.3667016,5.9213805,5.3292155,4.8502083,4.5420594,4.40385,4.367837,4.416104,4.157833,3.707217,3.7697756
4.911515,4.866073,4.8057766,4.9781823,5.9594445,6.372834,6.3667016,5.9213805,5.3292155,4.8502083,4.5420594,4.40385,4.367837,4.416104,4.157833,3.707217,3.7697756
4.5928264,4.516057,4.4246573,4.5830283,5.549734,5.9605365,6.0301447,5.6855855,5.1642942,4.7338285,4.443957,4.319052,4.286321,4.3101,3.944424,3.4788105,3.5307026
4.5928264,4.516057,4.4246573,4.5830283,5.549734,5.9605365,6.0301447,5.6855855,5.1642942,4.7338285,4.443957,4.319052,4.286321,4.3101,3.944424,3.4788105,3.5307026
4.5928264,4.516057,4.4246573,4.5830283,5.549734,5.9605365,6.0301447,5.6855855,5.1642942,4.7338285,4.443957,4.319052,4.286321,4.3101,3.944424,3.4788105,3.5307026
4.5928264,4.516057,4.4246573,4.5830283,5.549734,5.9605365,6.0301447,5.6855855,5.1642942,4.7338285,4.443957,4.319052,4.286321,4.3101,3.944424,3.4788105,3.5307026
4.904246,4.851408,4.7446303,4.968083,5.8942246,6.32577,6.3455353,5.936807,5.365696,4.8895793,4.5680056,4.433202,4.3855443,4.4165454,4.131484,3.696425,3.7710319
4.904246,4.851408,4.7446303,4.968083,5.8942246,6.32577,6.3455353,5.936807,5.365696,4.8895793,4.5680056,4.433202,4.3855443,4.4165454,4.131484,3.696425,3.7710319
4.904246,4.851408,4.7446303,4.968083,5.8942246,6.32577,6.3455353,5.936807,5.365696,4.8895793,4.5680056,4.433202,4.3855443,4.4165454,4.131484,3.696425,3.7710319
4.904246,4.851408,4.7446303,4.968083,5.8942246,6.32577,6.3455353,5.936807,5.365696,4.8895793,4.5680056,4.433202,4.3855443,4.4165454,4.131484,3.696425,3.7710319
4.904246,4.851408,4.7446303,4.968083,5.8942246,6.32577,6.3455353,5.936807,5.365696,4.8895793,4.5680056,4.433202,4.3855443,4.4165454,4.131484,3.696425,3.7710319
4.904246,4.851408,4.7446303,4.968083,5.8942246,6.32577,6.3455353,5.936807,5.365696,4.8895793,4.5680056,4.433202,4.3855443,4.4165454,4.131484,3.696425,3.7710319
5.031957,5.0095396,4.940707,5.101009,6.025226,6.4334626,6.3885417,5.946523,5.353249,4.8527966,4.513631,4.35755,4.3214593,4.3536844,4.00192,3.616884,3.756508
5.031957,5.0095396,4.940707,5.101009,6.025226,6.4334626,6.3885417,5.946523,5.353249,4.8527966,4.513631,4.35755,4.3214593,4.3536844,4.00192,3.616884,3.756508
5.031957,5.0095396,4.940707,5.101009,6.025226,6.4334626,6.3885417,5.946523,5.353249,4.8527966,4.513631,4.35755,4.3214593,4.3536844,4.00192,3.616884,3.756508
5.031957,5.0095396,4.940707,5.101009,6.025226,6.4334626,6.3885417,5.946523,5.353249,4.8527966,4.513631,4.35755,4.3214593,4.3536844,4.00192,3.616884,3.756508
5.031957,5.0095396,4.940707,5.101009,6.025226,6.4334626,6.3885417,5.946523,5.353249,4.8527966,4.513631,4.35755,4.3214593,4.3536844,4.00192,3.616884,3.756508
5.147141,5.195752,5.1538944,5.3374395,6.2352495,6.6251764,6.508552,6.002948,5.376956,4.853445,4.498942,4.3381834,4.312702,4.333267,3.9729638,3.5832944,3.734281
5.147141,5.195752,5.1538944,5.3374395,6.2352495,6.6251764,6.508552,6.002948,5.376956,4.853445,4.498942,4.3381834,4.312702,4.333267,3.9729638,3.5832944,3.734281
5.147141,5.195752,5.1538944,5.3374395,6.2352495,6.6251764,6.508552,6.002948,5.376956,4.853445,4.498942,4.3381834,4.312702,4.333267,3.9729638,3.5832944,3.734281
5.147141,5.195752,5.1538944,5.3374395,6.2352495,6.6251764,6.508552,6.002948,5.376956,4.853445,4.498942,4.3381834,4.312702,4.333267,3.9729638,3.5832944,3.734281
5.147141,5.195752,5.1538944,5.3374395,6.2352495,6.6251764,6.508552,6.002948,5.376956,4.853445,4.498942,4.3381834,4.312702,4.333267,3.9729638,3.5832944,3.734281
5.147141,5.195752,5.1538944,5.3374395,6.2352495,6.6251764,6.508552,6.002948,5.376956,4.853445,4.498942,4.3381834,4.312702,4.333267,3.9729638,3.5832944,3.734281
5.2224035,5.2926116,5.302016,5.4798107,6.370955,6.7410603,6.5660963,6.013647,5.367533,4.8383584,4.4959464,4.341569,4.3058414,4.3175497,3.9565806,3.607574,3.7618012
5.2224035,5.2926116,5.302016,5.4798107,6.370955,6.7410603,6.5660963,6.013647,5.367533,4.8383584,4.4959464,4.341569,4.3058414,4.3175497,3.9565806,3.607574,3.7618012
5.2224035,5.2926116,5.302016,5.4798107,6.370955,6.7410603,6.5660963,6.013647,5.367533,4.8383584,4.4959464,4.341569,4.3058414,4.3175497,3.9565806,3.607574,3.7618012
5.2224035,5.2926116,5.302016,5.4798107,6.370955,6.7410603,6.5660963,6.013647,5.367533,4.8383584,4.4959464,4.341569,4.3058414,4.3175497,3.9565806,3.607574,3.7618012
5.2224035,5.2926116,5.302016,5.4798107,6.370955,6.7410603,6.5660963,6.013647,5.367533,4.8383584,4.4959464,4.341569,4.3058414,4.3175497,3.9565806,3.607574,3.7618012
5.2224035,5.2926116,5.302016,5.4798107,6.370955,6.7410603,6.5660963,6.013647,5.367533,4.8383584,4.4959464,4.341569,4.3058414,4.3175497,3.9565806,3.607574,3.7618012
5.2347665,5.315144,5.331683,5.4940834,6.4171243,6.775225,6.551956,5.9773216,5.325051,4.8075376,4.479145,4.3263564,4.2819514,4.3038244,3.9516554,3.6016157,3.7773926
5.2347665,5.315144,5.331683,5.4940834,6.4171243,6.775225,6.551956,5.9773216,5.325051,4.8075376,4.479145,4.3263564,4.2819514,4.3038244,3.9516554,3.6016157,3.7773926
5.2347665,5.315144,5.331683,5.4940834,6.4171243,6.775225,6.551956,5.9773216,5.325051,4.8075376,4.479145,4.3263564,4.2819514,4.3038244,3.9516554,3.6016157,3.7773926
5.2347665,5.315144,5.331683,5.4940834,6.4171243,6.775225,6.551956,5.9773216,5.325051,4.8075376,4.479145,4.3263564,4.2819514,4.3038244,3.9516554,3.6016157,3.7773926
5.2347665,5.315144,5.331683,5.4940834,6.4171243,6.775225,6.551956,5.9773216,5.325051,4.8075376,4.479145,4.3263564,4.2819514,4.3038244,3.9516554,3.6016157,3.7773926
5.2631927,5.3521557,5.351025,5.4933248,6.405899,6.746355,6.47323,5.8816347,5.2462554,4.747714,4.442244,4.3009143,4.268718,4.3137636,3.954598,3.6318166,3.8402152
5.2631927,5.3521557,5.351025,5.4933248,6.405899,6.746355,6.47323,5.8816347,5.2462554,4.747714,4.442244,4.3009143,4.268718,4.3137636,3.954598,3.6318166,3.8402152
5.2631927,5.3521557,5.351025,5.4933248,6.405899,6.746355,6.47323,5.8816347,5.2462554,4.747714,4.442244,4.3009143,4.268718,4.3137636,3.954598,3.6318166,3.8402152
5.2631927,5.3521557,5.351025,5.4933248,6.405899,6.746355,6.47323,5.8816347,5.2462554,4.747714,4.442244,4.3009143,4.268718,4.3137636,3.954598,3.6318166,3.8402152
5.2631927,5.3521557,5.351025,5.4933248,6.405899,6.746355,6.47323,5.8816347,5.2462554,4.747714,4.442244,4.3009143,4.268718,4.3137636,3.954598,3.6318166,3.8402152
5.2631927,5.3521557,5.351025,5.4933248,6.405899,6.746355,6.47323,5.8816347,5.2462554,4.747714,4.442244,4.3009143,4.268718,4.3137636,3.954598,3.6318166,3.8402152
5.128283,5.176497,5.179706,5.3234897,6.242215,6.620538,6.4026723,5.8282294,5.224232,4.7506337,4.461467,4.33249,4.321034,4.3539653,3.98561,3.7230444,3.9708636
5.128283,5.176497,5.179706,5.3234897,6.242215,6.620538,6.4026723,5.8282294,5.224232,4.7506337,4.461467,4.33249,4.321034,4.3539653,3.98561,3.7230444,3.9708636
5.128283,5.176497,5.179706,5.3234897,6.242215,6.620538,6.4026723,5.8282294,5.224232,4.7506337,4.461467,4.33249,4.321034,4.3539653,3.98561,3.7230444,3.9708636
5.128283,5.176497,5.179706,5.3234897,6.242215,6.620538,6.4026723,5.8282294,5.224232,4.7506337,4.461467,4.33249,4.321034,4.3539653,3.98561,3.7230444,3.9708636
5.128283,5.176497,5.179706,5.3234897,6.242215,6.620538,6.4026723,5.8282294,5.224232,4.7506337,4.461467,4.33249,4.321034,4.3539653,3.98561,3.7230444,3.9708636
5.128283,5.176497,5.179706,5.3234897,6.242215,6.620538,6.4026723,5.8282294,5.224232,4.7506337,4.461467,4.33249,4.321034,4.3539653,3.98561,3.7230444,3.9708636
4.9607463,4.9824014,4.9840984,5.1278324,6.0979424,6.5397468,6.392427,5.838058,5.2612424,4.806543,4.5248537,4.4011674,4.3981967,4.4444594,4.089572,3.8710935,4.143612
4.9607463,4.9824014,4.9840984,5.1278324,6.0979424,6.5397468,6.392427,5.838058,5.2612424,4.806543,4.5248537,4.4011674,4.3981967,4.4444594,4.089572,3.8710935,4.143612
4.9607463,4.9824014,4.9840984,5.1278324,6.0979424,6.5397468,6.392427,5.838058,5.2612424,4.806543,4.5248537,4.4011674,4.3981967,4.4444594,4.089572,3.8710935,4.143612
4.9607463,4.9824014,4.9840984,5.1278324,6.0979424,6.5397468,6.392427,5.838058,5.2612424,4.806543,4.5248537,4.4011674,4.3981967,4.4444594,4.089572,3.8710935,4.143612
4.9607463,4.9824014,4.9840984,5.1278324,6.0979424,6.5397468,6.392427,5.838058,5.2612424,4.806543,4.5248537,4.4011674,4.3981967,4.4444594,4.089572,3.8710935,4.143612
4.4459066,4.452169,4.4584312,4.5517764,5.45101,5.914584,5.8727202,5.415784,4.912447,4.5065823,4.2504735,4.1313977,4.1200194,4.1516285,3.7274911,3.568288,3.8192112
4.4459066,4.452169,4.4584312,4.5517764,5.45101,5.914584,5.8727202,5.415784,4.912447,4.5065823,4.2504735,4.1313977,4.1200194,4.1516285,3.7274911,3.568288,3.8192112
4.4459066,4.452169,4.4584312,4.5517764,5.45101,5.914584,5.8727202,5.415784,4.912447,4.5065823,4.2504735,4.1313977,4.1200194,4.1516285,3.7274911,3.568288,3.8192112
4.1154804,4.1342816,4.2410383,4.475425,5.0033984,5.3707404,5.321504,4.904185,4.4407315,4.0720363,3.834912,3.7160392,3.6832793,3.645634,3.0111666,3.0277948,3.303861
4.1154804,4.1342816,4.2410383,4.475425,5.0033984,5.3707404,5.321504,4.904185,4.4407315,4.0720363,3.834912,3.7160392,3.6832793,3.645634,3.0111666,3.0277948,3.303861
4.1154804,4.1342816,4.2410383,4.475425,5.0033984,5.3707404,5.321504,4.904185,4.4407315,4.0720363,3.834912,3.7160392,3.6832793,3.645634,3.0111666,3.0277948,3.303861
4.1154804,4.1342816,4.2410383,4.475425,5.0033984,5.3707404,5.321504,4.904185,4.4407315,4.0720363,3.834912,3.7160392,3.6832793,3.645634,3.0111666,3.0277948,3.303861
3.7486863,3.769603,3.882765,4.1648874,4.5833416,4.919988,4.867843,4.495587,4.0828295,3.7624435,3.5649514,3.4867485,3.4575918,3.4191842,2.7474232,2.8206453,3.0610373
3.7486863,3.769603,3.882765,4.1648874,4.5833416,4.919988,4.867843,4.495587,4.0828295,3.7624435,3.5649514,3.4867485,3.4575918,3.4191842,2.7474232,2.8206453,3.0610373
3.7486863,3.769603,3.882765,4.1648874,4.5833416,4.919988,4.867843,4.495587,4.0828295,3.7624435,3.5649514,3.4867485,3.4575918,3.4191842,2.7474232,2.8206453,3.0610373
3.7486863,3.769603,3.882765,4.1648874,4.5833416,4.919988,4.867843,4.495587,4.0828295,3.7624435,3.5649514,3.4867485,3.4575918,3.4191842,2.7474232,2.8206453,3.0610373
3.7486863,3.769603,3.882765,4.1648874,4.5833416,4.919988,4.867843,4.495587,4.0828295,3.7624435,3.5649514,3.4867485,3.4575918,3.4191842,2.7474232,2.8206453,3.0610373
3.7013402,3.7386143,3.864986,4.0969257,4.475402,4.7719884,4.7192216,4.353799,3.942954,3.6159942,3.4060686,3.3133845,3.267236,3.1625392,2.604981,2.7369614,2.9746017
3.7013402,3.7386143,3.864986,4.0969257,4.475402,4.7719884,4.7192216,4.353799,3.942954,3.6159942,3.4060686,3.3133845,3.267236,3.1625392,2.604981,2.7369614,2.9746017
3.7013402,3.7386143,3.864986,4.0969257,4.475402,4.7719884,4.7192216,4.353799,3.942954,3.6159942,3.4060686,3.3133845,3.267236,3.1625392,2.604981,2.7369614,2.9746017
3.6587553,3.671993,3.7588303,4.0212016,4.3992424,4.7227902,4.6825967,4.327195,3.9368956,3.6199355,3.4339147,3.3603768,3.3405218,3.2721522,2.653517,2.7564836,3.0061762
3.6587553,3.671993,3.7588303,4.0212016,4.3992424,4.7227902,4.6825967,4.327195,3.9368956,3.6199355,3.4339147,3.3603768,3.3405218,3.2721522,2.653517,2.7564836,3.0061762
3.6587553,3.671993,3.7588303,4.0212016,4.3992424,4.7227902,4.6825967,4.327195,3.9368956,3.6199355,3.4339147,3.3603768,3.3405218,3.2721522,2.653517,2.7564836,3.0061762
3.6587553,3.671993,3.7588303,4.0212016,4.3992424,4.7227902,4.6825967,4.327195,3.9368956,3.6199355,3.4339147,3.3603768,3.3405218,3.2721522,2.653517,2.7564836,3.0061762
3.6587553,3.671993,3.7588303,4.0212016,4.3992424,4.7227902,4.6825967,4.327195,3.9368956,3.6199355,3.4339147,3.3603768,3.3405218,3.2721522,2.653517,2.7564836,3.0061762
3.6587553,3.671993,3.7588303,4.0212016,4.3992424,4.7227902,4.6825967,4.327195,3.9368956,3.6199355,3.4339147,3.3603768,3.3405218,3.2721522,2.653517,2.7564836,3.0061762
3.5412197,3.5550666,3.6206055,3.8693135,4.25732,4.589047,4.6104913,4.2870746,3.9056544,3.5769265,3.3605902,3.2547333,3.2136943,3.0365458,2.5452106,2.7011185,2.9524617
3.439936,3.4470172,3.5272088,3.7134879,4.134562,4.510761,4.5610657,4.2711678,3.9124334,3.6026716,3.4030583,3.3077579,3.2605517,3.0455325,2.6286216,2.754871,3.006987
3.439936,3.4470172,3.5272088,3.7134879,4.134562,4.510761,4.5610657,4.2711678,3.9124334,3.6026716,3.4030583,3.3077579,3.2605517,3.0455325,2.6286216,2.754871,3.006987
3.439936,3.4470172,3.5272088,3.7134879,4.134562,4.510761,4.5610657,4.2711678,3.9124334,3.6026716,3.4030583,3.3077579,3.2605517,3.0455325,2.6286216,2.754871,3.006987
3.439936,3.4470172,3.5272088,3.7134879,4.134562,4.510761,4.5610657,4.2711678,3.9124334,3.6026716,3.4030583,3.3077579,3.2605517,3.0455325,2.6286216,2.754871,3.006987
3.439936,3.4470172,3.5272088,3.7134879,4.134562,4.510761,4.5610657,4.2711678,3.9124334,3.6026716,3.4030583,3.3077579,3.2605517,3.0455325,2.6286216,2.754871,3.006987
3.439936,3.4470172,3.5272088,3.7134879,4.134562,4.510761,4.5610657,4.2711678,3.9124334,3.6026716,3.4030583,3.3077579,3.2605517,3.0455325,2.6286216,2.754871,3.006987
3.439936,3.4470172,3.5272088,3.7134879,4.134562,4.510761,4.5610657,4.2711678,3.9124334,3.6026716,3.4030583,3.3077579,3.2605517,3.0455325,2.6286216,2.754871,3.006987
3.4625611,3.472726,3.5188055,3.7215102,4.1785088,4.613892,4.6698756,4.384386,4.0236034,3.7327054,3.5495477,3.4787877,3.4535456,3.3169591,2.760631,2.8063097,3.0537689
3.4625611,3.472726,3.5188055,3.7215102,4.1785088,4.613892,4.6698756,4.384386,4.0236034,3.7327054,3.5495477,3.4787877,3.4535456,3.3169591,2.760631,2.8063097,3.0537689
3.4625611,3.472726,3.5188055,3.7215102,4.1785088,4.613892,4.6698756,4.384386,4.0236034,3.7327054,3.5495477,3.4787877,3.4535456,3.3169591,2.760631,2.8063097,3.0537689
3.4625611,3.472726,3.5188055,3.7215102,4.1785088,4.613892,4.6698756,4.384386,4.0236034,3.7327054,3.5495477,3.4787877,3.4535456,3.3169591,2.760631,2.8063097,3.0537689
3.4625611,3.472726,3.5188055,3.7215102,4.1785088,4.613892,4.6698756,4.384386,4.0236034,3.7327054,3.5495477,3.4787877,3.4535456,3.3169591,2.760631,2.8063097,3.0537689
4.0894303,4.0831294,4.079313,4.1847568,4.9435234,5.4398084,5.430619,5.032986,4.5840178,4.252918,4.0728393,4.021145,4.042737,4.0455356,3.6080172,3.4214633,3.6292162
4.0894303,4.0831294,4.079313,4.1847568,4.9435234,5.4398084,5.430619,5.032986,4.5840178,4.252918,4.0728393,4.021145,4.042737,4.0455356,3.6080172,3.4214633,3.6292162
4.0894303,4.0831294,4.079313,4.1847568,4.9435234,5.4398084,5.430619,5.032986,4.5840178,4.252918,4.0728393,4.021145,4.042737,4.0455356,3.6080172,3.4214633,3.6292162
4.0894303,4.0831294,4.079313,4.1847568,4.9435234,5.4398084,5.430619,5.032986,4.5840178,4.252918,4.0728393,4.021145,4.042737,4.0455356,3.6080172,3.4214633,3.6292162
4.0894303,4.0831294,4.079313,4.1847568,4.9435234,5.4398084,5.430619,5.032986,4.5840178,4.252918,4.0728393,4.021145,4.042737,4.0455356,3.6080172,3.4214633,3.6292162
4.0894303,4.0831294,4.079313,4.1847568,4.9435234,5.4398084,5.430619,5.032986,4.5840178,4.252918,4.0728393,4.021145,4.042737,4.0455356,3.6080172,3.4214633,3.6292162
4.5092077,4.51038,4.463038,4.4015,5.3081937,5.8047686,5.735139,5.272043,4.799718,4.466752,4.309812,4.298085,4.339259,4.416335,4.158787,3.8674767,4.0695148
4.5092077,4.51038,4.463038,4.4015,5.3081937,5.8047686,5.735139,5.272043,4.799718,4.466752,4.309812,4.298085,4.339259,4.416335,4.158787,3.8674767,4.0695148
3.802591,3.8109136,3.8511336,4.0056276,4.5478444,4.981088,4.9342413,4.58,4.19128,3.91165,3.7662096,3.738707,3.7515714,3.7098944,3.2222114,3.1758425,3.3913703
3.802591,3.8109136,3.8511336,4.0056276,4.5478444,4.981088,4.9342413,4.58,4.19128,3.91165,3.7662096,3.738707,3.7515714,3.7098944,3.2222114,3.1758425,3.3913703
3.802591,3.8109136,3.8511336,4.0056276,4.5478444,4.981088,4.9342413,4.58,4.19128,3.91165,3.7662096,3.738707,3.7515714,3.7098944,3.2222114,3.1758425,3.3913703
3.802591,3.8109136,3.8511336,4.0056276,4.5478444,4.981088,4.9342413,4.58,4.19128,3.91165,3.7662096,3.738707,3.7515714,3.7098944,3.2222114,3.1758425,3.3913703
3.9355357,3.9411943,4.0513954,4.222672,4.623914,4.9746156,4.842426,4.464022,4.0856175,3.8405056,3.722891,3.7082157,3.7198741,3.6576862,3.1389835,3.1818225,3.4568129
3.9355357,3.9411943,4.0513954,4.222672,4.623914,4.9746156,4.842426,4.464022,4.0856175,3.8405056,3.722891,3.7082157,3.7198741,3.6576862,3.1389835,3.1818225,3.4568129
3.9355357,3.9411943,4.0513954,4.222672,4.623914,4.9746156,4.842426,4.464022,4.0856175,3.8405056,3.722891,3.7082157,3.7198741,3.6576862,3.1389835,3.1818225,3.4568129
3.9355357,3.9411943,4.0513954,4.222672,4.623914,4.9746156,4.842426,4.464022,4.0856175,3.8405056,3.722891,3.7082157,3.7198741,3.6576862,3.1389835,3.1818225,3.4568129
3.9355357,3.9411943,4.0513954,4.222672,4.623914,4.9746156,4.842426,4.464022,4.0856175,3.8405056,3.722891,3.7082157,3.7198741,3.6576862,3.1389835,3.1818225,3.4568129
4.231907,4.2383647,4.3333225,4.424686,4.911136,5.2336907,5.070774,4.6788526,4.2864203,4.0133095,3.873341,3.8435504,3.860748,3.7782273,3.2627544,3.317146,3.59881
4.231907,4.2383647,4.3333225,4.424686,4.911136,5.2336907,5.070774,4.6788526,4.2864203,4.0133095,3.873341,3.8435504,3.860748,3.7782273,3.2627544,3.317146,3.59881
4.887183,4.9070725,4.931735,4.93275,5.6634474,6.002661,5.75701,5.285365,4.8358893,4.55298,4.4486012,4.458274,4.503964,4.530952,4.2184896,4.067856,4.308742
4.887183,4.9070725,4.931735,4.93275,5.6634474,6.002661,5.75701,5.285365,4.8358893,4.55298,4.4486012,4.458274,4.503964,4.530952,4.2184896,4.067856,4.308742
4.887183,4.9070725,4.931735,4.93275,5.6634474,6.002661,5.75701,5.285365,4.8358893,4.55298,4.4486012,4.458274,4.503964,4.530952,4.2184896,4.067856,4.308742
4.887183,4.9070725,4.931735,4.93275,5.6634474,6.002661,5.75701,5.285365,4.8358893,4.55298,4.4486012,4.458274,4.503964,4.530952,4.2184896,4.067856,4.308742
4.887183,4.9070725,4.931735,4.93275,5.6634474,6.002661,5.75701,5.285365,4.8358893,4.55298,4.4486012,4.458274,4.503964,4.530952,4.2184896,4.067856,4.308742
4.887183,4.9070725,4.931735,4.93275,5.6634474,6.002661,5.75701,5.285365,4.8358893,4.55298,4.4486012,4.458274,4.503964,4.530952,4.2184896,4.067856,4.308742
4.887183,4.9070725,4.931735,4.93275,5.6634474,6.002661,5.75701,5.285365,4.8358893,4.55298,4.4486012,4.458274,4.503964,4.530952,4.2184896,4.067856,4.308742
4.854317,4.866216,4.868456,4.8904448,5.774063,6.2430544,6.057831,5.5928216,5.1730523,4.908653,4.82201,4.8438053,4.908879,4.9999137,4.7694926,4.444353,4.5679264
4.854317,4.866216,4.868456,4.8904448,5.774063,6.2430544,6.057831,5.5928216,5.1730523,4.908653,4.82201,4.8438053,4.908879,4.9999137,4.7694926,4.444353,4.5679264
4.854317,4.866216,4.868456,4.8904448,5.774063,6.2430544,6.057831,5.5928216,5.1730523,4.908653,4.82201,4.8438053,4.908879,4.9999137,4.7694926,4.444353,4.5679264
4.854317,4.866216,4.868456,4.8904448,5.774063,6.2430544,6.057831,5.5928216,5.1730523,4.908653,4.82201,4.8438053,4.908879,4.9999137,4.7694926,4.444353,4.5679264
4.393369,4.4016438,4.532368,4.7728314,5.4425015,5.8590875,5.675881,5.252208,4.8786163,4.64377,4.574905,4.603935,4.6730056,4.738954,4.3368907,4.0258512,4.1056266
4.006232,3.993675,3.9593747,3.958752,4.918815,5.5824122,5.560634,5.195571,4.848405,4.6183896,4.5378866,4.5514784,4.588138,4.644878,4.289703,3.931965,4.040917
4.006232,3.993675,3.9593747,3.958752,4.918815,5.5824122,5.560634,5.195571,4.848405,4.6183896,4.5378866,4.5514784,4.588138,4.644878,4.289703,3.931965,4.040917
4.006232,3.993675,3.9593747,3.958752,4.918815,5.5824122,5.560634,5.195571,4.848405,4.6183896,4.5378866,4.5514784,4.588138,4.644878,4.289703,3.931965,4.040917
3.8157704,3.806783,3.8626664,4.0822678,4.794073,5.373394,5.337383,4.9943852,4.6718783,4.461719,4.3827834,4.4066334,4.4505496,4.4941807,4.019247,3.703613,3.7950974
4.006232,3.993675,3.9593747,3.958752,4.918815,5.5824122,5.560634,5.195571,4.848405,4.6183896,4.5378866,4.5514784,4.588138,4.644878,4.289703,3.931965,4.040917
4.006232,3.993675,3.9593747,3.958752,4.918815,5.5824122,5.560634,5.195571,4.848405,4.6183896,4.5378866,4.5514784,4.588138,4.644878,4.289703,3.931965,4.040917
4.006232,3.993675,3.9593747,3.958752,4.918815,5.5824122,5.560634,5.195571,4.848405,4.6183896,4.5378866,4.5514784,4.588138,4.644878,4.289703,3.931965,4.040917
3.7946982,3.757778,3.8935099,4.1408267,4.7633142,5.2984486,5.2825513,4.949113,4.6135488,4.4028177,4.307781,4.3053126,4.3364387,4.349641,3.7544005,3.5442958,3.753694
3.7946982,3.757778,3.8935099,4.1408267,4.7633142,5.2984486,5.2825513,4.949113,4.6135488,4.4028177,4.307781,4.3053126,4.3364387,4.349641,3.7544005,3.5442958,3.753694
3.7946982,3.757778,3.8935099,4.1408267,4.7633142,5.2984486,5.2825513,4.949113,4.6135488,4.4028177,4.307781,4.3053126,4.3364387,4.349641,3.7544005,3.5442958,3.753694
3.7946982,3.757778,3.8935099,4.1408267,4.7633142,5.2984486,5.2825513,4.949113,4.6135488,4.4028177,4.307781,4.3053126,4.3364387,4.349641,3.7544005,3.5442958,3.753694
3.7946982,3.757778,3.8935099,4.1408267,4.7633142,5.2984486,5.2825513,4.949113,4.6135488,4.4028177,4.307781,4.3053126,4.3364387,4.349641,3.7544005,3.5442958,3.753694
4.119681,4.083898,4.0273705,4.0194573,4.954698,5.5382304,5.5135174,5.1720943,4.831729,4.6144814,4.519971,4.5237746,4.600769,4.67636,4.335038,3.981394,4.139084
4.119681,4.083898,4.0273705,4.0194573,4.954698,5.5382304,5.5135174,5.1720943,4.831729,4.6144814,4.519971,4.5237746,4.600769,4.67636,4.335038,3.981394,4.139084
3.7511113,3.705183,3.745171,4.091755,4.7103143,5.1754704,5.147939,4.845364,4.532993,4.3416095,4.2567854,4.265791,4.3308463,4.3672395,3.8750865,3.6625178,3.839512
3.7511113,3.705183,3.745171,4.091755,4.7103143,5.1754704,5.147939,4.845364,4.532993,4.3416095,4.2567854,4.265791,4.3308463,4.3672395,3.8750865,3.6625178,3.839512
3.7511113,3.705183,3.745171,4.091755,4.7103143,5.1754704,5.147939,4.845364,4.532993,4.3416095,4.2567854,4.265791,4.3308463,4.3672395,3.8750865,3.6625178,3.839512
3.7511113,3.705183,3.745171,4.091755,4.7103143,5.1754704,5.147939,4.845364,4.532993,4.3416095,4.2567854,4.265791,4.3308463,4.3672395,3.8750865,3.6625178,3.839512
3.7511113,3.705183,3.745171,4.091755,4.7103143,5.1754704,5.147939,4.845364,4.532993,4.3416095,4.2567854,4.265791,4.3308463,4.3672395,3.8750865,3.6625178,3.839512
3.7511113,3.705183,3.745171,4.091755,4.7103143,5.1754704,5.147939,4.845364,4.532993,4.3416095,4.2567854,4.265791,4.3308463,4.3672395,3.8750865,3.6625178,3.839512
3.7511113,3.705183,3.745171,4.091755,4.7103143,5.1754704,5.147939,4.845364,4.532993,4.3416095,4.2567854,4.265791,4.3308463,4.3672395,3.8750865,3.6625178,3.839512
3.6404595,3.566598,3.6250014,4.035587,4.5154386,4.928,4.9305143,4.6625843,4.3758984,4.200004,4.138211,4.171285,4.2168283,4.2009177,3.6663618,3.5532212,3.750766
3.6801307,3.6038182,3.6062276,3.9280832,4.5177817,5.00214,5.056874,4.7913165,4.495652,4.303543,4.2236643,4.2443776,4.2894645,4.2940917,3.84827,3.705467,3.89354
3.6801307,3.6038182,3.6062276,3.9280832,4.5177817,5.00214,5.056874,4.7913165,4.495652,4.303543,4.2236643,4.2443776,4.2894645,4.2940917,3.84827,3.705467,3.89354
3.6801307,3.6038182,3.6062276,3.9280832,4.5177817,5.00214,5.056874,4.7913165,4.495652,4.303543,4.2236643,4.2443776,4.2894645,4.2940917,3.84827,3.705467,3.89354
3.6801307,3.6038182,3.6062276,3.9280832,4.5177817,5.00214,5.056874,4.7913165,4.495652,4.303543,4.2236643,4.2443776,4.2894645,4.2940917,3.84827,3.705467,3.89354
3.6801307,3.6038182,3.6062276,3.9280832,4.5177817,5.00214,5.056874,4.7913165,4.495652,4.303543,4.2236643,4.2443776,4.2894645,4.2940917,3.84827,3.705467,3.89354
3.6801307,3.6038182,3.6062276,3.9280832,4.5177817,5.00214,5.056874,4.7913165,4.495652,4.303543,4.2236643,4.2443776,4.2894645,4.2940917,3.84827,3.705467,3.89354
4.027903,3.924872,3.8435788,3.947708,4.665547,5.1667085,5.2758,5.0256076,4.7063313,4.5017157,4.4160094,4.429174,4.474338,4.5080485,4.183583,4.031461,4.2728305
4.027903,3.924872,3.8435788,3.947708,4.665547,5.1667085,5.2758,5.0256076,4.7063313,4.5017157,4.4160094,4.429174,4.474338,4.5080485,4.183583,4.031461,4.2728305
4.027903,3.924872,3.8435788,3.947708,4.665547,5.1667085,5.2758,5.0256076,4.7063313,4.5017157,4.4160094,4.429174,4.474338,4.5080485,4.183583,4.031461,4.2728305
4.027903,3.924872,3.8435788,3.947708,4.665547,5.1667085,5.2758,5.0256076,4.7063313,4.5017157,4.4160094,4.429174,4.474338,4.5080485,4.183583,4.031461,4.2728305
4.027903,3.924872,3.8435788,3.947708,4.665547,5.1667085,5.2758,5.0256076,4.7063313,4.5017157,4.4160094,4.429174,4.474338,4.5080485,4.183583,4.031461,4.2728305
4.027903,3.924872,3.8435788,3.947708,4.665547,5.1667085,5.2758,5.0256076,4.7063313,4.5017157,4.4160094,4.429174,4.474338,4.5080485,4.183583,4.031461,4.2728305
4.4469886,4.316004,4.1775002,4.099532,4.9704914,5.47169,5.603678,5.3411126,4.9936423,4.7548113,4.64217,4.6395903,4.7054234,4.770139,4.542955,4.3601246,4.6410065
4.4469886,4.316004,4.1775002,4.099532,4.9704914,5.47169,5.603678,5.3411126,4.9936423,4.7548113,4.64217,4.6395903,4.7054234,4.770139,4.542955,4.3601246,4.6410065
4.4469886,4.316004,4.1775002,4.099532,4.9704914,5.47169,5.603678,5.3411126,4.9936423,4.7548113,4.64217,4.6395903,4.7054234,4.770139,4.542955,4.3601246,4.6410065
4.4469886,4.316004,4.1775002,4.099532,4.9704914,5.47169,5.603678,5.3411126,4.9936423,4.7548113,4.64217,4.6395903,4.7054234,4.770139,4.542955,4.3601246,4.6410065
4.4469886,4.316004,4.1775002,4.099532,4.9704914,5.47169,5.603678,5.3411126,4.9936423,4.7548113,4.64217,4.6395903,4.7054234,4.770139,4.542955,4.3601246,4.6410065
4.648435,4.5314856,4.4024916,4.3561025,5.219089,5.6881256,5.785825,5.4894495,5.1138024,4.8510475,4.7134867,4.690179,4.7757754,4.840278,4.5775084,4.4071245,4.7233863
4.648435,4.5314856,4.4024916,4.3561025,5.219089,5.6881256,5.785825,5.4894495,5.1138024,4.8510475,4.7134867,4.690179,4.7757754,4.840278,4.5775084,4.4071245,4.7233863
4.648435,4.5314856,4.4024916,4.3561025,5.219089,5.6881256,5.785825,5.4894495,5.1138024,4.8510475,4.7134867,4.690179,4.7757754,4.840278,4.5775084,4.4071245,4.7233863
4.648435,4.5314856,4.4024916,4.3561025,5.219089,5.6881256,5.785825,5.4894495,5.1138024,4.8510475,4.7134867,4.690179,4.7757754,4.840278,4.5775084,4.4071245,4.7233863
4.648435,4.5314856,4.4024916,4.3561025,5.219089,5.6881256,5.785825,5.4894495,5.1138024,4.8510475,4.7134867,4.690179,4.7757754,4.840278,4.5775084,4.4071245,4.7233863
4.648435,4.5314856,4.4024916,4.3561025,5.219089,5.6881256,5.785825,5.4894495,5.1138024,4.8510475,4.7134867,4.690179,4.7757754,4.840278,4.5775084,4.4071245,4.7233863
4.8848057,4.7920256,4.693219,4.6537423,5.488889,5.906669,5.9289303,5.6101327,5.232465,4.9576583,4.8032255,4.7762814,4.8537636,4.901807,4.6109557,4.4548464,4.7619386
4.8848057,4.7920256,4.693219,4.6537423,5.488889,5.906669,5.9289303,5.6101327,5.232465,4.9576583,4.8032255,4.7762814,4.8537636,4.901807,4.6109557,4.4548464,4.7619386
4.8848057,4.7920256,4.693219,4.6537423,5.488889,5.906669,5.9289303,5.6101327,5.232465,4.9576583,4.8032255,4.7762814,4.8537636,4.901807,4.6109557,4.4548464,4.7619386
4.8848057,4.7920256,4.693219,4.6537423,5.488889,5.906669,5.9289303,5.6101327,5.232465,4.9576583,4.8032255,4.7762814,4.8537636,4.901807,4.6109557,4.4548464,4.7619386
4.8848057,4.7920256,4.693219,4.6537423,5.488889,5.906669,5.9289303,5.6101327,5.232465,4.9576583,4.8032255,4.7762814,4.8537636,4.901807,4.6109557,4.4548464,4.7619386
5.0519505,4.97072,4.8876934,4.902062,5.745019,6.1322293,6.1032248,5.776584,5.40409,5.132684,4.988419,4.9731865,5.0427833,5.063475,4.778866,4.5792565,4.8310804
5.0519505,4.97072,4.8876934,4.902062,5.745019,6.1322293,6.1032248,5.776584,5.40409,5.132684,4.988419,4.9731865,5.0427833,5.063475,4.778866,4.5792565,4.8310804
5.0519505,4.97072,4.8876934,4.902062,5.745019,6.1322293,6.1032248,5.776584,5.40409,5.132684,4.988419,4.9731865,5.0427833,5.063475,4.778866,4.5792565,4.8310804
5.0519505,4.97072,4.8876934,4.902062,5.745019,6.1322293,6.1032248,5.776584,5.40409,5.132684,4.988419,4.9731865,5.0427833,5.063475,4.778866,4.5792565,4.8310804
5.0519505,4.97072,4.8876934,4.902062,5.745019,6.1322293,6.1032248,5.776584,5.40409,5.132684,4.988419,4.9731865,5.0427833,5.063475,4.778866,4.5792565,4.8310804
5.0519505,4.97072,4.8876934,4.902062,5.745019,6.1322293,6.1032248,5.776584,5.40409,5.132684,4.988419,4.9731865,5.0427833,5.063475,4.778866,4.5792565,4.8310804
5.0726624,4.9990573,4.9129763,4.9862,5.8771834,6.318291,6.2904525,5.966683,5.6027555,5.3212214,5.1897473,5.187762,5.2408137,5.26618,4.9908223,4.7165475,4.9376345
5.0726624,4.9990573,4.9129763,4.9862,5.8771834,6.318291,6.2904525,5.966683,5.6027555,5.3212214,5.1897473,5.187762,5.2408137,5.26618,4.9908223,4.7165475,4.9376345
5.0726624,4.9990573,4.9129763,4.9862,5.8771834,6.318291,6.2904525,5.966683,5.6027555,5.3212214,5.1897473,5.187762,5.2408137,5.26618,4.9908223,4.7165475,4.9376345
5.0726624,4.9990573,4.9129763,4.9862,5.8771834,6.318291,6.2904525,5.966683,5.6027555,5.3212214,5.1897473,5.187762,5.2408137,5.26618,4.9908223,4.7165475,4.9376345
5.0726624,4.9990573,4.9129763,4.9862,5.8771834,6.318291,6.2904525,5.966683,5.6027555,5.3212214,5.1897473,5.187762,5.2408137,5.26618,4.9908223,4.7165475,4.9376345
5.0726624,4.9990573,4.9129763,4.9862,5.8771834,6.318291,6.2904525,5.966683,5.6027555,5.3212214,5.1897473,5.187762,5.2408137,5.26618,4.9908223,4.7165475,4.9376345
4.7371993,4.644029,4.542923,4.6051335,5.509283,6.0298157,6.0831175,5.807331,5.4776044,5.22317,5.099365,5.0679793,5.1016774,5.1137543,4.834482,4.570519,4.7497835
4.7371993,4.644029,4.542923,4.6051335,5.509283,6.0298157,6.0831175,5.807331,5.4776044,5.22317,5.099365,5.0679793,5.1016774,5.1137543,4.834482,4.570519,4.7497835
4.7371993,4.644029,4.542923,4.6051335,5.509283,6.0298157,6.0831175,5.807331,5.4776044,5.22317,5.099365,5.0679793,5.1016774,5.1137543,4.834482,4.570519,4.7497835
4.7371993,4.644029,4.542923,4.6051335,5.509283,6.0298157,6.0831175,5.807331,5.4776044,5.22317,5.099365,5.0679793,5.1016774,5.1137543,4.834482,4.570519,4.7497835
4.7371993,4.644029,4.542923,4.6051335,5.509283,6.0298157,6.0831175,5.807331,5.4776044,5.22317,5.099365,5.0679793,5.1016774,5.1137543,4.834482,4.570519,4.7497835
4.7371993,4.644029,4.542923,4.6051335,5.509283,6.0298157,6.0831175,5.807331,5.4776044,5.22317,5.099365,5.0679793,5.1016774,5.1137543,4.834482,4.570519,4.7497835
4.6676655,4.5705867,4.459767,4.5476875,5.4206376,5.9483123,6.052505,5.810653,5.5054355,5.261297,5.129626,5.107923,5.131156,5.136206,4.84773,4.587615,4.7613425
4.6676655,4.5705867,4.459767,4.5476875,5.4206376,5.9483123,6.052505,5.810653,5.5054355,5.261297,5.129626,5.107923,5.131156,5.136206,4.84773,4.587615,4.7613425
4.6676655,4.5705867,4.459767,4.5476875,5.4206376,5.9483123,6.052505,5.810653,5.5054355,5.261297,5.129626,5.107923,5.131156,5.136206,4.84773,4.587615,4.7613425
4.6676655,4.5705867,4.459767,4.5476875,5.4206376,5.9483123,6.052505,5.810653,5.5054355,5.261297,5.129626,5.107923,5.131156,5.136206,4.84773,4.587615,4.7613425
4.6676655,4.5705867,4.459767,4.5476875,5.4206376,5.9483123,6.052505,5.810653,5.5054355,5.261297,5.129626,5.107923,5.131156,5.136206,4.84773,4.587615,4.7613425
4.6676655,4.5705867,4.459767,4.5476875,5.4206376,5.9483123,6.052505,5.810653,5.5054355,5.261297,5.129626,5.107923,5.131156,5.136206,4.84773,4.587615,4.7613425
4.7764935,4.6755276,4.5842724,4.724023,5.5472374,6.0418735,6.1455956,5.9070373,5.60391,5.356423,5.2209015,5.200805,5.20883,5.218094,4.8997407,4.6139507,4.792678
4.7764935,4.6755276,4.5842724,4.724023,5.5472374,6.0418735,6.1455956,5.9070373,5.60391,5.356423,5.2209015,5.200805,5.20883,5.218094,4.8997407,4.6139507,4.792678
4.7764935,4.6755276,4.5842724,4.724023,5.5472374,6.0418735,6.1455956,5.9070373,5.60391,5.356423,5.2209015,5.200805,5.20883,5.218094,4.8997407,4.6139507,4.792678
4.7764935,4.6755276,4.5842724,4.724023,5.5472374,6.0418735,6.1455956,5.9070373,5.60391,5.356423,5.2209015,5.200805,5.20883,5.218094,4.8997407,4.6139507,4.792678
4.7764935,4.6755276,4.5842724,4.724023,5.5472374,6.0418735,6.1455956,5.9070373,5.60391,5.356423,5.2209015,5.200805,5.20883,5.218094,4.8997407,4.6139507,4.792678
4.7764935,4.6755276,4.5842724,4.724023,5.5472374,6.0418735,6.1455956,5.9070373,5.60391,5.356423,5.2209015,5.200805,5.20883,5.218094,4.8997407,4.6139507,4.792678
4.5977416,4.4910955,4.398747,4.591483,5.3580804,5.7903447,5.8832674,5.661684,5.4009695,5.1872687,5.071416,5.05368,5.0561357,5.029924,4.6143336,4.375331,4.5847416
4.5977416,4.4910955,4.398747,4.591483,5.3580804,5.7903447,5.8832674,5.661684,5.4009695,5.1872687,5.071416,5.05368,5.0561357,5.029924,4.6143336,4.375331,4.5847416
4.5977416,4.4910955,4.398747,4.591483,5.3580804,5.7903447,5.8832674,5.661684,5.4009695,5.1872687,5.071416,5.05368,5.0561357,5.029924,4.6143336,4.375331,4.5847416
4.5977416,4.4910955,4.398747,4.591483,5.3580804,5.7903447,5.8832674,5.661684,5.4009695,5.1872687,5.071416,5.05368,5.0561357,5.029924,4.6143336,4.375331,4.5847416
4.5977416,4.4910955,4.398747,4.591483,5.3580804,5.7903447,5.8832674,5.661684,5.4009695,5.1872687,5.071416,5.05368,5.0561357,5.029924,4.6143336,4.375331,4.5847416
4.5977416,4.4910955,4.398747,4.591483,5.3580804,5.7903447,5.8832674,5.661684,5.4009695,5.1872687,5.071416,5.05368,5.0561357,5.029924,4.6143336,4.375331,4.5847416
4.4571514,4.3627753,4.372063,4.5793695,5.176328,5.551688,5.611386,5.3934536,5.1468196,4.9490457,4.841135,4.8143682,4.800002,4.718702,4.196566,4.0593815,4.3063745
4.4571514,4.3627753,4.372063,4.5793695,5.176328,5.551688,5.611386,5.3934536,5.1468196,4.9490457,4.841135,4.8143682,4.800002,4.718702,4.196566,4.0593815,4.3063745
4.4571514,4.3627753,4.372063,4.5793695,5.176328,5.551688,5.611386,5.3934536,5.1468196,4.9490457,4.841135,4.8143682,4.800002,4.718702,4.196566,4.0593815,4.3063745
4.4571514,4.3627753,4.372063,4.5793695,5.176328,5.551688,5.611386,5.3934536,5.1468196,4.9490457,4.841135,4.8143682,4.800002,4.718702,4.196566,4.0593815,4.3063745
4.4571514,4.3627753,4.372063,4.5793695,5.176328,5.551688,5.611386,5.3934536,5.1468196,4.9490457,4.841135,4.8143682,4.800002,4.718702,4.196566,4.0593815,4.3063745
4.6980853,4.582931,4.485706,4.7124066,5.4667997,5.8528614,5.901331,5.667013,5.4173656,5.2127748,5.110358,5.07426,5.090705,5.047069,4.612128,4.398161,4.6386604
4.6980853,4.582931,4.485706,4.7124066,5.4667997,5.8528614,5.901331,5.667013,5.4173656,5.2127748,5.110358,5.07426,5.090705,5.047069,4.612128,4.398161,4.6386604
4.749765,4.6372557,4.542775,4.7704263,5.5149484,5.895057,5.9247737,5.6880093,5.4391036,5.239984,5.143381,5.1019845,5.1190066,5.0733495,4.6635084,4.4514275,4.6799264
4.749765,4.6372557,4.542775,4.7704263,5.5149484,5.895057,5.9247737,5.6880093,5.4391036,5.239984,5.143381,5.1019845,5.1190066,5.0733495,4.6635084,4.4514275,4.6799264
4.749765,4.6372557,4.542775,4.7704263,5.5149484,5.895057,5.9247737,5.6880093,5.4391036,5.239984,5.143381,5.1019845,5.1190066,5.0733495,4.6635084,4.4514275,4.6799264
4.749765,4.6372557,4.542775,4.7704263,5.5149484,5.895057,5.9247737,5.6880093,5.4391036,5.239984,5.143381,5.1019845,5.1190066,5.0733495,4.6635084,4.4514275,4.6799264
4.749765,4.6372557,4.542775,4.7704263,5.5149484,5.895057,5.9247737,5.6880093,5.4391036,5.239984,5.143381,5.1019845,5.1190066,5.0733495,4.6635084,4.4514275,4.6799264
4.749765,4.6372557,4.542775,4.7704263,5.5149484,5.895057,5.9247737,5.6880093,5.4391036,5.239984,5.143381,5.1019845,5.1190066,5.0733495,4.6635084,4.4514275,4.6799264
4.749765,4.6372557,4.542775,4.7704263,5.5149484,5.895057,5.9247737,5.6880093,5.4391036,5.239984,5.143381,5.1019845,5.1190066,5.0733495,4.6635084,4.4514275,4.6799264
4.584804,4.486479,4.480896,4.7954273,5.4002986,5.768669,5.7897787,5.5708656,5.3341613,5.1546736,5.0709186,5.033206,5.041315,4.9969854,4.4503164,4.2471557,4.465967
4.584804,4.486479,4.480896,4.7954273,5.4002986,5.768669,5.7897787,5.5708656,5.3341613,5.1546736,5.0709186,5.033206,5.041315,4.9969854,4.4503164,4.2471557,4.465967
4.584804,4.486479,4.480896,4.7954273,5.4002986,5.768669,5.7897787,5.5708656,5.3341613,5.1546736,5.0709186,5.033206,5.041315,4.9969854,4.4503164,4.2471557,4.465967
4.584804,4.486479,4.480896,4.7954273,5.4002986,5.768669,5.7897787,5.5708656,5.3341613,5.1546736,5.0709186,5.033206,5.041315,4.9969854,4.4503164,4.2471557,4.465967
4.584804,4.486479,4.480896,4.7954273,5.4002986,5.768669,5.7897787,5.5708656,5.3341613,5.1546736,5.0709186,5.033206,5.041315,4.9969854,4.4503164,4.2471557,4.465967
4.584804,4.486479,4.480896,4.7954273,5.4002986,5.768669,5.7897787,5.5708656,5.3341613,5.1546736,5.0709186,5.033206,5.041315,4.9969854,4.4503164,4.2471557,4.465967
4.8902917,4.7841473,4.677682,4.8885627,5.625982,6.0148153,6.031937,5.819122,5.585217,5.411456,5.343036,5.3275456,5.338741,5.320817,4.8974285,4.651829,4.8460083
4.8902917,4.7841473,4.677682,4.8885627,5.625982,6.0148153,6.031937,5.819122,5.585217,5.411456,5.343036,5.3275456,5.338741,5.320817,4.8974285,4.651829,4.8460083
4.8902917,4.7841473,4.677682,4.8885627,5.625982,6.0148153,6.031937,5.819122,5.585217,5.411456,5.343036,5.3275456,5.338741,5.320817,4.8974285,4.651829,4.8460083
4.8902917,4.7841473,4.677682,4.8885627,5.625982,6.0148153,6.031937,5.819122,5.585217,5.411456,5.343036,5.3275456,5.338741,5.320817,4.8974285,4.651829,4.8460083
4.8902917,4.7841473,4.677682,4.8885627,5.625982,6.0148153,6.031937,5.819122,5.585217,5.411456,5.343036,5.3275456,5.338741,5.320817,4.8974285,4.651829,4.8460083
4.388694,4.2840223,4.2878747,4.589996,5.1323543,5.5096345,5.572185,5.389238,5.181311,5.03078,4.954351,4.945047,4.9485645,4.918012,4.3257737,4.1554313,4.34298
4.4574065,4.36738,4.374075,4.744212,5.2790895,5.6300325,5.683645,5.506433,5.309084,5.1578774,5.094396,5.109462,5.125377,5.0762534,4.4320464,4.234346,4.4317393
4.4574065,4.36738,4.374075,4.744212,5.2790895,5.6300325,5.683645,5.506433,5.309084,5.1578774,5.094396,5.109462,5.125377,5.0762534,4.4320464,4.234346,4.4317393
4.4574065,4.36738,4.374075,4.744212,5.2790895,5.6300325,5.683645,5.506433,5.309084,5.1578774,5.094396,5.109462,5.125377,5.0762534,4.4320464,4.234346,4.4317393
4.4574065,4.36738,4.374075,4.744212,5.2790895,5.6300325,5.683645,5.506433,5.309084,5.1578774,5.094396,5.109462,5.125377,5.0762534,4.4320464,4.234346,4.4317393
4.4574065,4.36738,4.374075,4.744212,5.2790895,5.6300325,5.683645,5.506433,5.309084,5.1578774,5.094396,5.109462,5.125377,5.0762534,4.4320464,4.234346,4.4317393
4.4574065,4.36738,4.374075,4.744212,5.2790895,5.6300325,5.683645,5.506433,5.309084,5.1578774,5.094396,5.109462,5.125377,5.0762534,4.4320464,4.234346,4.4317393
4.5241847,4.4376707,4.470034,4.816629,5.3393908,5.6588144,5.6883945,5.5150023,5.326434,5.186722,5.128257,5.15608,5.179025,5.118044,4.5017085,4.2720537,4.493526
4.5241847,4.4376707,4.470034,4.816629,5.3393908,5.6588144,5.6883945,5.5150023,5.326434,5.186722,5.128257,5.15608,5.179025,5.118044,4.5017085,4.2720537,4.493526
4.5241847,4.4376707,4.470034,4.816629,5.3393908,5.6588144,5.6883945,5.5150023,5.326434,5.186722,5.128257,5.15608,5.179025,5.118044,4.5017085,4.2720537,4.493526
4.5241847,4.4376707,4.470034,4.816629,5.3393908,5.6588144,5.6883945,5.5150023,5.326434,5.186722,5.128257,5.15608,5.179025,5.118044,4.5017085,4.2720537,4.493526
4.5241847,4.4376707,4.470034,4.816629,5.3393908,5.6588144,5.6883945,5.5150023,5.326434,5.186722,5.128257,5.15608,5.179025,5.118044,4.5017085,4.2720537,4.493526
4.5241847,4.4376707,4.470034,4.816629,5.3393908,5.6588144,5.6883945,5.5150023,5.326434,5.186722,5.128257,5.15608,5.179025,5.118044,4.5017085,4.2720537,4.493526
4.5838623,4.5115447,4.5542893,4.8765774,5.4029307,5.711064,5.7293296,5.5496,5.371569,5.242634,5.1899695,5.2154107,5.247324,5.188439,4.577011,4.358386,4.5844026
4.0888004,4.0327334,4.143079,4.5723295,4.9702635,5.26837,5.331035,5.197284,5.050375,4.9443803,4.8854733,4.900097,4.932771,4.849462,4.1013794,3.936219,4.1379714
4.0888004,4.0327334,4.143079,4.5723295,4.9702635,5.26837,5.331035,5.197284,5.050375,4.9443803,4.8854733,4.900097,4.932771,4.849462,4.1013794,3.936219,4.1379714
4.0888004,4.0327334,4.143079,4.5723295,4.9702635,5.26837,5.331035,5.197284,5.050375,4.9443803,4.8854733,4.900097,4.932771,4.849462,4.1013794,3.936219,4.1379714
4.0888004,4.0327334,4.143079,4.5723295,4.9702635,5.26837,5.331035,5.197284,5.050375,4.9443803,4.8854733,4.900097,4.932771,4.849462,4.1013794,3.936219,4.1379714
4.0888004,4.0327334,4.143079,4.5723295,4.9702635,5.26837,5.331035,5.197284,5.050375,4.9443803,4.8854733,4.900097,4.932771,4.849462,4.1013794,3.936219,4.1379714
4.0888004,4.0327334,4.143079,4.5723295,4.9702635,5.26837,5.331035,5.197284,5.050375,4.9443803,4.8854733,4.900097,4.932771,4.849462,4.1013794,3.936219,4.1379714
4.0888004,4.0327334,4.143079,4.5723295,4.9702635,5.26837,5.331035,5.197284,5.050375,4.9443803,4.8854733,4.900097,4.932771,4.849462,4.1013794,3.936219,4.1379714
4.446051,4.3822227,4.3541727,4.63949,5.2419457,5.55803,5.6133075,5.460316,5.3144283,5.2008953,5.1509495,5.1623774,5.2014856,5.132364,4.5458775,4.348861,4.5973687
4.0563135,4.009702,4.1323442,4.5504436,4.9440584,5.2264605,5.294002,5.1696534,5.037678,4.9465427,4.892387,4.8938746,4.909605,4.815181,4.0443983,3.9525368,4.17851
4.0563135,4.009702,4.1323442,4.5504436,4.9440584,5.2264605,5.294002,5.1696534,5.037678,4.9465427,4.892387,4.8938746,4.909605,4.815181,4.0443983,3.9525368,4.17851
4.0563135,4.009702,4.1323442,4.5504436,4.9440584,5.2264605,5.294002,5.1696534,5.037678,4.9465427,4.892387,4.8938746,4.909605,4.815181,4.0443983,3.9525368,4.17851
4.0563135,4.009702,4.1323442,4.5504436,4.9440584,5.2264605,5.294002,5.1696534,5.037678,4.9465427,4.892387,4.8938746,4.909605,4.815181,4.0443983,3.9525368,4.17851
4.0563135,4.009702,4.1323442,4.5504436,4.9440584,5.2264605,5.294002,5.1696534,5.037678,4.9465427,4.892387,4.8938746,4.909605,4.815181,4.0443983,3.9525368,4.17851
4.0563135,4.009702,4.1323442,4.5504436,4.9440584,5.2264605,5.294002,5.1696534,5.037678,4.9465427,4.892387,4.8938746,4.909605,4.815181,4.0443983,3.9525368,4.17851
4.0563135,4.009702,4.1323442,4.5504436,4.9440584,5.2264605,5.294002,5.1696534,5.037678,4.9465427,4.892387,4.8938746,4.909605,4.815181,4.0443983,3.9525368,4.17851
3.9256718,3.866697,4.0396204,4.4005065,4.7872567,5.0541058,5.1394835,5.039591,4.911558,4.828458,4.7739105,4.765943,4.7597837,4.615141,3.7753112,3.7862618,4.0244684
4.0560036,3.9966888,4.15625,4.5673137,4.9526577,5.219626,5.2739224,5.1483746,5.013269,4.9331427,4.884879,4.8776217,4.865072,4.7523007,3.979367,3.961563,4.2120824
4.0560036,3.9966888,4.15625,4.5673137,4.9526577,5.219626,5.2739224,5.1483746,5.013269,4.9331427,4.884879,4.8776217,4.865072,4.7523007,3.979367,3.961563,4.2120824
4.0560036,3.9966888,4.15625,4.5673137,4.9526577,5.219626,5.2739224,5.1483746,5.013269,4.9331427,4.884879,4.8776217,4.865072,4.7523007,3.979367,3.961563,4.2120824
4.0560036,3.9966888,4.15625,4.5673137,4.9526577,5.219626,5.2739224,5.1483746,5.013269,4.9331427,4.884879,4.8776217,4.865072,4.7523007,3.979367,3.961563,4.2120824
4.0560036,3.9966888,4.15625,4.5673137,4.9526577,5.219626,5.2739224,5.1483746,5.013269,4.9331427,4.884879,4.8776217,4.865072,4.7523007,3.979367,3.961563,4.2120824
4.0560036,3.9966888,4.15625,4.5673137,4.9526577,5.219626,5.2739224,5.1483746,5.013269,4.9331427,4.884879,4.8776217,4.865072,4.7523007,3.979367,3.961563,4.2120824
4.4091196,4.3583074,4.3842645,4.7283463,5.2193327,5.483238,5.506652,5.354334,5.2024345,5.111063,5.0640726,5.060209,5.0631504,4.983958,4.374741,4.322183,4.620381
4.4091196,4.3583074,4.3842645,4.7283463,5.2193327,5.483238,5.506652,5.354334,5.2024345,5.111063,5.0640726,5.060209,5.0631504,4.983958,4.374741,4.322183,4.620381
4.4091196,4.3583074,4.3842645,4.7283463,5.2193327,5.483238,5.506652,5.354334,5.2024345,5.111063,5.0640726,5.060209,5.0631504,4.983958,4.374741,4.322183,4.620381
4.4091196,4.3583074,4.3842645,4.7283463,5.2193327,5.483238,5.506652,5.354334,5.2024345,5.111063,5.0640726,5.060209,5.0631504,4.983958,4.374741,4.322183,4.620381
4.4091196,4.3583074,4.3842645,4.7283463,5.2193327,5.483238,5.506652,5.354334,5.2024345,5.111063,5.0640726,5.060209,5.0631504,4.983958,4.374741,4.322183,4.620381
4.4091196,4.3583074,4.3842645,4.7283463,5.2193327,5.483238,5.506652,5.354334,5.2024345,5.111063,5.0640726,5.060209,5.0631504,4.983958,4.374741,4.322183,4.620381
4.624512,4.5834436,4.6234283,4.9319468,5.425792,5.6698747,5.6834087,5.516486,5.352772,5.258325,5.2095027,5.2033296,5.199266,5.0898914,4.493537,4.502303,4.8068857
4.624512,4.5834436,4.6234283,4.9319468,5.425792,5.6698747,5.6834087,5.516486,5.352772,5.258325,5.2095027,5.2033296,5.199266,5.0898914,4.493537,4.502303,4.8068857
4.7526183,4.698412,4.595553,4.836381,5.466841,5.737492,5.7529745,5.5868535,5.421585,5.3267393,5.2782054,5.2817554,5.2975287,5.240278,4.75151,4.698803,5.0045304
4.7526183,4.698412,4.595553,4.836381,5.466841,5.737492,5.7529745,5.5868535,5.421585,5.3267393,5.2782054,5.2817554,5.2975287,5.240278,4.75151,4.698803,5.0045304
4.7526183,4.698412,4.595553,4.836381,5.466841,5.737492,5.7529745,5.5868535,5.421585,5.3267393,5.2782054,5.2817554,5.2975287,5.240278,4.75151,4.698803,5.0045304
4.6643934,4.6128483,4.57892,4.8724194,5.4684906,5.745156,5.7708144,5.603989,5.442356,5.3601065,5.323169,5.336293,5.344482,5.270427,4.761963,4.723512,4.967271
4.6643934,4.6128483,4.57892,4.8724194,5.4684906,5.745156,5.7708144,5.603989,5.442356,5.3601065,5.323169,5.336293,5.344482,5.270427,4.761963,4.723512,4.967271
4.6643934,4.6128483,4.57892,4.8724194,5.4684906,5.745156,5.7708144,5.603989,5.442356,5.3601065,5.323169,5.336293,5.344482,5.270427,4.761963,4.723512,4.967271
4.6643934,4.6128483,4.57892,4.8724194,5.4684906,5.745156,5.7708144,5.603989,5.442356,5.3601065,5.323169,5.336293,5.344482,5.270427,4.761963,4.723512,4.967271
4.6643934,4.6128483,4.57892,4.8724194,5.4684906,5.745156,5.7708144,5.603989,5.442356,5.3601065,5.323169,5.336293,5.344482,5.270427,4.761963,4.723512,4.967271
4.6643934,4.6128483,4.57892,4.8724194,5.4684906,5.745156,5.7708144,5.603989,5.442356,5.3601065,5.323169,5.336293,5.344482,5.270427,4.761963,4.723512,4.967271
4.3378806,4.2808933,4.2535276,4.5551043,5.139872,5.45594,5.522375,5.3736653,5.2308483,5.1690826,5.1506352,5.167408,5.170684,5.0616183,4.553066,4.5283203,4.6940217
4.3378806,4.2808933,4.2535276,4.5551043,5.139872,5.45594,5.522375,5.3736653,5.2308483,5.1690826,5.1506352,5.167408,5.170684,5.0616183,4.553066,4.5283203,4.6940217
4.3378806,4.2808933,4.2535276,4.5551043,5.139872,5.45594,5.522375,5.3736653,5.2308483,5.1690826,5.1506352,5.167408,5.170684,5.0616183,4.553066,4.5283203,4.6940217
4.3378806,4.2808933,4.2535276,4.5551043,5.139872,5.45594,5.522375,5.3736653,5.2308483,5.1690826,5.1506352,5.167408,5.170684,5.0616183,4.553066,4.5283203,4.6940217
4.3378806,4.2808933,4.2535276,4.5551043,5.139872,5.45594,5.522375,5.3736653,5.2308483,5.1690826,5.1506352,5.167408,5.170684,5.0616183,4.553066,4.5283203,4.6940217
4.3378806,4.2808933,4.2535276,4.5551043,5.139872,5.45594,5.522375,5.3736653,5.2308483,5.1690826,5.1506352,5.167408,5.170684,5.0616183,4.553066,4.5283203,4.6940217
3.697123,3.6449163,3.8480499,4.1122937,4.4779863,4.7628365,4.851805,4.7423134,4.6347365,4.589964,4.593698,4.60081,4.583405,4.3568892,3.7458537,3.8378093,3.9796023
3.697123,3.6449163,3.8480499,4.1122937,4.4779863,4.7628365,4.851805,4.7423134,4.6347365,4.589964,4.593698,4.60081,4.583405,4.3568892,3.7458537,3.8378093,3.9796023
3.697123,3.6449163,3.8480499,4.1122937,4.4779863,4.7628365,4.851805,4.7423134,4.6347365,4.589964,4.593698,4.60081,4.583405,4.3568892,3.7458537,3.8378093,3.9796023
3.697123,3.6449163,3.8480499,4.1122937,4.4779863,4.7628365,4.851805,4.7423134,4.6347365,4.589964,4.593698,4.60081,4.583405,4.3568892,3.7458537,3.8378093,3.9796023
3.697123,3.6449163,3.8480499,4.1122937,4.4779863,4.7628365,4.851805,4.7423134,4.6347365,4.589964,4.593698,4.60081,4.583405,4.3568892,3.7458537,3.8378093,3.9796023
3.7357078,3.6776776,3.8916223,4.1471925,4.495524,4.770271,4.874971,4.773166,4.665952,4.6164274,4.6234994,4.631537,4.6179304,4.392013,3.7647128,3.8438332,3.9697921
3.6446874,3.5889,3.803426,4.1003337,4.418229,4.6714435,4.798929,4.7276754,4.642437,4.5935144,4.594165,4.6038585,4.571447,4.2808604,3.6707091,3.7657275,3.8988101
3.6446874,3.5889,3.803426,4.1003337,4.418229,4.6714435,4.798929,4.7276754,4.642437,4.5935144,4.594165,4.6038585,4.571447,4.2808604,3.6707091,3.7657275,3.8988101
3.6446874,3.5889,3.803426,4.1003337,4.418229,4.6714435,4.798929,4.7276754,4.642437,4.5935144,4.594165,4.6038585,4.571447,4.2808604,3.6707091,3.7657275,3.8988101
3.6446874,3.5889,3.803426,4.1003337,4.418229,4.6714435,4.798929,4.7276754,4.642437,4.5935144,4.594165,4.6038585,4.571447,4.2808604,3.6707091,3.7657275,3.8988101
3.6446874,3.5889,3.803426,4.1003337,4.418229,4.6714435,4.798929,4.7276754,4.642437,4.5935144,4.594165,4.6038585,4.571447,4.2808604,3.6707091,3.7657275,3.8988101
3.6446874,3.5889,3.803426,4.1003337,4.418229,4.6714435,4.798929,4.7276754,4.642437,4.5935144,4.594165,4.6038585,4.571447,4.2808604,3.6707091,3.7657275,3.8988101
3.6446874,3.5889,3.803426,4.1003337,4.418229,4.6714435,4.798929,4.7276754,4.642437,4.5935144,4.594165,4.6038585,4.571447,4.2808604,3.6707091,3.7657275,3.8988101
3.5606964,3.5044055,3.7297995,4.0177345,4.3403916,4.598531,4.7372065,4.688346,4.619678,4.5757084,4.583922,4.5913463,4.5557184,4.231689,3.5483708,3.621731,3.7351127
3.9659178,3.8983295,4.1105113,4.4055095,4.6473885,4.8240504,4.8935857,4.799657,4.698294,4.627655,4.613392,4.6302013,4.6213884,4.384756,3.7646034,3.88774,4.1076765
3.9659178,3.8983295,4.1105113,4.4055095,4.6473885,4.8240504,4.8935857,4.799657,4.698294,4.627655,4.613392,4.6302013,4.6213884,4.384756,3.7646034,3.88774,4.1076765
3.9659178,3.8983295,4.1105113,4.4055095,4.6473885,4.8240504,4.8935857,4.799657,4.698294,4.627655,4.613392,4.6302013,4.6213884,4.384756,3.7646034,3.88774,4.1076765
3.9659178,3.8983295,4.1105113,4.4055095,4.6473885,4.8240504,4.8935857,4.799657,4.698294,4.627655,4.613392,4.6302013,4.6213884,4.384756,3.7646034,3.88774,4.1076765
3.9659178,3.8983295,4.1105113,4.4055095,4.6473885,4.8240504,4.8935857,4.799657,4.698294,4.627655,4.613392,4.6302013,4.6213884,4.384756,3.7646034,3.88774,4.1076765
3.9659178,3.8983295,4.1105113,4.4055095,4.6473885,4.8240504,4.8935857,4.799657,4.698294,4.627655,4.613392,4.6302013,4.6213884,4.384756,3.7646034,3.88774,4.1076765
3.9842992,3.9149566,4.126511,4.4171157,4.6610017,4.8477745,4.926121,4.8463006,4.7520814,4.687263,4.6824903,4.6962233,4.672571,4.372769,3.71244,3.8393126,4.05514
3.9842992,3.9149566,4.126511,4.4171157,4.6610017,4.8477745,4.926121,4.8463006,4.7520814,4.687263,4.6824903,4.6962233,4.672571,4.372769,3.71244,3.8393126,4.05514
5.7517757,5.6675124,5.6576185,5.595152,5.5343633,5.4035473,5.2031317,4.914583,4.69784,4.5881395,4.6057954,4.6776066,4.742429,4.7833834,4.773007,5.0530043,5.4890637
5.7517757,5.6675124,5.6576185,5.595152,5.5343633,5.4035473,5.2031317,4.914583,4.69784,4.5881395,4.6057954,4.6776066,4.742429,4.7833834,4.773007,5.0530043,5.4890637
5.7517757,5.6675124,5.6576185,5.595152,5.5343633,5.4035473,5.2031317,4.914583,4.69784,4.5881395,4.6057954,4.6776066,4.742429,4.7833834,4.773007,5.0530043,5.4890637
5.7517757,5.6675124,5.6576185,5.595152,5.5343633,5.4035473,5.2031317,4.914583,4.69784,4.5881395,4.6057954,4.6776066,4.742429,4.7833834,4.773007,5.0530043,5.4890637
4.1810436,4.116975,4.2986946,4.5633717,4.7865453,4.9345427,4.9788733,4.8699927,4.754551,4.686732,4.670538,4.6783986,4.626103,4.327977,3.7825027,3.9183867,4.213205
4.1810436,4.116975,4.2986946,4.5633717,4.7865453,4.9345427,4.9788733,4.8699927,4.754551,4.686732,4.670538,4.6783986,4.626103,4.327977,3.7825027,3.9183867,4.213205
4.1810436,4.116975,4.2986946,4.5633717,4.7865453,4.9345427,4.9788733,4.8699927,4.754551,4.686732,4.670538,4.6783986,4.626103,4.327977,3.7825027,3.9183867,4.213205
4.1810436,4.116975,4.2986946,4.5633717,4.7865453,4.9345427,4.9788733,4.8699927,4.754551,4.686732,4.670538,4.6783986,4.626103,4.327977,3.7825027,3.9183867,4.213205
4.1810436,4.116975,4.2986946,4.5633717,4.7865453,4.9345427,4.9788733,4.8699927,4.754551,4.686732,4.670538,4.6783986,4.626103,4.327977,3.7825027,3.9183867,4.213205
4.469693,4.405125,4.480847,4.761568,5.180852,5.4113593,5.4655223,5.3527527,5.2581,5.2101607,5.191645,5.212497,5.184149,4.930542,4.318186,4.315112,4.571493
4.469693,4.405125,4.480847,4.761568,5.180852,5.4113593,5.4655223,5.3527527,5.2581,5.2101607,5.191645,5.212497,5.184149,4.930542,4.318186,4.315112,4.571493
4.469693,4.405125,4.480847,4.761568,5.180852,5.4113593,5.4655223,5.3527527,5.2581,5.2101607,5.191645,5.212497,5.184149,4.930542,4.318186,4.315112,4.571493
4.469693,4.405125,4.480847,4.761568,5.180852,5.4113593,5.4655223,5.3527527,5.2581,5.2101607,5.191645,5.212497,5.184149,4.930542,4.318186,4.315112,4.571493
4.469693,4.405125,4.480847,4.761568,5.180852,5.4113593,5.4655223,5.3527527,5.2581,5.2101607,5.191645,5.212497,5.184149,4.930542,4.318186,4.315112,4.571493
4.651752,4.584512,4.5610595,4.857756,5.465779,5.7556767,5.821006,5.707092,5.636965,5.621351,5.624264,5.661897,5.674232,5.4939456,4.8541603,4.7197123,4.912081
4.651752,4.584512,4.5610595,4.857756,5.465779,5.7556767,5.821006,5.707092,5.636965,5.621351,5.624264,5.661897,5.674232,5.4939456,4.8541603,4.7197123,4.912081
4.651752,4.584512,4.5610595,4.857756,5.465779,5.7556767,5.821006,5.707092,5.636965,5.621351,5.624264,5.661897,5.674232,5.4939456,4.8541603,4.7197123,4.912081
4.651752,4.584512,4.5610595,4.857756,5.465779,5.7556767,5.821006,5.707092,5.636965,5.621351,5.624264,5.661897,5.674232,5.4939456,4.8541603,4.7197123,4.912081
4.651752,4.584512,4.5610595,4.857756,5.465779,5.7556767,5.821006,5.707092,5.636965,5.621351,5.624264,5.661897,5.674232,5.4939456,4.8541603,4.7197123,4.912081
4.6277714,4.556556,4.4865465,4.7864056,5.4638085,5.7289968,5.76554,5.6395936,5.565282,5.561755,5.5786676,5.6118073,5.6634593,5.541637,4.942263,4.79955,4.943705
3.9937747,3.9285614,4.051563,4.311238,4.7863774,5.0218554,5.0831556,4.990878,4.9312944,4.928507,4.935262,4.9507933,4.9346423,4.6441593,4.136795,4.1964326,4.392711
3.9937747,3.9285614,4.051563,4.311238,4.7863774,5.0218554,5.0831556,4.990878,4.9312944,4.928507,4.935262,4.9507933,4.9346423,4.6441593,4.136795,4.1964326,4.392711
3.9937747,3.9285614,4.051563,4.311238,4.7863774,5.0218554,5.0831556,4.990878,4.9312944,4.928507,4.935262,4.9507933,4.9346423,4.6441593,4.136795,4.1964326,4.392711
3.9937747,3.9285614,4.051563,4.311238,4.7863774,5.0218554,5.0831556,4.990878,4.9312944,4.928507,4.935262,4.9507933,4.9346423,4.6441593,4.136795,4.1964326,4.392711
3.9937747,3.9285614,4.051563,4.311238,4.7863774,5.0218554,5.0831556,4.990878,4.9312944,4.928507,4.935262,4.9507933,4.9346423,4.6441593,4.136795,4.1964326,4.392711
3.9937747,3.9285614,4.051563,4.311238,4.7863774,5.0218554,5.0831556,4.990878,4.9312944,4.928507,4.935262,4.9507933,4.9346423,4.6441593,4.136795,4.1964326,4.392711
3.9118967,3.8435292,3.9281466,4.1925116,4.754473,5.0078745,5.078651,4.999192,4.95556,4.9701853,4.9865932,4.9961343,4.9701996,4.674473,4.1911616,4.2257757,4.365482
3.9118967,3.8435292,3.9281466,4.1925116,4.754473,5.0078745,5.078651,4.999192,4.95556,4.9701853,4.9865932,4.9961343,4.9701996,4.674473,4.1911616,4.2257757,4.365482
3.4917128,3.4172077,3.6379688,3.846087,4.266418,4.497836,4.588532,4.5393677,4.5093756,4.5265894,4.5446053,4.556825,4.505323,4.1316533,3.7481887,3.9035451,4.041861
3.4917128,3.4172077,3.6379688,3.846087,4.266418,4.497836,4.588532,4.5393677,4.5093756,4.5265894,4.5446053,4.556825,4.505323,4.1316533,3.7481887,3.9035451,4.041861
3.4917128,3.4172077,3.6379688,3.846087,4.266418,4.497836,4.588532,4.5393677,4.5093756,4.5265894,4.5446053,4.556825,4.505323,4.1316533,3.7481887,3.9035451,4.041861
3.4917128,3.4172077,3.6379688,3.846087,4.266418,4.497836,4.588532,4.5393677,4.5093756,4.5265894,4.5446053,4.556825,4.505323,4.1316533,3.7481887,3.9035451,4.041861
3.4917128,3.4172077,3.6379688,3.846087,4.266418,4.497836,4.588532,4.5393677,4.5093756,4.5265894,4.5446053,4.556825,4.505323,4.1316533,3.7481887,3.9035451,4.041861
3.4917128,3.4172077,3.6379688,3.846087,4.266418,4.497836,4.588532,4.5393677,4.5093756,4.5265894,4.5446053,4.556825,4.505323,4.1316533,3.7481887,3.9035451,4.041861
3.4917128,3.4172077,3.6379688,3.846087,4.266418,4.497836,4.588532,4.5393677,4.5093756,4.5265894,4.5446053,4.556825,4.505323,4.1316533,3.7481887,3.9035451,4.041861
3.3662221,3.2987216,3.4949093,3.6954575,4.1565733,4.405331,4.5140114,4.485523,4.469005,4.5004764,4.528373,4.561735,4.5359073,4.19306,3.8322554,3.9773405,4.058772
3.2769637,3.2202783,3.3997648,3.616224,4.0822687,4.355559,4.478221,4.476051,4.478535,4.5232854,4.573245,4.6095247,4.6045218,4.2958856,3.914667,3.9936326,4.0267334
3.2769637,3.2202783,3.3997648,3.616224,4.0822687,4.355559,4.478221,4.476051,4.478535,4.5232854,4.573245,4.6095247,4.6045218,4.2958856,3.914667,3.9936326,4.0267334
3.2769637,3.2202783,3.3997648,3.616224,4.0822687,4.355559,4.478221,4.476051,4.478535,4.5232854,4.573245,4.6095247,4.6045218,4.2958856,3.914667,3.9936326,4.0267334
3.2769637,3.2202783,3.3997648,3.616224,4.0822687,4.355559,4.478221,4.476051,4.478535,4.5232854,4.573245,4.6095247,4.6045218,4.2958856,3.914667,3.9936326,4.0267334
3.2769637,3.2202783,3.3997648,3.616224,4.0822687,4.355559,4.478221,4.476051,4.478535,4.5232854,4.573245,4.6095247,4.6045218,4.2958856,3.914667,3.9936326,4.0267334
3.151129,3.0917225,3.2801754,3.4775705,3.9813545,4.2882786,4.4207554,4.438593,4.4494424,4.503046,4.5547447,4.609452,4.6044354,4.2549925,3.908528,3.9440775,3.926955
3.151129,3.0917225,3.2801754,3.4775705,3.9813545,4.2882786,4.4207554,4.438593,4.4494424,4.503046,4.5547447,4.609452,4.6044354,4.2549925,3.908528,3.9440775,3.926955
3.151129,3.0917225,3.2801754,3.4775705,3.9813545,4.2882786,4.4207554,4.438593,4.4494424,4.503046,4.5547447,4.609452,4.6044354,4.2549925,3.908528,3.9440775,3.926955
3.151129,3.0917225,3.2801754,3.4775705,3.9813545,4.2882786,4.4207554,4.438593,4.4494424,4.503046,4.5547447,4.609452,4.6044354,4.2549925,3.908528,3.9440775,3.926955
3.151129,3.0917225,3.2801754,3.4775705,3.9813545,4.2882786,4.4207554,4.438593,4.4494424,4.503046,4.5547447,4.609452,4.6044354,4.2549925,3.908528,3.9440775,3.926955
3.151129,3.0917225,3.2801754,3.4775705,3.9813545,4.2882786,4.4207554,4.438593,4.4494424,4.503046,4.5547447,4.609452,4.6044354,4.2549925,3.908528,3.9440775,3.926955
2.9399457,2.8940487,3.0371509,3.2953017,3.769701,4.12742,4.267397,4.313425,4.3558593,4.4141726,4.469454,4.5185184,4.4849844,4.1228824,3.7901554,3.7087917,3.6104493
2.9399457,2.8940487,3.0371509,3.2953017,3.769701,4.12742,4.267397,4.313425,4.3558593,4.4141726,4.469454,4.5185184,4.4849844,4.1228824,3.7901554,3.7087917,3.6104493
2.9399457,2.8940487,3.0371509,3.2953017,3.769701,4.12742,4.267397,4.313425,4.3558593,4.4141726,4.469454,4.5185184,4.4849844,4.1228824,3.7901554,3.7087917,3.6104493
2.9399457,2.8940487,3.0371509,3.2953017,3.769701,4.12742,4.267397,4.313425,4.3558593,4.4141726,4.469454,4.5185184,4.4849844,4.1228824,3.7901554,3.7087917,3.6104493
2.9399457,2.8940487,3.0371509,3.2953017,3.769701,4.12742,4.267397,4.313425,4.3558593,4.4141726,4.469454,4.5185184,4.4849844,4.1228824,3.7901554,3.7087917,3.6104493
2.9399457,2.8940487,3.0371509,3.2953017,3.769701,4.12742,4.267397,4.313425,4.3558593,4.4141726,4.469454,4.5185184,4.4849844,4.1228824,3.7901554,3.7087917,3.6104493
2.9399457,2.8940487,3.0371509,3.2953017,3.769701,4.12742,4.267397,4.313425,4.3558593,4.4141726,4.469454,4.5185184,4.4849844,4.1228824,3.7901554,3.7087917,3.6104493
2.8120656,2.7717528,2.9797544,3.2263343,3.6911328,4.081323,4.2094355,4.268283,4.3220577,4.386053,4.448067,4.480882,4.4051127,4.0025873,3.6308076,3.4914186,3.382662
3.0555923,3.0187328,3.2449784,3.419146,3.7271945,4.080359,4.2152777,4.260362,4.314616,4.3831897,4.432097,4.455697,4.3371034,4.0592437,3.8180513,3.6577065,3.545723
3.0555923,3.0187328,3.2449784,3.419146,3.7271945,4.080359,4.2152777,4.260362,4.314616,4.3831897,4.432097,4.455697,4.3371034,4.0592437,3.8180513,3.6577065,3.545723
3.0555923,3.0187328,3.2449784,3.419146,3.7271945,4.080359,4.2152777,4.260362,4.314616,4.3831897,4.432097,4.455697,4.3371034,4.0592437,3.8180513,3.6577065,3.545723
3.0555923,3.0187328,3.2449784,3.419146,3.7271945,4.080359,4.2152777,4.260362,4.314616,4.3831897,4.432097,4.455697,4.3371034,4.0592437,3.8180513,3.6577065,3.545723
3.0555923,3.0187328,3.2449784,3.419146,3.7271945,4.080359,4.2152777,4.260362,4.314616,4.3831897,4.432097,4.455697,4.3371034,4.0592437,3.8180513,3.6577065,3.545723
3.0555923,3.0187328,3.2449784,3.419146,3.7271945,4.080359,4.2152777,4.260362,4.314616,4.3831897,4.432097,4.455697,4.3371034,4.0592437,3.8180513,3.6577065,3.545723
4.0543776,4.02319,4.0780067,4.0671926,4.2357726,4.4696407,4.5803995,4.6315703,4.6942873,4.774593,4.88738,5.0101094,5.043484,4.9934964,4.860246,4.752836,4.631076
4.0543776,4.02319,4.0780067,4.0671926,4.2357726,4.4696407,4.5803995,4.6315703,4.6942873,4.774593,4.88738,5.0101094,5.043484,4.9934964,4.860246,4.752836,4.631076
4.0543776,4.02319,4.0780067,4.0671926,4.2357726,4.4696407,4.5803995,4.6315703,4.6942873,4.774593,4.88738,5.0101094,5.043484,4.9934964,4.860246,4.752836,4.631076
4.0543776,4.02319,4.0780067,4.0671926,4.2357726,4.4696407,4.5803995,4.6315703,4.6942873,4.774593,4.88738,5.0101094,5.043484,4.9934964,4.860246,4.752836,4.631076
4.0543776,4.02319,4.0780067,4.0671926,4.2357726,4.4696407,4.5803995,4.6315703,4.6942873,4.774593,4.88738,5.0101094,5.043484,4.9934964,4.860246,4.752836,4.631076
4.0543776,4.02319,4.0780067,4.0671926,4.2357726,4.4696407,4.5803995,4.6315703,4.6942873,4.774593,4.88738,5.0101094,5.043484,4.9934964,4.860246,4.752836,4.631076
3.6206949,3.5895526,3.8147736,3.9601126,4.175491,4.353022,4.4503045,4.5157294,4.5338187,4.548251,4.571666,4.592922,4.545392,4.4114885,4.1995974,4.123525,4.090527
3.6206949,3.5895526,3.8147736,3.9601126,4.175491,4.353022,4.4503045,4.5157294,4.5338187,4.548251,4.571666,4.592922,4.545392,4.4114885,4.1995974,4.123525,4.090527
3.6206949,3.5895526,3.8147736,3.9601126,4.175491,4.353022,4.4503045,4.5157294,4.5338187,4.548251,4.571666,4.592922,4.545392,4.4114885,4.1995974,4.123525,4.090527
3.2431118,3.2383502,3.542042,3.7868366,4.0690904,4.2469625,4.294927,4.329964,4.3554053,4.3641295,4.361345,4.288142,4.094656,3.6572542,3.3808305,3.3311455,3.2678633
3.2431118,3.2383502,3.542042,3.7868366,4.0690904,4.2469625,4.294927,4.329964,4.3554053,4.3641295,4.361345,4.288142,4.094656,3.6572542,3.3808305,3.3311455,3.2678633
3.2431118,3.2383502,3.542042,3.7868366,4.0690904,4.2469625,4.294927,4.329964,4.3554053,4.3641295,4.361345,4.288142,4.094656,3.6572542,3.3808305,3.3311455,3.2678633
3.1592224,3.1465843,3.455708,3.734496,4.109141,4.3072233,4.3513227,4.39153,4.4198265,4.427088,4.4262724,4.3506036,4.1345873,3.6736064,3.405303,3.3485975,3.2601056
3.1592224,3.1465843,3.455708,3.734496,4.109141,4.3072233,4.3513227,4.39153,4.4198265,4.427088,4.4262724,4.3506036,4.1345873,3.6736064,3.405303,3.3485975,3.2601056
3.1592224,3.1465843,3.455708,3.734496,4.109141,4.3072233,4.3513227,4.39153,4.4198265,4.427088,4.4262724,4.3506036,4.1345873,3.6736064,3.405303,3.3485975,3.2601056
3.1592224,3.1465843,3.455708,3.734496,4.109141,4.3072233,4.3513227,4.39153,4.4198265,4.427088,4.4262724,4.3506036,4.1345873,3.6736064,3.405303,3.3485975,3.2601056
3.1592224,3.1465843,3.455708,3.734496,4.109141,4.3072233,4.3513227,4.39153,4.4198265,4.427088,4.4262724,4.3506036,4.1345873,3.6736064,3.405303,3.3485975,3.2601056
3.1592224,3.1465843,3.455708,3.734496,4.109141,4.3072233,4.3513227,4.39153,4.4198265,4.427088,4.4262724,4.3506036,4.1345873,3.6736064,3.405303,3.3485975,3.2601056
3.1867323,3.1555853,3.4160635,3.7094355,4.113967,4.332808,4.4009304,4.4479856,4.491422,4.5131707,4.5321703,4.476495,4.290843,3.8496323,3.5335345,3.4369776,3.3350317
3.1867323,3.1555853,3.4160635,3.7094355,4.113967,4.332808,4.4009304,4.4479856,4.491422,4.5131707,4.5321703,4.476495,4.290843,3.8496323,3.5335345,3.4369776,3.3350317
3.1867323,3.1555853,3.4160635,3.7094355,4.113967,4.332808,4.4009304,4.4479856,4.491422,4.5131707,4.5321703,4.476495,4.290843,3.8496323,3.5335345,3.4369776,3.3350317
3.1867323,3.1555853,3.4160635,3.7094355,4.113967,4.332808,4.4009304,4.4479856,4.491422,4.5131707,4.5321703,4.476495,4.290843,3.8496323,3.5335345,3.4369776,3.3350317
3.1867323,3.1555853,3.4160635,3.7094355,4.113967,4.332808,4.4009304,4.4479856,4.491422,4.5131707,4.5321703,4.476495,4.290843,3.8496323,3.5335345,3.4369776,3.3350317
3.3511581,3.3166385,3.5765333,3.847076,4.198049,4.392606,4.4889565,4.5504484,4.6023397,4.6477714,4.6833415,4.65546,4.515543,4.1123085,3.705383,3.5552335,3.4552002
3.3511581,3.3166385,3.5765333,3.847076,4.198049,4.392606,4.4889565,4.5504484,4.6023397,4.6477714,4.6833415,4.65546,4.515543,4.1123085,3.705383,3.5552335,3.4552002
3.3511581,3.3166385,3.5765333,3.847076,4.198049,4.392606,4.4889565,4.5504484,4.6023397,4.6477714,4.6833415,4.65546,4.515543,4.1123085,3.705383,3.5552335,3.4552002
3.3511581,3.3166385,3.5765333,3.847076,4.198049,4.392606,4.4889565,4.5504484,4.6023397,4.6477714,4.6833415,4.65546,4.515543,4.1123085,3.705383,3.5552335,3.4552002
3.3511581,3.3166385,3.5765333,3.847076,4.198049,4.392606,4.4889565,4.5504484,4.6023397,4.6477714,4.6833415,4.65546,4.515543,4.1123085,3.705383,3.5552335,3.4552002
3.3511581,3.3166385,3.5765333,3.847076,4.198049,4.392606,4.4889565,4.5504484,4.6023397,4.6477714,4.6833415,4.65546,4.515543,4.1123085,3.705383,3.5552335,3.4552002
3.7797213,3.7500353,4.021613,4.2147417,4.439034,4.562455,4.650253,4.7229133,4.7962375,4.861204,4.9090314,4.9245305,4.841018,4.5347905,4.114352,3.9262967,3.8466094
3.7797213,3.7500353,4.021613,4.2147417,4.439034,4.562455,4.650253,4.7229133,4.7962375,4.861204,4.9090314,4.9245305,4.841018,4.5347905,4.114352,3.9262967,3.8466094
3.7797213,3.7500353,4.021613,4.2147417,4.439034,4.562455,4.650253,4.7229133,4.7962375,4.861204,4.9090314,4.9245305,4.841018,4.5347905,4.114352,3.9262967,3.8466094
3.7797213,3.7500353,4.021613,4.2147417,4.439034,4.562455,4.650253,4.7229133,4.7962375,4.861204,4.9090314,4.9245305,4.841018,4.5347905,4.114352,3.9262967,3.8466094
3.7797213,3.7500353,4.021613,4.2147417,4.439034,4.562455,4.650253,4.7229133,4.7962375,4.861204,4.9090314,4.9245305,4.841018,4.5347905,4.114352,3.9262967,3.8466094
3.7797213,3.7500353,4.021613,4.2147417,4.439034,4.562455,4.650253,4.7229133,4.7962375,4.861204,4.9090314,4.9245305,4.841018,4.5347905,4.114352,3.9262967,3.8466094
3.7797213,3.7500353,4.021613,4.2147417,4.439034,4.562455,4.650253,4.7229133,4.7962375,4.861204,4.9090314,4.9245305,4.841018,4.5347905,4.114352,3.9262967,3.8466094
4.6539607,4.6226373,4.831328,4.8736615,4.925643,4.915258,4.910003,4.926977,5.0048404,5.1058507,5.2153807,5.306398,5.342294,5.194209,4.913012,4.7745986,4.7501745
4.6539607,4.6226373,4.831328,4.8736615,4.925643,4.915258,4.910003,4.926977,5.0048404,5.1058507,5.2153807,5.306398,5.342294,5.194209,4.913012,4.7745986,4.7501745
3.8299644,3.8015823,4.0704894,4.2430634,4.407803,4.468556,4.513491,4.561227,4.6285014,4.683951,4.6909375,4.6448827,4.5081534,4.1711984,3.7995174,3.699208,3.7106502
3.8299644,3.8015823,4.0704894,4.2430634,4.407803,4.468556,4.513491,4.561227,4.6285014,4.683951,4.6909375,4.6448827,4.5081534,4.1711984,3.7995174,3.699208,3.7106502
3.8299644,3.8015823,4.0704894,4.2430634,4.407803,4.468556,4.513491,4.561227,4.6285014,4.683951,4.6909375,4.6448827,4.5081534,4.1711984,3.7995174,3.699208,3.7106502
3.8299644,3.8015823,4.0704894,4.2430634,4.407803,4.468556,4.513491,4.561227,4.6285014,4.683951,4.6909375,4.6448827,4.5081534,4.1711984,3.7995174,3.699208,3.7106502
3.8299644,3.8015823,4.0704894,4.2430634,4.407803,4.468556,4.513491,4.561227,4.6285014,4.683951,4.6909375,4.6448827,4.5081534,4.1711984,3.7995174,3.699208,3.7106502
4.76556,4.721064,4.8142242,4.7848406,4.8498693,4.7837863,4.725589,4.71496,4.7567325,4.798603,4.8150673,4.850146,4.8701487,4.7885566,4.744965,4.7305717,4.7701855
4.76556,4.721064,4.8142242,4.7848406,4.8498693,4.7837863,4.725589,4.71496,4.7567325,4.798603,4.8150673,4.850146,4.8701487,4.7885566,4.744965,4.7305717,4.7701855
4.76556,4.721064,4.8142242,4.7848406,4.8498693,4.7837863,4.725589,4.71496,4.7567325,4.798603,4.8150673,4.850146,4.8701487,4.7885566,4.744965,4.7305717,4.7701855
4.76556,4.721064,4.8142242,4.7848406,4.8498693,4.7837863,4.725589,4.71496,4.7567325,4.798603,4.8150673,4.850146,4.8701487,4.7885566,4.744965,4.7305717,4.7701855
4.76556,4.721064,4.8142242,4.7848406,4.8498693,4.7837863,4.725589,4.71496,4.7567325,4.798603,4.8150673,4.850146,4.8701487,4.7885566,4.744965,4.7305717,4.7701855
4.76556,4.721064,4.8142242,4.7848406,4.8498693,4.7837863,4.725589,4.71496,4.7567325,4.798603,4.8150673,4.850146,4.8701487,4.7885566,4.744965,4.7305717,4.7701855
5.10121,5.051316,5.0989857,4.9793134,4.971119,4.879977,4.7923484,4.760345,4.789874,4.800009,4.799381,4.8459888,4.9096074,4.9681497,5.008191,4.967638,5.018052
