,lat,lon,Wind_mean,Wind_90th,Wind_dir,Wind_dir_90th,Wind_dir_10th,T_mean,T_90th,T_10th
0,-12.434564930487374,130.84236145019534,3.2628677,5.281024599075317,204.7664,344.12567138671875,22.497861480712892,27.579254,28.589697265625034,26.469042968750045
1,-12.42426592939552,130.88718246208066,3.2628677,5.281024599075317,204.7664,344.12567138671875,22.497861480712892,27.579254,28.589697265625034,26.469042968750045
2,-12.436181046397415,130.93158215941398,3.2628677,5.281024599075317,204.7664,344.12567138671875,22.497861480712892,27.579254,28.589697265625034,26.469042968750045
3,-12.46065395836403,130.97021416774402,3.2628677,5.281024599075317,204.7664,344.12567138671875,22.497861480712892,27.579254,28.589697265625034,26.469042968750045
4,-12.48581118610197,131.00838561912224,3.2628677,5.281024599075317,204.7664,344.12567138671875,22.497861480712892,27.579254,28.589697265625034,26.469042968750045
5,-12.521629168710652,131.03623121072388,3.2628677,5.281024599075317,204.7664,344.12567138671875,22.497861480712892,27.579254,28.589697265625034,26.469042968750045
6,-12.554486663122628,131.06767940080235,3.2628677,5.281024599075317,204.7664,344.12567138671875,22.497861480712892,27.579254,28.589697265625034,26.469042968750045
7,-12.598805614343046,131.07546790466077,3.2628677,5.281024599075317,204.7664,344.12567138671875,22.497861480712892,27.579254,28.589697265625034,26.469042968750045
8,-12.643749170773456,131.07692629205968,3.340515,5.29281005859375,212.03314,344.73544921875,21.159752655029298,27.627136,28.665551757812523,26.45124511718751
9,-12.688354441551835,131.08275335188154,3.340515,5.29281005859375,212.03314,344.73544921875,21.159752655029298,27.627136,28.665551757812523,26.45124511718751
10,-12.732901661947013,131.08903048080333,3.340515,5.29281005859375,212.03314,344.73544921875,21.159752655029298,27.627136,28.665551757812523,26.45124511718751
11,-12.772531875402882,131.1108148561,3.340515,5.29281005859375,212.03314,344.73544921875,21.159752655029298,27.627136,28.665551757812523,26.45124511718751
12,-12.81476139969067,131.1266555876419,3.340515,5.29281005859375,212.03314,344.73544921875,21.159752655029298,27.627136,28.665551757812523,26.45124511718751
13,-12.857486799475543,131.14103312803738,3.340515,5.29281005859375,212.03314,344.73544921875,21.159752655029298,27.627136,28.665551757812523,26.45124511718751
14,-12.90238398325096,131.13848054224357,3.0716476,4.774760341644287,216.57187,345.82822875976564,18.377944946289062,27.217285,28.276831054687534,26.049609375000045
15,-12.945491843926352,131.12535426975052,3.0716476,4.774760341644287,216.57187,345.82822875976564,18.377944946289062,27.217285,28.276831054687534,26.049609375000045
16,-12.990081949245486,131.11939953232545,3.0716476,4.774760341644287,216.57187,345.82822875976564,18.377944946289062,27.217285,28.276831054687534,26.049609375000045
17,-13.035037983124866,131.11842394550408,3.0716476,4.774760341644287,216.57187,345.82822875976564,18.377944946289062,27.217285,28.276831054687534,26.049609375000045
18,-13.078508254229446,131.10661669305802,3.0716476,4.774760341644287,216.57187,345.82822875976564,18.377944946289062,27.217285,28.276831054687534,26.049609375000045
19,-13.123450855390002,131.108108502069,3.0716476,4.774760341644287,216.57187,345.82822875976564,18.377944946289062,27.217285,28.276831054687534,26.049609375000045
20,-13.168261547602135,131.10427289719925,3.1647966,4.882791137695312,226.43404,348.32879333496095,20.977969360351565,27.270508,28.386962890625,26.130126953125
21,-13.213120862289037,131.10109204780682,3.1647966,4.882791137695312,226.43404,348.32879333496095,20.977969360351565,27.270508,28.386962890625,26.130126953125
22,-13.248205002411762,131.1299846983081,3.1647966,4.882791137695312,226.43404,348.32879333496095,20.977969360351565,27.270508,28.386962890625,26.130126953125
23,-13.27776604550012,131.1647980663465,3.1647966,4.882791137695312,226.43404,348.32879333496095,20.977969360351565,27.270508,28.386962890625,26.130126953125
24,-13.302752609366626,131.2032124112069,3.1647966,4.882791137695312,226.43404,348.32879333496095,20.977969360351565,27.270508,28.386962890625,26.130126953125
25,-13.346683618300808,131.2130704189772,3.1647966,4.882791137695312,226.43404,348.32879333496095,20.977969360351565,27.270508,28.386962890625,26.130126953125
26,-13.379105373257442,131.24509506703163,2.5539603,3.9094187974929806,218.79025,346.1079162597656,19.462669372558594,26.3974,27.582055664062523,25.089379882812523
27,-13.406055083633465,131.28209799739156,2.5539603,3.9094187974929806,218.79025,346.1079162597656,19.462669372558594,26.3974,27.582055664062523,25.089379882812523
28,-13.43931524253738,131.313209147426,2.5539603,3.9094187974929806,218.79025,346.1079162597656,19.462669372558594,26.3974,27.582055664062523,25.089379882812523
29,-13.471476690360925,131.3455224571361,2.5539603,3.9094187974929806,218.79025,346.1079162597656,19.462669372558594,26.3974,27.582055664062523,25.089379882812523
30,-13.50397768060182,131.37748364187516,2.5539603,3.9094187974929806,218.79025,346.1079162597656,19.462669372558594,26.3974,27.582055664062523,25.089379882812523
31,-13.53647867084272,131.40944482661422,2.5539603,3.9094187974929806,218.79025,346.1079162597656,19.462669372558594,26.3974,27.582055664062523,25.089379882812523
32,-13.568979661083617,131.44140601135328,2.5539603,3.9094187974929806,218.79025,346.1079162597656,19.462669372558594,26.3974,27.582055664062523,25.089379882812523
33,-13.569794981451569,131.48765570092348,2.5539603,3.9094187974929806,218.79025,346.1079162597656,19.462669372558594,26.3974,27.582055664062523,25.089379882812523
34,-13.599966753209795,131.52195724071453,2.5539603,3.9094187974929806,218.79025,346.1079162597656,19.462669372558594,26.3974,27.582055664062523,25.089379882812523
35,-13.630182642708409,131.55622128258054,1.6491967,2.588562202453613,203.52771,343.89393920898436,21.104151916503906,25.091644,26.646728515625,23.3936767578125
36,-13.62416320096961,131.6020733236955,2.5539603,3.9094187974929806,218.79025,346.1079162597656,19.462669372558594,26.3974,27.582055664062523,25.089379882812523
37,-13.63861275487129,131.64588915270605,1.6491967,2.588562202453613,203.52771,343.89393920898436,21.104151916503906,25.091644,26.646728515625,23.3936767578125
38,-13.66404366869794,131.68405141600198,1.6491967,2.588562202453613,203.52771,343.89393920898436,21.104151916503906,25.091644,26.646728515625,23.3936767578125
39,-13.707342193583164,131.6965384037508,1.6491967,2.588562202453613,203.52771,343.89393920898436,21.104151916503906,25.091644,26.646728515625,23.3936767578125
40,-13.738737744627755,131.7296769141236,1.6491967,2.588562202453613,203.52771,343.89393920898436,21.104151916503906,25.091644,26.646728515625,23.3936767578125
41,-13.762612576110058,131.76890637003672,1.6491967,2.588562202453613,203.52771,343.89393920898436,21.104151916503906,25.091644,26.646728515625,23.3936767578125
42,-13.794304372008392,131.801751985877,1.6491967,2.588562202453613,203.52771,343.89393920898436,21.104151916503906,25.091644,26.646728515625,23.3936767578125
43,-13.819793739984824,131.83989904270013,1.6491967,2.588562202453613,203.52771,343.89393920898436,21.104151916503906,25.091644,26.646728515625,23.3936767578125
44,-13.864698953664943,131.842307950599,1.6491967,2.588562202453613,203.52771,343.89393920898436,21.104151916503906,25.091644,26.646728515625,23.3936767578125
45,-13.908156435047989,131.8542061124085,1.5619389,2.4301289319992065,191.88449,343.3014251708984,18.99950637817383,24.591278,26.217309570312523,22.831079101562523
46,-13.9387557702448,131.88815431580483,1.5619389,2.4301289319992065,191.88449,343.3014251708984,18.99950637817383,24.591278,26.217309570312523,22.831079101562523
47,-13.975814453807176,131.9143977007008,1.5619389,2.4301289319992065,191.88449,343.3014251708984,18.99950637817383,24.591278,26.217309570312523,22.831079101562523
48,-14.015322895457857,131.93652733475147,1.5619389,2.4301289319992065,191.88449,343.3014251708984,18.99950637817383,24.591278,26.217309570312523,22.831079101562523
49,-14.05233664841286,131.96284830734265,1.5619389,2.4301289319992065,191.88449,343.3014251708984,18.99950637817383,24.591278,26.217309570312523,22.831079101562523
50,-14.089350401367865,131.98916927993383,1.5619389,2.4301289319992065,191.88449,343.3014251708984,18.99950637817383,24.591278,26.217309570312523,22.831079101562523
51,-14.133912180007382,131.9953732102892,1.5621935,2.381928157806396,155.56662,343.7234405517578,13.48618774414063,24.156982,25.84553222656251,22.22021484375
52,-14.172011553766728,132.02000502544422,1.5621935,2.381928157806396,155.56662,343.7234405517578,13.48618774414063,24.156982,25.84553222656251,22.22021484375
53,-14.213075799037677,132.03890390615652,1.5621935,2.381928157806396,155.56662,343.7234405517578,13.48618774414063,24.156982,25.84553222656251,22.22021484375
54,-14.252789082589128,132.06066268537438,1.5621935,2.381928157806396,155.56662,343.7234405517578,13.48618774414063,24.156982,25.84553222656251,22.22021484375
55,-14.294246475783885,132.0786316220581,1.5621935,2.381928157806396,155.56662,343.7234405517578,13.48618774414063,24.156982,25.84553222656251,22.22021484375
56,-14.325203705678334,132.1122896072538,1.5621935,2.381928157806396,155.56662,343.7234405517578,13.48618774414063,24.156982,25.84553222656251,22.22021484375
57,-14.361372073056828,132.139867266734,1.5621935,2.381928157806396,155.56662,343.7234405517578,13.48618774414063,24.156982,25.84553222656251,22.22021484375
58,-14.387394030321005,132.17772456785872,1.8306895,2.6916248321533205,160.62373,349.8056213378906,9.036175537109376,23.68576,25.658593750000023,21.4324951171875
59,-14.418557578726396,132.21119252190434,1.8306895,2.6916248321533205,160.62373,349.8056213378906,9.036175537109376,23.68576,25.658593750000023,21.4324951171875
60,-14.449952296977193,132.24443383028503,1.8306895,2.6916248321533205,160.62373,349.8056213378906,9.036175537109376,23.68576,25.658593750000023,21.4324951171875
61,-14.472839317463272,132.28440647909193,1.8306895,2.6916248321533205,160.62373,349.8056213378906,9.036175537109376,23.68576,25.658593750000023,21.4324951171875
62,-14.48647988777626,132.32865985032373,1.8306895,2.6916248321533205,160.62373,349.8056213378906,9.036175537109376,23.68576,25.658593750000023,21.4324951171875
63,-14.480912097303552,132.3747442716011,1.8306895,2.6916248321533205,160.62373,349.8056213378906,9.036175537109376,23.68576,25.658593750000023,21.4324951171875
64,-14.49922327965952,132.41716282097195,1.8306895,2.6916248321533205,160.62373,349.8056213378906,9.036175537109376,23.68576,25.658593750000023,21.4324951171875
65,-14.54058180494641,132.4353926861988,1.8306895,2.6916248321533205,160.62373,349.8056213378906,9.036175537109376,23.68576,25.658593750000023,21.4324951171875
66,-14.567674777535064,132.4724717950733,1.8306895,2.6916248321533205,160.62373,349.8056213378906,9.036175537109376,23.68576,25.658593750000023,21.4324951171875
67,-14.583537466684076,132.51594702633656,1.8306895,2.6916248321533205,160.62373,349.8056213378906,9.036175537109376,23.68576,25.658593750000023,21.4324951171875
68,-14.602775636378611,132.55794602962462,1.8306895,2.6916248321533205,160.62373,349.8056213378906,9.036175537109376,23.68576,25.658593750000023,21.4324951171875
69,-14.625728398168912,132.5979090574769,2.1969826,3.281933832168579,222.5558,349.92901916503905,16.05106887817383,24.362549,26.373217773437545,21.928466796875
70,-14.648681159959214,132.63787208532918,2.1969826,3.281933832168579,222.5558,349.92901916503905,16.05106887817383,24.362549,26.373217773437545,21.928466796875
71,-14.674519229219989,132.67591291270486,2.1969826,3.281933832168579,222.5558,349.92901916503905,16.05106887817383,24.362549,26.373217773437545,21.928466796875
72,-14.689978316613953,132.71956601118728,2.1969826,3.281933832168579,222.5558,349.92901916503905,16.05106887817383,24.362549,26.373217773437545,21.928466796875
73,-14.705437404007911,132.7632191096697,2.1969826,3.281933832168579,222.5558,349.92901916503905,16.05106887817383,24.362549,26.373217773437545,21.928466796875
74,-14.716050177299016,132.80839652709682,2.1969826,3.281933832168579,222.5558,349.92901916503905,16.05106887817383,24.362549,26.373217773437545,21.928466796875
75,-14.748710830274918,132.8403550436975,2.1969826,3.281933832168579,222.5558,349.92901916503905,16.05106887817383,24.362549,26.373217773437545,21.928466796875
76,-14.772996981846884,132.87949056957365,2.1969826,3.281933832168579,222.5558,349.92901916503905,16.05106887817383,24.362549,26.373217773437545,21.928466796875
77,-14.796318450787332,132.91925324410278,2.1969826,3.281933832168579,222.5558,349.92901916503905,16.05106887817383,24.362549,26.373217773437545,21.928466796875
78,-14.826381102406849,132.9538425171155,2.1969826,3.281933832168579,222.5558,349.92901916503905,16.05106887817383,24.362549,26.373217773437545,21.928466796875
79,-14.856522111642676,132.98836315914266,2.1969826,3.281933832168579,222.5558,349.92901916503905,16.05106887817383,24.362549,26.373217773437545,21.928466796875
80,-14.884214928839835,133.02501833241544,2.273492,3.4310636043548586,236.77864,345.87293395996096,38.625086975097666,23.979767,26.110693359375034,21.368432617187523
81,-14.916013087521234,133.05791948805708,2.273492,3.4310636043548586,236.77864,345.87293395996096,38.625086975097666,23.979767,26.110693359375034,21.368432617187523
82,-14.95749661261335,133.07587792512015,2.273492,3.4310636043548586,236.77864,345.87293395996096,38.625086975097666,23.979767,26.110693359375034,21.368432617187523
83,-15.001984508145076,133.08264889751925,2.273492,3.4310636043548586,236.77864,345.87293395996096,38.625086975097666,23.979767,26.110693359375034,21.368432617187523
84,-15.046643946652036,133.07722073317365,2.273492,3.4310636043548586,236.77864,345.87293395996096,38.625086975097666,23.979767,26.110693359375034,21.368432617187523
85,-15.0915985020242,133.07616638997047,2.273492,3.4310636043548586,236.77864,345.87293395996096,38.625086975097666,23.979767,26.110693359375034,21.368432617187523
86,-15.136311547468887,133.0811010107428,2.2524793,3.4591526985168457,238.31245,346.0494873046875,36.78030815124514,23.857056,26.05622558593751,21.131250000000023
87,-15.178828836863948,133.09626694320048,2.2524793,3.4591526985168457,238.31245,346.0494873046875,36.78030815124514,23.857056,26.05622558593751,21.131250000000023
88,-15.221346126259007,133.11143287565815,2.2524793,3.4591526985168457,238.31245,346.0494873046875,36.78030815124514,23.857056,26.05622558593751,21.131250000000023
89,-15.265455939505069,133.120484860052,2.2524793,3.4591526985168457,238.31245,346.0494873046875,36.78030815124514,23.857056,26.05622558593751,21.131250000000023
90,-15.304768909801544,133.14311299029737,2.2524793,3.4591526985168457,238.31245,346.0494873046875,36.78030815124514,23.857056,26.05622558593751,21.131250000000023
91,-15.34769567908348,133.15699780521732,2.2524793,3.4591526985168457,238.31245,346.0494873046875,36.78030815124514,23.857056,26.05622558593751,21.131250000000023
92,-15.390622448365418,133.17088262013726,2.098934,3.238100290298462,223.82454,346.9592559814453,20.58252944946289,23.744812,26.228564453125045,20.565527343750034
93,-15.433549217647355,133.1847674350572,2.098934,3.238100290298462,223.82454,346.9592559814453,20.58252944946289,23.744812,26.228564453125045,20.565527343750034
94,-15.477558744047954,133.19434146593278,2.098934,3.238100290298462,223.82454,346.9592559814453,20.58252944946289,23.744812,26.228564453125045,20.565527343750034
95,-15.521568270448553,133.20391549680835,2.098934,3.238100290298462,223.82454,346.9592559814453,20.58252944946289,23.744812,26.228564453125045,20.565527343750034
96,-15.565577796849151,133.21348952768392,2.098934,3.238100290298462,223.82454,346.9592559814453,20.58252944946289,23.744812,26.228564453125045,20.565527343750034
97,-15.606802658915774,133.2321327431064,2.098934,3.238100290298462,223.82454,346.9592559814453,20.58252944946289,23.744812,26.228564453125045,20.565527343750034
98,-15.639776520476907,133.26388106146146,2.3502014,4.079111385345459,192.7474,343.03460083007815,22.74945983886719,24.541992,26.834619140625023,21.620654296875045
99,-15.672750382038044,133.29562937981652,2.3502014,4.079111385345459,192.7474,343.03460083007815,22.74945983886719,24.541992,26.834619140625023,21.620654296875045
100,-15.706811466959357,133.32612270725826,2.3502014,4.079111385345459,192.7474,343.03460083007815,22.74945983886719,24.541992,26.834619140625023,21.620654296875045
101,-15.736348023311278,133.36134598306947,2.3502014,4.079111385345459,192.7474,343.03460083007815,22.74945983886719,24.541992,26.834619140625023,21.620654296875045
102,-15.778860089675767,133.37657098911495,2.3502014,4.079111385345459,192.7474,343.03460083007815,22.74945983886719,24.541992,26.834619140625023,21.620654296875045
103,-15.822486513976672,133.38789356590405,2.3502014,4.079111385345459,192.7474,343.03460083007815,22.74945983886719,24.541992,26.834619140625023,21.620654296875045
104,-15.86384697519508,133.40623330574672,2.3502014,4.079111385345459,192.7474,343.03460083007815,22.74945983886719,24.541992,26.834619140625023,21.620654296875045
105,-15.906157281865202,133.42206280669436,2.829142,5.4045007705688475,179.82263,337.47825927734374,30.894130325317384,25.062439,27.187792968750045,22.419531250000034
106,-15.949553223728048,133.4343123545558,2.829142,5.4045007705688475,179.82263,337.47825927734374,30.894130325317384,25.062439,27.187792968750045,22.419531250000034
107,-15.994184177686316,133.42861258693935,2.829142,5.4045007705688475,179.82263,337.47825927734374,30.894130325317384,25.062439,27.187792968750045,22.419531250000034
108,-16.037327818342305,133.4154285324025,2.829142,5.4045007705688475,179.82263,337.47825927734374,30.894130325317384,25.062439,27.187792968750045,22.419531250000034
109,-16.079121675135813,133.43269241891258,2.829142,5.4045007705688475,179.82263,337.47825927734374,30.894130325317384,25.062439,27.187792968750045,22.419531250000034
110,-16.123981371586414,133.42947462988818,2.829142,5.4045007705688475,179.82263,337.47825927734374,30.894130325317384,25.062439,27.187792968750045,22.419531250000034
111,-16.168878133857383,133.42687592966607,3.132042,5.855720853805542,186.97884,336.2430938720703,42.675108718872075,24.419464,26.685693359375023,21.736669921875034
112,-16.213774896128353,133.42427722944396,3.132042,5.855720853805542,186.97884,336.2430938720703,42.675108718872075,24.419464,26.685693359375023,21.736669921875034
113,-16.250828996341983,133.39774428172447,3.132042,5.855720853805542,186.97884,336.2430938720703,42.675108718872075,24.419464,26.685693359375023,21.736669921875034
114,-16.294870600488625,133.38829320223667,3.132042,5.855720853805542,186.97884,336.2430938720703,42.675108718872075,24.419464,26.685693359375023,21.736669921875034
115,-16.338912204635267,133.37884212274886,3.132042,5.855720853805542,186.97884,336.2430938720703,42.675108718872075,24.419464,26.685693359375023,21.736669921875034
116,-16.383878284660604,133.3788369805991,3.4654095,6.098573207855224,195.99142,337.53349609375,57.84956283569336,23.808777,26.11494140625001,20.928735351562523
117,-16.42884436468594,133.37883183844932,3.4654095,6.098573207855224,195.99142,337.53349609375,57.84956283569336,23.808777,26.11494140625001,20.928735351562523
118,-16.472593677442553,133.3896652657343,3.4654095,6.098573207855224,195.99142,337.53349609375,57.84956283569336,23.808777,26.11494140625001,20.928735351562523
119,-16.514748626850864,133.37334178827408,3.4654095,6.098573207855224,195.99142,337.53349609375,57.84956283569336,23.808777,26.11494140625001,20.928735351562523
120,-16.556903576259174,133.35701831081388,3.4654095,6.098573207855224,195.99142,337.53349609375,57.84956283569336,23.808777,26.11494140625001,20.928735351562523
121,-16.601730540606667,133.3607061669741,3.4654095,6.098573207855224,195.99142,337.53349609375,57.84956283569336,23.808777,26.11494140625001,20.928735351562523
122,-16.642246448128855,133.38106203762004,3.9223948,6.32488489151001,198.91998,330.6521362304687,68.10269088745119,23.865417,26.324243164062523,20.791528320312523
123,-16.67766750531308,133.40997731889885,3.9223948,6.32488489151001,198.91998,330.6521362304687,68.10269088745119,23.865417,26.324243164062523,20.791528320312523
124,-16.721697198477738,133.41950930902036,3.9223948,6.32488489151001,198.91998,330.6521362304687,68.10269088745119,23.865417,26.324243164062523,20.791528320312523
125,-16.765726891642394,133.42904129914186,3.9223948,6.32488489151001,198.91998,330.6521362304687,68.10269088745119,23.865417,26.324243164062523,20.791528320312523
126,-16.810665663595152,133.42740418317635,3.9223948,6.32488489151001,198.91998,330.6521362304687,68.10269088745119,23.865417,26.324243164062523,20.791528320312523
127,-16.85560443554791,133.42576706721084,3.9223948,6.32488489151001,198.91998,330.6521362304687,68.10269088745119,23.865417,26.324243164062523,20.791528320312523
128,-16.900543207500668,133.42412995124533,4.1999636,6.405620861053467,195.89873,324.2695556640625,68.1791389465332,23.67926,26.335131835937545,20.349780273437545
129,-16.945448913557495,133.42656487209072,4.1999636,6.405620861053467,195.89873,324.2695556640625,68.1791389465332,23.67926,26.335131835937545,20.349780273437545
130,-16.989830448803637,133.434125339132,4.1999636,6.405620861053467,195.89873,324.2695556640625,68.1791389465332,23.67926,26.335131835937545,20.349780273437545
131,-17.03421198404978,133.4416858061733,4.1999636,6.405620861053467,195.89873,324.2695556640625,68.1791389465332,23.67926,26.335131835937545,20.349780273437545
132,-17.07859351929592,133.44924627321458,4.1999636,6.405620861053467,195.89873,324.2695556640625,68.1791389465332,23.67926,26.335131835937545,20.349780273437545
133,-17.122975054542064,133.45680674025587,4.1999636,6.405620861053467,195.89873,324.2695556640625,68.1791389465332,23.67926,26.335131835937545,20.349780273437545
134,-17.167356589788206,133.46436720729716,4.206799,6.222488498687744,189.69847,323.5436737060547,62.17406883239746,23.536316,26.40673828125,20.082617187500034
135,-17.211738125034348,133.47192767433845,4.206799,6.222488498687744,189.69847,323.5436737060547,62.17406883239746,23.536316,26.40673828125,20.082617187500034
136,-17.25386729531752,133.45546827747086,4.206799,6.222488498687744,189.69847,323.5436737060547,62.17406883239746,23.536316,26.40673828125,20.082617187500034
137,-17.298195058825165,133.44756023214077,4.206799,6.222488498687744,189.69847,323.5436737060547,62.17406883239746,23.536316,26.40673828125,20.082617187500034
138,-17.34252282233281,133.43965218681063,4.206799,6.222488498687744,189.69847,323.5436737060547,62.17406883239746,23.536316,26.40673828125,20.082617187500034
139,-17.387456491584842,133.44144082335882,4.2255807,6.127938604354858,185.71747,324.59095458984376,60.933606719970705,23.287659,26.311938476562545,19.495532226562545
140,-17.42651314057854,133.46480100456972,4.2255807,6.127938604354858,185.71747,324.59095458984376,60.933606719970705,23.287659,26.311938476562545,19.495532226562545
141,-17.465569789572235,133.48816118578063,4.2255807,6.127938604354858,185.71747,324.59095458984376,60.933606719970705,23.287659,26.311938476562545,19.495532226562545
142,-17.504626438565932,133.51152136699153,4.2255807,6.127938604354858,185.71747,324.59095458984376,60.933606719970705,23.287659,26.311938476562545,19.495532226562545
143,-17.54368308755963,133.53488154820243,4.2255807,6.127938604354858,185.71747,324.59095458984376,60.933606719970705,23.287659,26.311938476562545,19.495532226562545
144,-17.573301902614023,133.57036926257757,4.2255807,6.127938604354858,185.71747,324.59095458984376,60.933606719970705,23.287659,26.311938476562545,19.495532226562545
145,-17.60744218920498,133.6010698552783,4.2255807,6.127938604354858,185.71747,324.59095458984376,60.933606719970705,23.287659,26.311938476562545,19.495532226562545
146,-17.65069908653007,133.61395743890827,4.1857634,6.0678221702575685,182.445,326.2474090576172,56.879824829101565,23.30658,26.557958984375034,19.35590820312501
147,-17.69395598385516,133.62684502253825,4.1857634,6.0678221702575685,182.445,326.2474090576172,56.879824829101565,23.30658,26.557958984375034,19.35590820312501
148,-17.73769745717177,133.6377875553075,4.1857634,6.0678221702575685,182.445,326.2474090576172,56.879824829101565,23.30658,26.557958984375034,19.35590820312501
149,-17.77751672878017,133.65972294967233,4.1857634,6.0678221702575685,182.445,326.2474090576172,56.879824829101565,23.30658,26.557958984375034,19.35590820312501
150,-17.820266115524213,133.67437023697403,4.1857634,6.0678221702575685,182.445,326.2474090576172,56.879824829101565,23.30658,26.557958984375034,19.35590820312501
151,-17.863015502268254,133.68901752427573,4.1857634,6.0678221702575685,182.445,326.2474090576172,56.879824829101565,23.30658,26.557958984375034,19.35590820312501
152,-17.90437533343863,133.70755909581814,4.186629,6.130718421936035,172.92622,326.816162109375,48.88586845397949,23.341156,26.7274169921875,19.370385742187523
153,-17.948898726659376,133.714174768231,4.186629,6.130718421936035,172.92622,326.816162109375,48.88586845397949,23.341156,26.7274169921875,19.370385742187523
154,-17.993849464584002,133.71293976113046,4.186629,6.130718421936035,172.92622,326.816162109375,48.88586845397949,23.341156,26.7274169921875,19.370385742187523
155,-18.03880020250863,133.7117047540299,4.186629,6.130718421936035,172.92622,326.816162109375,48.88586845397949,23.341156,26.7274169921875,19.370385742187523
156,-18.083121798291163,133.71968506334673,4.186629,6.130718421936035,172.92622,326.816162109375,48.88586845397949,23.341156,26.7274169921875,19.370385742187523
157,-18.127443394073698,133.72766537266355,4.29177,6.376454877853393,163.6378,328.4690673828125,47.20322799682617,23.21933,26.759082031250045,19.087377929687534
158,-18.17230557556919,133.72445020098186,4.29177,6.376454877853393,163.6378,328.4690673828125,47.20322799682617,23.21933,26.759082031250045,19.087377929687534
159,-18.21685378554432,133.73088845296056,4.29177,6.376454877853393,163.6378,328.4690673828125,47.20322799682617,23.21933,26.759082031250045,19.087377929687534
160,-18.251403404225368,133.76119075930166,4.29177,6.376454877853393,163.6378,328.4690673828125,47.20322799682617,23.21933,26.759082031250045,19.087377929687534
161,-18.29171150277609,133.78218325685205,4.29177,6.376454877853393,163.6378,328.4690673828125,47.20322799682617,23.21933,26.759082031250045,19.087377929687534
162,-18.33201960132681,133.80317575440245,4.29177,6.376454877853393,163.6378,328.4690673828125,47.20322799682617,23.21933,26.759082031250045,19.087377929687534
163,-18.367972780703045,133.83163031519672,4.29177,6.376454877853393,163.6378,328.4690673828125,47.20322799682617,23.21933,26.759082031250045,19.087377929687534
164,-18.410267576269018,133.84772090597676,4.3946533,6.4491533756256105,156.26578,328.80682983398435,46.15831604003907,22.963104,26.63251953125001,18.81184082031251
165,-18.45378572072033,133.85965272533758,4.3946533,6.4491533756256105,156.26578,328.80682983398435,46.15831604003907,22.963104,26.63251953125001,18.81184082031251
166,-18.496966885724465,133.8728782418119,4.3946533,6.4491533756256105,156.26578,328.80682983398435,46.15831604003907,22.963104,26.63251953125001,18.81184082031251
167,-18.536624406314434,133.8952344157854,4.3946533,6.4491533756256105,156.26578,328.80682983398435,46.15831604003907,22.963104,26.63251953125001,18.81184082031251
168,-18.576281926904404,133.91759058975893,4.3946533,6.4491533756256105,156.26578,328.80682983398435,46.15831604003907,22.963104,26.63251953125001,18.81184082031251
169,-18.616730423390383,133.93832450717895,4.3946533,6.4491533756256105,156.26578,328.80682983398435,46.15831604003907,22.963104,26.63251953125001,18.81184082031251
170,-18.65717891987636,133.95905842459896,4.4079356,6.546889352798462,150.38593,326.5831695556641,44.62455863952637,22.794678,26.520971679687534,18.71296386718751
171,-18.69762741636234,133.97979234201898,4.4079356,6.546889352798462,150.38593,326.5831695556641,44.62455863952637,22.794678,26.520971679687534,18.71296386718751
172,-18.73807591284832,134.000526259439,4.4079356,6.546889352798462,150.38593,326.5831695556641,44.62455863952637,22.794678,26.520971679687534,18.71296386718751
173,-18.77630073476823,134.02553685707355,4.4079356,6.546889352798462,150.38593,326.5831695556641,44.62455863952637,22.794678,26.520971679687534,18.71296386718751
174,-18.816893220531966,134.0459748591233,4.4079356,6.546889352798462,150.38593,326.5831695556641,44.62455863952637,22.794678,26.520971679687534,18.71296386718751
175,-18.8574857062957,134.06641286117306,4.4079356,6.546889352798462,150.38593,326.5831695556641,44.62455863952637,22.794678,26.520971679687534,18.71296386718751
176,-18.89723935463484,134.0886228238923,4.476222,6.6059875011444085,148.03105,331.8477325439453,39.89616584777832,22.69223,26.549047851562534,18.329321289062534
177,-18.931906021884654,134.11889691075075,4.476222,6.6059875011444085,148.03105,331.8477325439453,39.89616584777832,22.69223,26.549047851562534,18.329321289062534
178,-18.972468286581783,134.13941815855688,4.476222,6.6059875011444085,148.03105,331.8477325439453,39.89616584777832,22.69223,26.549047851562534,18.329321289062534
179,-19.01739367942765,134.13739541474035,4.476222,6.6059875011444085,148.03105,331.8477325439453,39.89616584777832,22.69223,26.549047851562534,18.329321289062534
180,-19.057888578393573,134.15807673172984,4.476222,6.6059875011444085,148.03105,331.8477325439453,39.89616584777832,22.69223,26.549047851562534,18.329321289062534
181,-19.098383477359494,134.17875804871932,4.476222,6.6059875011444085,148.03105,331.8477325439453,39.89616584777832,22.69223,26.549047851562534,18.329321289062534
182,-19.14181054312388,134.1664132318463,4.50754,6.735434675216674,146.7646,331.45262451171874,36.50332870483398,22.59198,26.649877929687534,17.970239257812523
183,-19.18676556312973,134.1674691521162,4.50754,6.735434675216674,146.7646,331.45262451171874,36.50332870483398,22.59198,26.649877929687534,17.970239257812523
184,-19.231098730449617,134.17543091215947,4.50754,6.735434675216674,146.7646,331.45262451171874,36.50332870483398,22.59198,26.649877929687534,17.970239257812523
185,-19.275456322903047,134.18324068734026,4.50754,6.735434675216674,146.7646,331.45262451171874,36.50332870483398,22.59198,26.649877929687534,17.970239257812523
186,-19.320137236773157,134.1885984283285,4.50754,6.735434675216674,146.7646,331.45262451171874,36.50332870483398,22.59198,26.649877929687534,17.970239257812523
187,-19.36461753478508,134.19558494532438,4.50754,6.735434675216674,146.7646,331.45262451171874,36.50332870483398,22.59198,26.649877929687534,17.970239257812523
188,-19.40904808315833,134.20292064995974,4.2369685,6.309491062164306,140.16335,328.765478515625,30.71557121276857,22.39798,26.48681640625,17.787890625000045
189,-19.453463344896857,134.21036171973157,4.2369685,6.309491062164306,140.16335,328.765478515625,30.71557121276857,22.39798,26.48681640625,17.787890625000045
190,-19.49795032255504,134.2173063109928,4.2369685,6.309491062164306,140.16335,328.765478515625,30.71557121276857,22.39798,26.48681640625,17.787890625000045
191,-19.54241249949425,134.2244290109922,4.2369685,6.309491062164306,140.16335,328.765478515625,30.71557121276857,22.39798,26.48681640625,17.787890625000045
192,-19.58192455895782,134.2016486963154,4.2369685,6.309491062164306,140.16335,328.765478515625,30.71557121276857,22.39798,26.48681640625,17.787890625000045
193,-19.62620631683277,134.19335250325852,4.022523,6.125534915924073,136.65253,328.8321929931641,30.413779830932622,22.11621,26.3795166015625,17.383447265625023
194,-19.66991885899332,134.1821566828287,4.022523,6.125534915924073,136.65253,328.8321929931641,30.413779830932622,22.11621,26.3795166015625,17.383447265625023
195,-19.71484259578592,134.1842289345967,4.022523,6.125534915924073,136.65253,328.8321929931641,30.413779830932622,22.11621,26.3795166015625,17.383447265625023
196,-19.75904336829375,134.1930056804902,4.022523,6.125534915924073,136.65253,328.8321929931641,30.413779830932622,22.11621,26.3795166015625,17.383447265625023
197,-19.803789799362026,134.19772625451887,4.022523,6.125534915924073,136.65253,328.8321929931641,30.413779830932622,22.11621,26.3795166015625,17.383447265625023
198,-19.8485362304303,134.20244682854755,4.022523,6.125534915924073,136.65253,328.8321929931641,30.413779830932622,22.11621,26.3795166015625,17.383447265625023
199,-19.893282661498574,134.20716740257623,4.1061964,6.10884780883789,130.50113,324.8581115722656,27.583457183837897,22.314545,26.642846679687523,17.498876953125034
200,-19.93802909256685,134.2118879766049,4.1061964,6.10884780883789,130.50113,324.8581115722656,27.583457183837897,22.314545,26.642846679687523,17.498876953125034
201,-19.98277552363513,134.2166085506336,4.1061964,6.10884780883789,130.50113,324.8581115722656,27.583457183837897,22.314545,26.642846679687523,17.498876953125034
202,-20.027615705271856,134.2130300343896,4.1061964,6.10884780883789,130.50113,324.8581115722656,27.583457183837897,22.314545,26.642846679687523,17.498876953125034
203,-20.07256295512474,134.2116448044783,4.1061964,6.10884780883789,130.50113,324.8581115722656,27.583457183837897,22.314545,26.642846679687523,17.498876953125034
204,-20.116516238414786,134.22175029685118,4.1061964,6.10884780883789,130.50113,324.8581115722656,27.583457183837897,22.314545,26.642846679687523,17.498876953125034
205,-20.16148221603649,134.22185267233908,4.3562884,6.480745840072632,124.63923,312.9410034179687,27.510747146606448,22.402344,26.655664062500023,17.602099609375045
206,-20.20644819365819,134.22195504782698,4.3562884,6.480745840072632,124.63923,312.9410034179687,27.510747146606448,22.402344,26.655664062500023,17.602099609375045
207,-20.251245774387534,134.22610060533586,4.3562884,6.480745840072632,124.63923,312.9410034179687,27.510747146606448,22.402344,26.655664062500023,17.602099609375045
208,-20.29604335511689,134.23024616284474,4.3562884,6.480745840072632,124.63923,312.9410034179687,27.510747146606448,22.402344,26.655664062500023,17.602099609375045
209,-20.34070176239278,134.235848349718,4.3562884,6.480745840072632,124.63923,312.9410034179687,27.510747146606448,22.402344,26.655664062500023,17.602099609375045
210,-20.385360169668672,134.24145053659126,4.5940166,6.931957864761352,119.60386,283.25645751953107,29.29550018310547,22.377747,26.558642578125045,17.71345214843751
211,-20.430018576944565,134.24705272346452,4.5940166,6.931957864761352,119.60386,283.25645751953107,29.29550018310547,22.377747,26.558642578125045,17.71345214843751
212,-20.47467698422046,134.25265491033778,4.5940166,6.931957864761352,119.60386,283.25645751953107,29.29550018310547,22.377747,26.558642578125045,17.71345214843751
213,-20.517364796437093,134.2677426215827,4.5940166,6.931957864761352,119.60386,283.25645751953107,29.29550018310547,22.377747,26.558642578125045,17.71345214843751
214,-20.56135548050977,134.25779524037023,4.5940166,6.931957864761352,119.60386,283.25645751953107,29.29550018310547,22.377747,26.558642578125045,17.71345214843751
215,-20.60039434248303,134.2339591529798,4.5940166,6.931957864761352,119.60386,283.25645751953107,29.29550018310547,22.377747,26.558642578125045,17.71345214843751
216,-20.64420376438541,134.22313157155335,4.700908,7.1232367038726805,117.39604,251.67130279541013,31.528918457031253,22.188019,26.3355712890625,17.597875976562534
217,-20.68839484305301,134.23201765367511,4.700908,7.1232367038726805,117.39604,251.67130279541013,31.528918457031253,22.188019,26.3355712890625,17.597875976562534
218,-20.732585921720613,134.24090373579688,4.700908,7.1232367038726805,117.39604,251.67130279541013,31.528918457031253,22.188019,26.3355712890625,17.597875976562534
219,-20.777520876522413,134.23911476840837,4.700908,7.1232367038726805,117.39604,251.67130279541013,31.528918457031253,22.188019,26.3355712890625,17.597875976562534
220,-20.8224812142111,134.23834597150037,4.700908,7.1232367038726805,117.39604,251.67130279541013,31.528918457031253,22.188019,26.3355712890625,17.597875976562534
221,-20.8673537567304,134.23524366416584,4.700908,7.1232367038726805,117.39604,251.67130279541013,31.528918457031253,22.188019,26.3355712890625,17.597875976562534
222,-20.91075158758494,134.22263648057853,4.7383575,7.135019969940186,117.800156,235.08967132568358,36.53556785583498,21.965698,26.191210937500045,17.40576171875
223,-20.95414941843948,134.21002929699122,4.7383575,7.135019969940186,117.800156,235.08967132568358,36.53556785583498,21.965698,26.191210937500045,17.40576171875
224,-20.997547249294023,134.19742211340392,4.7383575,7.135019969940186,117.800156,235.08967132568358,36.53556785583498,21.965698,26.191210937500045,17.40576171875
225,-21.040945080148564,134.1848149298166,4.7383575,7.135019969940186,117.800156,235.08967132568358,36.53556785583498,21.965698,26.191210937500045,17.40576171875
226,-21.084403080614614,134.17243490172038,4.7383575,7.135019969940186,117.800156,235.08967132568358,36.53556785583498,21.965698,26.191210937500045,17.40576171875
227,-21.127861081080663,134.16005487362415,4.9451356,7.450737810134887,118.47565,221.9302581787109,42.11287078857422,21.839355,25.9263916015625,17.4351806640625
228,-21.171319081546716,134.14767484552792,4.9451356,7.450737810134887,118.47565,221.9302581787109,42.11287078857422,21.839355,25.9263916015625,17.4351806640625
229,-21.214777082012763,134.13529481743169,4.9451356,7.450737810134887,118.47565,221.9302581787109,42.11287078857422,21.839355,25.9263916015625,17.4351806640625
230,-21.25219603831849,134.10854072806185,4.9451356,7.450737810134887,118.47565,221.9302581787109,42.11287078857422,21.839355,25.9263916015625,17.4351806640625
231,-21.28418478310697,134.07461853860082,4.9451356,7.450737810134887,118.47565,221.9302581787109,42.11287078857422,21.839355,25.9263916015625,17.4351806640625
232,-21.31617352789544,134.0406963491398,4.9451356,7.450737810134887,118.47565,221.9302581787109,42.11287078857422,21.839355,25.9263916015625,17.4351806640625
233,-21.348162272683915,134.0067741596788,4.9451356,7.450737810134887,118.47565,221.9302581787109,42.11287078857422,21.839355,25.9263916015625,17.4351806640625
234,-21.381565980938657,133.97444682702184,5.161077,7.626390218734741,112.78939,202.47727966308594,42.00638122558594,21.760498,25.791967773437534,17.246142578125045
235,-21.4149696891934,133.94211949436487,5.161077,7.626390218734741,112.78939,202.47727966308594,42.00638122558594,21.760498,25.791967773437534,17.246142578125045
236,-21.45721796147266,133.92557590508494,5.161077,7.626390218734741,112.78939,202.47727966308594,42.00638122558594,21.760498,25.791967773437534,17.246142578125045
237,-21.499466233751924,133.909032315805,5.161077,7.626390218734741,112.78939,202.47727966308594,42.00638122558594,21.760498,25.791967773437534,17.246142578125045
238,-21.53663351721422,133.88182694786752,5.161077,7.626390218734741,112.78939,202.47727966308594,42.00638122558594,21.760498,25.791967773437534,17.246142578125045
239,-21.555298047322825,133.83784333972383,5.161077,7.626390218734741,112.78939,202.47727966308594,42.00638122558594,21.760498,25.791967773437534,17.246142578125045
240,-21.57798462014632,133.79609455287084,5.161077,7.626390218734741,112.78939,202.47727966308594,42.00638122558594,21.760498,25.791967773437534,17.246142578125045
241,-21.60631242418264,133.75853623571683,5.161077,7.626390218734741,112.78939,202.47727966308594,42.00638122558594,21.760498,25.791967773437534,17.246142578125045
242,-21.649116964542177,133.74371846056286,5.281363,7.713302421569823,108.23847,186.15612792968747,41.47216033935547,21.486359,25.56074218750001,16.979101562500034
243,-21.69310091865865,133.75377694234763,5.281363,7.713302421569823,108.23847,186.15612792968747,41.47216033935547,21.486359,25.56074218750001,16.979101562500034
244,-21.7313791957108,133.72837943968938,5.281363,7.713302421569823,108.23847,186.15612792968747,41.47216033935547,21.486359,25.56074218750001,16.979101562500034
245,-21.757638776332545,133.68908093890403,5.281363,7.713302421569823,108.23847,186.15612792968747,41.47216033935547,21.486359,25.56074218750001,16.979101562500034
246,-21.799903131943022,133.67254784096818,5.281363,7.713302421569823,108.23847,186.15612792968747,41.47216033935547,21.486359,25.56074218750001,16.979101562500034
247,-21.834721360827988,133.64189317222423,5.281363,7.713302421569823,108.23847,186.15612792968747,41.47216033935547,21.486359,25.56074218750001,16.979101562500034
248,-21.869539589712957,133.61123850348028,5.281363,7.713302421569823,108.23847,186.15612792968747,41.47216033935547,21.486359,25.56074218750001,16.979101562500034
249,-21.899733092771147,133.57532558320622,5.524871,7.907557678222656,106.410774,182.18910827636716,37.31437034606934,21.273102,25.429956054687523,16.838134765625
250,-21.92992659582934,133.53941266293216,5.524871,7.907557678222656,106.410774,182.18910827636716,37.31437034606934,21.273102,25.429956054687523,16.838134765625
251,-21.960593124204596,133.5039541997725,5.524871,7.907557678222656,106.410774,182.18910827636716,37.31437034606934,21.273102,25.429956054687523,16.838134765625
252,-21.995368187113357,133.47321122946968,5.524871,7.907557678222656,106.410774,182.18910827636716,37.31437034606934,21.273102,25.429956054687523,16.838134765625
253,-22.037200935682325,133.455420447014,5.524871,7.907557678222656,106.410774,182.18910827636716,37.31437034606934,21.273102,25.429956054687523,16.838134765625
254,-22.07915017088748,133.43794590075132,5.524871,7.907557678222656,106.410774,182.18910827636716,37.31437034606934,21.273102,25.429956054687523,16.838134765625
255,-22.12109940609263,133.42047135448863,5.524871,7.907557678222656,106.410774,182.18910827636716,37.31437034606934,21.273102,25.429956054687523,16.838134765625
256,-22.164945084371272,133.43124157724006,5.4880595,7.761094713211059,105.773026,178.2835906982421,33.45798606872559,21.144196,25.278344726562523,16.5782470703125
257,-22.209751314613342,133.42714946739386,5.4880595,7.761094713211059,105.773026,178.2835906982421,33.45798606872559,21.144196,25.278344726562523,16.5782470703125
258,-22.25455754485541,133.42305735754766,5.4880595,7.761094713211059,105.773026,178.2835906982421,33.45798606872559,21.144196,25.278344726562523,16.5782470703125
259,-22.29698681087108,133.40695397515182,5.4880595,7.761094713211059,105.773026,178.2835906982421,33.45798606872559,21.144196,25.278344726562523,16.5782470703125
260,-22.339416076886742,133.39085059275598,5.4880595,7.761094713211059,105.773026,178.2835906982421,33.45798606872559,21.144196,25.278344726562523,16.5782470703125
261,-22.38184534290241,133.37474721036014,5.0146008,7.239363050460815,107.83471,184.19054565429684,31.537993621826175,20.746155,25.01313476562501,16.121118164062523
262,-22.42427460891808,133.3586438279643,5.0146008,7.239363050460815,107.83471,184.19054565429684,31.537993621826175,20.746155,25.01313476562501,16.121118164062523
263,-22.466703874933746,133.34254044556846,5.0146008,7.239363050460815,107.83471,184.19054565429684,31.537993621826175,20.746155,25.01313476562501,16.121118164062523
264,-22.50913314094941,133.32643706317262,5.0146008,7.239363050460815,107.83471,184.19054565429684,31.537993621826175,20.746155,25.01313476562501,16.121118164062523
265,-22.55351782259138,133.33424284628606,5.0146008,7.239363050460815,107.83471,184.19054565429684,31.537993621826175,20.746155,25.01313476562501,16.121118164062523
266,-22.59790250423335,133.3420486293995,5.0146008,7.239363050460815,107.83471,184.19054565429684,31.537993621826175,20.746155,25.01313476562501,16.121118164062523
267,-22.64228718587532,133.34985441251294,4.989116,7.246153450012207,108.73784,177.57140808105467,33.99959144592285,20.525574,24.77880859375,15.834667968750011
268,-22.684002889819997,133.3680529399572,4.989116,7.246153450012207,108.73784,177.57140808105467,33.99959144592285,20.525574,24.77880859375,15.834667968750011
269,-22.725718593764668,133.38625146740148,4.989116,7.246153450012207,108.73784,177.57140808105467,33.99959144592285,20.525574,24.77880859375,15.834667968750011
270,-22.767434297709343,133.40444999484575,4.989116,7.246153450012207,108.73784,177.57140808105467,33.99959144592285,20.525574,24.77880859375,15.834667968750011
271,-22.809150001654015,133.42264852229002,4.989116,7.246153450012207,108.73784,177.57140808105467,33.99959144592285,20.525574,24.77880859375,15.834667968750011
272,-22.84463450994369,133.4526554031858,4.989116,7.246153450012207,108.73784,177.57140808105467,33.99959144592285,20.525574,24.77880859375,15.834667968750011
273,-22.88011901823336,133.48266228408156,5.33722,7.457855606079101,113.12382,181.1377426147461,42.963819885253905,20.423492,24.724511718750023,15.630346679687534
274,-22.91560352652303,133.51266916497732,5.33722,7.457855606079101,113.12382,181.1377426147461,42.963819885253905,20.423492,24.724511718750023,15.630346679687534
275,-22.9510880348127,133.5426760458731,5.33722,7.457855606079101,113.12382,181.1377426147461,42.963819885253905,20.423492,24.724511718750023,15.630346679687534
276,-22.98657254310237,133.57268292676886,5.33722,7.457855606079101,113.12382,181.1377426147461,42.963819885253905,20.423492,24.724511718750023,15.630346679687534
277,-23.02205705139204,133.60268980766463,5.33722,7.457855606079101,113.12382,181.1377426147461,42.963819885253905,20.423492,24.724511718750023,15.630346679687534
278,-23.05754155968171,133.6326966885604,5.33722,7.457855606079101,113.12382,181.1377426147461,42.963819885253905,20.423492,24.724511718750023,15.630346679687534
279,-23.09302606797138,133.66270356945617,5.33722,7.457855606079101,113.12382,181.1377426147461,42.963819885253905,20.423492,24.724511718750023,15.630346679687534
280,-23.12851057626105,133.69271045035194,5.1672215,7.266887331008911,114.47965,180.76325988769526,44.13748016357422,19.873596,24.1778564453125,14.848583984375011
281,-23.16399508455072,133.7227173312477,5.1672215,7.266887331008911,114.47965,180.76325988769526,44.13748016357422,19.873596,24.1778564453125,14.848583984375011
282,-23.19947959284039,133.75272421214348,5.1672215,7.266887331008911,114.47965,180.76325988769526,44.13748016357422,19.873596,24.1778564453125,14.848583984375011
283,-23.242519896373736,133.76690939116654,5.1672215,7.266887331008911,114.47965,180.76325988769526,44.13748016357422,19.873596,24.1778564453125,14.848583984375011
284,-23.28556019990708,133.7810945701896,5.1672215,7.266887331008911,114.47965,180.76325988769526,44.13748016357422,19.873596,24.1778564453125,14.848583984375011
285,-23.328600503440427,133.79527974921265,5.1672215,7.266887331008911,114.47965,180.76325988769526,44.13748016357422,19.873596,24.1778564453125,14.848583984375011
286,-23.37164080697377,133.8094649282357,5.1672215,7.266887331008911,114.47965,180.76325988769526,44.13748016357422,19.873596,24.1778564453125,14.848583984375011
287,-23.41468111050712,133.82365010725877,4.733663,6.899660205841064,112.39132,181.24002075195312,37.288633728027364,19.23413,23.74360351562501,14.0626220703125
288,-23.457721414040464,133.83783528628183,4.733663,6.899660205841064,112.39132,181.24002075195312,37.288633728027364,19.23413,23.74360351562501,14.0626220703125
289,-23.50076171757381,133.8520204653049,4.733663,6.899660205841064,112.39132,181.24002075195312,37.288633728027364,19.23413,23.74360351562501,14.0626220703125
290,-23.543802021107155,133.86620564432795,4.733663,6.899660205841064,112.39132,181.24002075195312,37.288633728027364,19.23413,23.74360351562501,14.0626220703125
291,-23.5868423246405,133.880390823351,4.733663,6.899660205841064,112.39132,181.24002075195312,37.288633728027364,19.23413,23.74360351562501,14.0626220703125
292,-23.630585408186636,133.8690220176701,5.1676273,7.170479869842529,110.04872,178.0424850463867,33.476623916625975,19.354492,24.008398437500034,13.99853515625
293,-23.675398641001088,133.87306653070485,5.1676273,7.170479869842529,110.04872,178.0424850463867,33.476623916625975,19.354492,24.008398437500034,13.99853515625
294,-23.72025032096453,133.86956541839913,5.1676273,7.170479869842529,110.04872,178.0424850463867,33.476623916625975,19.354492,24.008398437500034,13.99853515625
295,-23.7649359776618,133.8750437998116,5.1676273,7.170479869842529,110.04872,178.0424850463867,33.476623916625975,19.354492,24.008398437500034,13.99853515625
296,-23.80693518835459,133.8574885711556,5.1676273,7.170479869842529,110.04872,178.0424850463867,33.476623916625975,19.354492,24.008398437500034,13.99853515625
297,-23.840230689541908,133.82442866026017,5.1676273,7.170479869842529,110.04872,178.0424850463867,33.476623916625975,19.354492,24.008398437500034,13.99853515625
298,-23.873526190729223,133.79136874936475,5.1676273,7.170479869842529,110.04872,178.0424850463867,33.476623916625975,19.354492,24.008398437500034,13.99853515625
299,-23.906821691916544,133.75830883846933,4.6944284,6.907946968078613,111.852,185.8741790771484,31.98601531982422,19.06128,23.916040039062523,13.752124023437545
300,-23.940117193103863,133.72524892757392,4.6944284,6.907946968078613,111.852,185.8741790771484,31.98601531982422,19.06128,23.916040039062523,13.752124023437545
301,-23.97341269429118,133.6921890166785,4.6944284,6.907946968078613,111.852,185.8741790771484,31.98601531982422,19.06128,23.916040039062523,13.752124023437545
302,-24.0067081954785,133.65912910578308,4.6944284,6.907946968078613,111.852,185.8741790771484,31.98601531982422,19.06128,23.916040039062523,13.752124023437545
303,-24.04037928552309,133.62649436814726,4.6944284,6.907946968078613,111.852,185.8741790771484,31.98601531982422,19.06128,23.916040039062523,13.752124023437545
304,-24.074050375567683,133.59385963051145,4.6944284,6.907946968078613,111.852,185.8741790771484,31.98601531982422,19.06128,23.916040039062523,13.752124023437545
305,-24.106099644544265,133.5593047225339,4.6944284,6.907946968078613,111.852,185.8741790771484,31.98601531982422,19.06128,23.916040039062523,13.752124023437545
306,-24.138148913520848,133.52474981455637,4.611896,7.107746410369872,118.93488,203.89588928222656,38.2356616973877,18.922913,23.774096679687545,13.751391601562545
307,-24.17592516452047,133.49801287170044,4.611896,7.107746410369872,118.93488,203.89588928222656,38.2356616973877,18.922913,23.774096679687545,13.751391601562545
308,-24.21370141552009,133.4712759288445,4.611896,7.107746410369872,118.93488,203.89588928222656,38.2356616973877,18.922913,23.774096679687545,13.751391601562545
309,-24.250495736726293,133.4429274458146,4.611896,7.107746410369872,118.93488,203.89588928222656,38.2356616973877,18.922913,23.774096679687545,13.751391601562545
310,-24.29391314368752,133.4300928465627,4.611896,7.107746410369872,118.93488,203.89588928222656,38.2356616973877,18.922913,23.774096679687545,13.751391601562545
311,-24.32834700814025,133.46182672800424,4.611896,7.107746410369872,118.93488,203.89588928222656,38.2356616973877,18.922913,23.774096679687545,13.751391601562545
312,-24.362451567416088,133.42965816392783,4.611896,7.107746410369872,118.93488,203.89588928222656,38.2356616973877,18.922913,23.774096679687545,13.751391601562545
313,-24.396700858902957,133.39766382123693,4.919221,7.5014379024505615,126.66414,217.51398315429685,51.596306228637694,18.791412,23.605737304687523,13.6436767578125
314,-24.43095015038982,133.365669478546,4.919221,7.5014379024505615,126.66414,217.51398315429685,51.596306228637694,18.791412,23.605737304687523,13.6436767578125
315,-24.455775271650975,133.32448054691574,4.919221,7.5014379024505615,126.66414,217.51398315429685,51.596306228637694,18.791412,23.605737304687523,13.6436767578125
316,-24.480600392912137,133.28329161528546,4.919221,7.5014379024505615,126.66414,217.51398315429685,51.596306228637694,18.791412,23.605737304687523,13.6436767578125
317,-24.51737936607041,133.25485943210134,4.919221,7.5014379024505615,126.66414,217.51398315429685,51.596306228637694,18.791412,23.605737304687523,13.6436767578125
318,-24.559684320593725,133.23810374096132,4.919221,7.5014379024505615,126.66414,217.51398315429685,51.596306228637694,18.791412,23.605737304687523,13.6436767578125
319,-24.601989275117035,133.2213480498213,4.919221,7.5014379024505615,126.66414,217.51398315429685,51.596306228637694,18.791412,23.605737304687523,13.6436767578125
320,-24.645398279349564,133.20843889903765,5.198817,7.758475589752197,130.1396,209.03529968261714,68.5356216430664,18.381348,23.45515136718751,13.054492187500045
321,-24.688807283582094,133.195529748254,5.198817,7.758475589752197,130.1396,209.03529968261714,68.5356216430664,18.381348,23.45515136718751,13.054492187500045
322,-24.732216287814623,133.18262059747033,5.198817,7.758475589752197,130.1396,209.03529968261714,68.5356216430664,18.381348,23.45515136718751,13.054492187500045
323,-24.77714862993513,133.18070251177986,5.198817,7.758475589752197,130.1396,209.03529968261714,68.5356216430664,18.381348,23.45515136718751,13.054492187500045
324,-24.82195253776417,133.18490930764185,5.198817,7.758475589752197,130.1396,209.03529968261714,68.5356216430664,18.381348,23.45515136718751,13.054492187500045
325,-24.86675644559321,133.18911610350384,5.198817,7.758475589752197,130.1396,209.03529968261714,68.5356216430664,18.381348,23.45515136718751,13.054492187500045
326,-24.91156035342225,133.19332289936582,5.181024,7.581989431381226,132.14241,211.9468307495117,73.26332550048828,17.785828,22.90185546875,12.461401367187534
327,-24.956364261251288,133.1975296952278,5.181024,7.581989431381226,132.14241,211.9468307495117,73.26332550048828,17.785828,22.90185546875,12.461401367187534
328,-25.001168169080326,133.2017364910898,5.181024,7.581989431381226,132.14241,211.9468307495117,73.26332550048828,17.785828,22.90185546875,12.461401367187534
329,-25.046113588457693,133.20023147458002,5.181024,7.581989431381226,132.14241,211.9468307495117,73.26332550048828,17.785828,22.90185546875,12.461401367187534
330,-25.09105900783506,133.19872645807024,5.181024,7.581989431381226,132.14241,211.9468307495117,73.26332550048828,17.785828,22.90185546875,12.461401367187534
331,-25.136004427212427,133.19722144156046,5.1484823,7.409828186035156,127.04587,214.38387756347655,62.83349761962891,17.148071,22.4072265625,11.759130859375034
332,-25.180949846589797,133.19571642505068,5.1484823,7.409828186035156,127.04587,214.38387756347655,62.83349761962891,17.148071,22.4072265625,11.759130859375034
333,-25.225565446802648,133.2019108237643,5.1484823,7.409828186035156,127.04587,214.38387756347655,62.83349761962891,17.148071,22.4072265625,11.759130859375034
334,-25.2701810470155,133.20810522247794,5.1484823,7.409828186035156,127.04587,214.38387756347655,62.83349761962891,17.148071,22.4072265625,11.759130859375034
335,-25.31469704050635,133.2010838393826,5.1484823,7.409828186035156,127.04587,214.38387756347655,62.83349761962891,17.148071,22.4072265625,11.759130859375034
336,-25.3592130339972,133.19406245628724,5.1484823,7.409828186035156,127.04587,214.38387756347655,62.83349761962891,17.148071,22.4072265625,11.759130859375034
337,-25.40337920706961,133.20341269045448,5.1061034,7.24976725578308,121.8183,213.38603515624987,53.435438537597655,16.475159,21.89741210937501,11.0009765625
338,-25.44754538014202,133.21276292462173,5.1061034,7.24976725578308,121.8183,213.38603515624987,53.435438537597655,16.475159,21.89741210937501,11.0009765625
339,-25.491711553214436,133.22211315878897,5.1061034,7.24976725578308,121.8183,213.38603515624987,53.435438537597655,16.475159,21.89741210937501,11.0009765625
340,-25.536379168846924,133.2163798699682,5.1061034,7.24976725578308,121.8183,213.38603515624987,53.435438537597655,16.475159,21.89741210937501,11.0009765625
341,-25.581046784479412,133.21064658114742,5.1061034,7.24976725578308,121.8183,213.38603515624987,53.435438537597655,16.475159,21.89741210937501,11.0009765625
342,-25.632240651069274,133.2136917114258,4.845198,6.932763004302979,119.76467,195.24203796386718,51.768402099609375,16.003754,21.362963867187545,10.502832031250023
343,-25.675567839158344,133.23635101318362,4.845198,6.932763004302979,119.76467,195.24203796386718,51.768402099609375,16.003754,21.362963867187545,10.502832031250023
344,-25.71114625131733,133.26072692871097,4.845198,6.932763004302979,119.76467,195.24203796386718,51.768402099609375,16.003754,21.362963867187545,10.502832031250023
345,-25.74824573592355,133.28421436607866,4.845198,6.932763004302979,119.76467,195.24203796386718,51.768402099609375,16.003754,21.362963867187545,10.502832031250023
346,-25.792719206025524,133.2915871922995,4.845198,6.932763004302979,119.76467,195.24203796386718,51.768402099609375,16.003754,21.362963867187545,10.502832031250023
347,-25.837192676127497,133.29896001852032,4.845198,6.932763004302979,119.76467,195.24203796386718,51.768402099609375,16.003754,21.362963867187545,10.502832031250023
348,-25.877238977247643,133.27622730964765,3.7734902,5.6937093257904055,115.63833,207.15739288330076,33.93073959350586,15.103149,20.77619628906251,9.421923828125045
349,-25.91728527836779,133.253494600775,3.7734902,5.6937093257904055,115.63833,207.15739288330076,33.93073959350586,15.103149,20.77619628906251,9.421923828125045
350,-25.956428232416137,133.22887867219026,3.7734902,5.6937093257904055,115.63833,207.15739288330076,33.93073959350586,15.103149,20.77619628906251,9.421923828125045
351,-25.995571186464485,133.20426274360554,3.7734902,5.6937093257904055,115.63833,207.15739288330076,33.93073959350586,15.103149,20.77619628906251,9.421923828125045
352,-26.04074357708113,133.1913757324219,3.7734902,5.6937093257904055,115.63833,207.15739288330076,33.93073959350586,15.103149,20.77619628906251,9.421923828125045
353,-26.085449341746635,133.20079400201038,3.7734902,5.6937093257904055,115.63833,207.15739288330076,33.93073959350586,15.103149,20.77619628906251,9.421923828125045
354,-26.13034763754155,133.19804420053055,4.162368,5.930655384063721,113.54564,250.1661849975585,24.882440185546876,15.5373535,21.43989257812501,9.524926757812523
355,-26.175245933336463,133.1952943990507,4.162368,5.930655384063721,113.54564,250.1661849975585,24.882440185546876,15.5373535,21.43989257812501,9.524926757812523
356,-26.22014422913138,133.19254459757087,4.162368,5.930655384063721,113.54564,250.1661849975585,24.882440185546876,15.5373535,21.43989257812501,9.524926757812523
357,-26.26510652047252,133.19319558031918,4.162368,5.930655384063721,113.54564,250.1661849975585,24.882440185546876,15.5373535,21.43989257812501,9.524926757812523
358,-26.31006881181365,133.1938465630675,4.162368,5.930655384063721,113.54564,250.1661849975585,24.882440185546876,15.5373535,21.43989257812501,9.524926757812523
359,-26.35176447282293,133.21263810311495,4.162368,5.930655384063721,113.54564,250.1661849975585,24.882440185546876,15.5373535,21.43989257812501,9.524926757812523
360,-26.39346013383221,133.2314296431624,4.0830226,5.86681752204895,113.25626,249.17961578369125,24.392171478271486,15.324829,21.353051757812523,9.152270507812545
361,-26.43515579484149,133.25022118320987,4.0830226,5.86681752204895,113.25626,249.17961578369125,24.392171478271486,15.324829,21.353051757812523,9.152270507812545
362,-26.479216243549608,133.26025151023586,4.0830226,5.86681752204895,113.25626,249.17961578369125,24.392171478271486,15.324829,21.353051757812523,9.152270507812545
363,-26.523871927935936,133.2543563611194,4.0830226,5.86681752204895,113.25626,249.17961578369125,24.392171478271486,15.324829,21.353051757812523,9.152270507812545
364,-26.568527612322264,133.24846121200292,4.0830226,5.86681752204895,113.25626,249.17961578369125,24.392171478271486,15.324829,21.353051757812523,9.152270507812545
365,-26.61038015773825,133.2668502193312,4.0830226,5.86681752204895,113.25626,249.17961578369125,24.392171478271486,15.324829,21.353051757812523,9.152270507812545
366,-26.65318262535613,133.28227065870087,3.9835498,5.690849018096924,116.288124,266.122848510742,23.248307037353516,15.161713,21.519311523437523,9.001147460937545
367,-26.695985092974013,133.29769109807054,3.9835498,5.690849018096924,116.288124,266.122848510742,23.248307037353516,15.161713,21.519311523437523,9.001147460937545
368,-26.73896530904704,133.312490310853,3.9835498,5.690849018096924,116.288124,266.122848510742,23.248307037353516,15.161713,21.519311523437523,9.001147460937545
369,-26.781945525120072,133.32728952363547,3.9835498,5.690849018096924,116.288124,266.122848510742,23.248307037353516,15.161713,21.519311523437523,9.001147460937545
370,-26.82687783798133,133.32924174390556,3.9835498,5.690849018096924,116.288124,266.122848510742,23.248307037353516,15.161713,21.519311523437523,9.001147460937545
371,-26.85915374297049,133.36433307047488,3.9835498,5.690849018096924,116.288124,266.122848510742,23.248307037353516,15.161713,21.519311523437523,9.001147460937545
372,-26.90212572159559,133.3791800658896,4.154632,5.926633262634278,118.33721,264.49115905761715,20.37466735839844,15.175415,21.507617187500045,9.048486328125023
373,-26.947060866648588,133.377309543492,4.154632,5.926633262634278,118.33721,264.49115905761715,20.37466735839844,15.175415,21.507617187500045,9.048486328125023
374,-26.98415463035495,133.40582916961694,4.154632,5.926633262634278,118.33721,264.49115905761715,20.37466735839844,15.175415,21.507617187500045,9.048486328125023
375,-27.023328439782688,133.4306177296533,4.154632,5.926633262634278,118.33721,264.49115905761715,20.37466735839844,15.175415,21.507617187500045,9.048486328125023
376,-27.062502249210425,133.45540628968968,4.154632,5.926633262634278,118.33721,264.49115905761715,20.37466735839844,15.175415,21.507617187500045,9.048486328125023
377,-27.10167605863816,133.48019484972605,4.154632,5.926633262634278,118.33721,264.49115905761715,20.37466735839844,15.175415,21.507617187500045,9.048486328125023
378,-27.134563013326595,133.514650181966,4.6022797,6.479593324661255,118.0278,250.1899871826172,19.693568420410156,15.368469,21.64045410156251,9.364648437500023
379,-27.176005158384505,133.534263617818,4.6022797,6.479593324661255,118.0278,250.1899871826172,19.693568420410156,15.368469,21.64045410156251,9.364648437500023
380,-27.219636420856077,133.54649038674464,4.6022797,6.479593324661255,118.0278,250.1899871826172,19.693568420410156,15.368469,21.64045410156251,9.364648437500023
381,-27.25547752585133,133.57704108853602,4.6022797,6.479593324661255,118.0278,250.1899871826172,19.693568420410156,15.368469,21.64045410156251,9.364648437500023
382,-27.29131863084658,133.6075917903274,4.6022797,6.479593324661255,118.0278,250.1899871826172,19.693568420410156,15.368469,21.64045410156251,9.364648437500023
383,-27.32818216218604,133.63658120731455,4.6022797,6.479593324661255,118.0278,250.1899871826172,19.693568420410156,15.368469,21.64045410156251,9.364648437500023
384,-27.365045693525506,133.6655706243017,4.6022797,6.479593324661255,118.0278,250.1899871826172,19.693568420410156,15.368469,21.64045410156251,9.364648437500023
385,-27.40190922486497,133.69456004128884,4.7418633,6.548390293121337,119.88769,243.36970367431636,21.828691101074224,15.445343,21.7271728515625,9.425268554687534
386,-27.438337499069952,133.72428503489786,4.7418633,6.548390293121337,119.88769,243.36970367431636,21.828691101074224,15.445343,21.7271728515625,9.425268554687534
387,-27.47476577327493,133.75401002850688,4.7418633,6.548390293121337,119.88769,243.36970367431636,21.828691101074224,15.445343,21.7271728515625,9.425268554687534
388,-27.51119404747992,133.7837350221159,4.7418633,6.548390293121337,119.88769,243.36970367431636,21.828691101074224,15.445343,21.7271728515625,9.425268554687534
389,-27.5476223216849,133.81346001572493,4.7418633,6.548390293121337,119.88769,243.36970367431636,21.828691101074224,15.445343,21.7271728515625,9.425268554687534
390,-27.584050595889885,133.84318500933395,4.7418633,6.548390293121337,119.88769,243.36970367431636,21.828691101074224,15.445343,21.7271728515625,9.425268554687534
391,-27.620478870094868,133.87291000294297,4.7418633,6.548390293121337,119.88769,243.36970367431636,21.828691101074224,15.445343,21.7271728515625,9.425268554687534
392,-27.65021367831939,133.91098891122547,4.457147,6.176007032394409,124.03187,242.00368652343747,25.777207946777345,15.111572,21.441650390625,9.143847656250045
393,-27.68410195935673,133.94436138520533,4.457147,6.176007032394409,124.03187,242.00368652343747,25.777207946777345,15.111572,21.441650390625,9.143847656250045
394,-27.71932221068676,133.97593956114957,4.457147,6.176007032394409,124.03187,242.00368652343747,25.777207946777345,15.111572,21.441650390625,9.143847656250045
395,-27.758673375861274,134.0005277631458,4.457147,6.176007032394409,124.03187,242.00368652343747,25.777207946777345,15.111572,21.441650390625,9.143847656250045
396,-27.800162431358217,134.02012496884566,4.457147,6.176007032394409,124.03187,242.00368652343747,25.777207946777345,15.111572,21.441650390625,9.143847656250045
397,-27.8446287576163,134.0276847672761,4.457147,6.176007032394409,124.03187,242.00368652343747,25.777207946777345,15.111572,21.441650390625,9.143847656250045
398,-27.885234225734344,134.04954221520856,3.8141656,5.490749931335449,127.37973,228.81025390624998,26.53343811035156,14.3628235,20.991601562500023,8.350195312500034
399,-27.92583969385239,134.07139966314102,3.8141656,5.490749931335449,127.37973,228.81025390624998,26.53343811035156,14.3628235,20.991601562500023,8.350195312500034
400,-27.964721824991265,134.096969307895,3.8141656,5.490749931335449,127.37973,228.81025390624998,26.53343811035156,14.3628235,20.991601562500023,8.350195312500034
401,-28.007629405427,134.11220075863102,3.8141656,5.490749931335449,127.37973,228.81025390624998,26.53343811035156,14.3628235,20.991601562500023,8.350195312500034
402,-28.052405723763687,134.1075253529543,3.8141656,5.490749931335449,127.37973,228.81025390624998,26.53343811035156,14.3628235,20.991601562500023,8.350195312500034
403,-28.094399582573136,134.12574822020358,3.8141656,5.490749931335449,127.37973,228.81025390624998,26.53343811035156,14.3628235,20.991601562500023,8.350195312500034
404,-28.1392797856505,134.1288982749492,3.5991476,5.234428882598877,127.28316,228.82510833740233,23.77129287719727,13.826172,20.673803710937534,7.895751953125
405,-28.184159988727867,134.1320483296948,3.5991476,5.234428882598877,127.28316,228.82510833740233,23.77129287719727,13.826172,20.673803710937534,7.895751953125
406,-28.227678489524017,134.14489505784246,3.5991476,5.234428882598877,127.28316,228.82510833740233,23.77129287719727,13.826172,20.673803710937534,7.895751953125
407,-28.271196990320167,134.1577417859901,3.5991476,5.234428882598877,127.28316,228.82510833740233,23.77129287719727,13.826172,20.673803710937534,7.895751953125
408,-28.3153009939182,134.16769882631266,3.5991476,5.234428882598877,127.28316,228.82510833740233,23.77129287719727,13.826172,20.673803710937534,7.895751953125
409,-28.359404997516226,134.1776558666352,3.5991476,5.234428882598877,127.28316,228.82510833740233,23.77129287719727,13.826172,20.673803710937534,7.895751953125
410,-28.40350900111425,134.18761290695775,3.8767047,5.597302627563477,126.1938,228.92170257568355,21.867310333251954,13.678406,20.73139648437501,7.84912109375
411,-28.44746730573037,134.1983788875935,3.8767047,5.597302627563477,126.1938,228.92170257568355,21.867310333251954,13.678406,20.73139648437501,7.84912109375
412,-28.491166434503548,134.21043708887157,3.8767047,5.597302627563477,126.1938,228.92170257568355,21.867310333251954,13.678406,20.73139648437501,7.84912109375
413,-28.53004848188365,134.23614239806608,3.8767047,5.597302627563477,126.1938,228.92170257568355,21.867310333251954,13.678406,20.73139648437501,7.84912109375
414,-28.5656823793433,134.26736894993493,3.8767047,5.597302627563477,126.1938,228.92170257568355,21.867310333251954,13.678406,20.73139648437501,7.84912109375
415,-28.600180194373937,134.300217639032,3.8767047,5.597302627563477,126.1938,228.92170257568355,21.867310333251954,13.678406,20.73139648437501,7.84912109375
416,-28.636243898302503,134.33081487751372,4.273458,6.234448099136352,124.880424,232.87262725830072,20.71968765258789,13.85437,21.062353515625034,8.164038085937534
417,-28.654414692084234,134.37768457842853,4.273458,6.234448099136352,124.880424,232.87262725830072,20.71968765258789,13.85437,21.062353515625034,8.164038085937534
418,-28.676392694120203,134.42239681838694,4.273458,6.234448099136352,124.880424,232.87262725830072,20.71968765258789,13.85437,21.062353515625034,8.164038085937534
419,-28.709288421225253,134.45734859507965,4.273458,6.234448099136352,124.880424,232.87262725830072,20.71968765258789,13.85437,21.062353515625034,8.164038085937534
420,-28.743268400014458,134.4909385905687,4.273458,6.234448099136352,124.880424,232.87262725830072,20.71968765258789,13.85437,21.062353515625034,8.164038085937534
421,-28.777248378803662,134.52452858605776,4.273458,6.234448099136352,124.880424,232.87262725830072,20.71968765258789,13.85437,21.062353515625034,8.164038085937534
422,-28.81391508104081,134.5542337630009,4.273458,6.234448099136352,124.880424,232.87262725830072,20.71968765258789,13.85437,21.062353515625034,8.164038085937534
423,-28.847600804742765,134.58823909985966,4.273458,6.234448099136352,124.880424,232.87262725830072,20.71968765258789,13.85437,21.062353515625034,8.164038085937534
424,-28.880065594950057,134.62376796663804,4.450228,6.5195946216583245,127.02721,236.03547210693358,22.726910400390626,13.983643,20.819091796875,8.383154296875034
425,-28.91627832826466,134.6542199946636,4.450228,6.5195946216583245,127.02721,236.03547210693358,22.726910400390626,13.983643,20.819091796875,8.383154296875034
426,-28.95487495497947,134.6805820158159,4.450228,6.5195946216583245,127.02721,236.03547210693358,22.726910400390626,13.983643,20.819091796875,8.383154296875034
427,-28.998778356304538,134.69169109207618,4.450228,6.5195946216583245,127.02721,236.03547210693358,22.726910400390626,13.983643,20.819091796875,8.383154296875034
428,-29.02065534133664,134.736615509929,4.450228,6.5195946216583245,127.02721,236.03547210693358,22.726910400390626,13.983643,20.819091796875,8.383154296875034
429,-29.02949732343609,134.78703621204778,4.450228,6.5195946216583245,127.02721,236.03547210693358,22.726910400390626,13.983643,20.819091796875,8.383154296875034
430,-29.060985518761477,134.8237583749785,4.450228,6.5195946216583245,127.02721,236.03547210693358,22.726910400390626,13.983643,20.819091796875,8.383154296875034
431,-29.085678356286035,134.86676010174253,4.450228,6.5195946216583245,127.02721,236.03547210693358,22.726910400390626,13.983643,20.819091796875,8.383154296875034
432,-29.118561420029376,134.90186628444943,4.450228,6.5195946216583245,127.02721,236.03547210693358,22.726910400390626,13.983643,20.819091796875,8.383154296875034
433,-29.156774880082608,134.9290045261133,4.151276,6.119034242630005,126.529015,229.21168518066406,22.24813308715821,13.928009,20.801489257812534,8.454760742187545
434,-29.196962977597483,134.9521106506942,4.151276,6.119034242630005,126.529015,229.21168518066406,22.24813308715821,13.928009,20.801489257812534,8.454760742187545
435,-29.24123921333981,134.96110267100337,4.151276,6.119034242630005,126.529015,229.21168518066406,22.24813308715821,13.928009,20.801489257812534,8.454760742187545
436,-29.28541970250797,134.97070088544663,4.151276,6.119034242630005,126.529015,229.21168518066406,22.24813308715821,13.928009,20.801489257812534,8.454760742187545
437,-29.32960019167612,134.9802990998899,4.151276,6.119034242630005,126.529015,229.21168518066406,22.24813308715821,13.928009,20.801489257812534,8.454760742187545
438,-29.37378068084428,134.98989731433315,4.151276,6.119034242630005,126.529015,229.21168518066406,22.24813308715821,13.928009,20.801489257812534,8.454760742187545
439,-29.416797918045763,135.0049306863115,3.7811027,5.733512878417969,128.42474,230.46370697021476,25.348422241210937,13.713562,20.6075439453125,8.160107421875011
440,-29.45981515524725,135.01996405828984,3.7811027,5.733512878417969,128.42474,230.46370697021476,25.348422241210937,13.713562,20.6075439453125,8.160107421875011
441,-29.503746785182788,135.0309814146013,3.7811027,5.733512878417969,128.42474,230.46370697021476,25.348422241210937,13.713562,20.6075439453125,8.160107421875011
442,-29.540970559209256,135.0599742128193,3.7811027,5.733512878417969,128.42474,230.46370697021476,25.348422241210937,13.713562,20.6075439453125,8.160107421875011
443,-29.58323438050017,135.07762579281373,3.7811027,5.733512878417969,128.42474,230.46370697021476,25.348422241210937,13.713562,20.6075439453125,8.160107421875011
444,-29.61297673831528,135.11641362708502,3.7811027,5.733512878417969,128.42474,230.46370697021476,25.348422241210937,13.713562,20.6075439453125,8.160107421875011
445,-29.654916736090644,135.13507293801294,3.6069062,5.44827914237976,129.71811,233.29261932373046,27.70642776489258,13.40686,20.09521484375,7.973901367187523
446,-29.699637099504603,135.12966659781907,3.6069062,5.44827914237976,129.71811,233.29261932373046,27.70642776489258,13.40686,20.09521484375,7.973901367187523
447,-29.74435746291856,135.1242602576252,3.6069062,5.44827914237976,129.71811,233.29261932373046,27.70642776489258,13.40686,20.09521484375,7.973901367187523
448,-29.78907782633252,135.11885391743132,3.6069062,5.44827914237976,129.71811,233.29261932373046,27.70642776489258,13.40686,20.09521484375,7.973901367187523
449,-29.83378841225001,135.12437134471355,3.6069062,5.44827914237976,129.71811,233.29261932373046,27.70642776489258,13.40686,20.09521484375,7.973901367187523
450,-29.87827586650207,135.13191626557625,3.7563956,5.680290079116821,131.6876,237.66680297851562,30.447721481323246,13.132568,19.72639160156251,7.8287841796875455
451,-29.91894572253666,135.1540433740671,3.7563956,5.680290079116821,131.6876,237.66680297851562,30.447721481323246,13.132568,19.72639160156251,7.8287841796875455
452,-29.96195305388692,135.1691949441045,3.7563956,5.680290079116821,131.6876,237.66680297851562,30.447721481323246,13.132568,19.72639160156251,7.8287841796875455
453,-30.004498803950728,135.1859985078076,3.7563956,5.680290079116821,131.6876,237.66680297851562,30.447721481323246,13.132568,19.72639160156251,7.8287841796875455
454,-30.04812592275612,135.19858040340768,3.7563956,5.680290079116821,131.6876,237.66680297851562,30.447721481323246,13.132568,19.72639160156251,7.8287841796875455
455,-30.09304940051648,135.19631821803003,3.7563956,5.680290079116821,131.6876,237.66680297851562,30.447721481323246,13.132568,19.72639160156251,7.8287841796875455
456,-30.13797287827684,135.19405603265238,4.3772216,6.543522596359253,130.52919,235.30924377441406,29.6452995300293,13.017273,19.4005126953125,7.794873046875011
457,-30.18227505647438,135.20296046427805,4.3772216,6.543522596359253,130.52919,235.30924377441406,29.6452995300293,13.017273,19.4005126953125,7.794873046875011
458,-30.21518777334201,135.23841456795563,4.3772216,6.543522596359253,130.52919,235.30924377441406,29.6452995300293,13.017273,19.4005126953125,7.794873046875011
459,-30.255123175361728,135.26234198285633,4.3772216,6.543522596359253,130.52919,235.30924377441406,29.6452995300293,13.017273,19.4005126953125,7.794873046875011
460,-30.29505857738145,135.28626939775702,4.3772216,6.543522596359253,130.52919,235.30924377441406,29.6452995300293,13.017273,19.4005126953125,7.794873046875011
461,-30.335110772685145,135.30995148496388,4.3772216,6.543522596359253,130.52919,235.30924377441406,29.6452995300293,13.017273,19.4005126953125,7.794873046875011
462,-30.37516296798884,135.33363357217073,4.633948,6.969330501556396,131.64932,234.02162475585936,30.187498474121096,12.77182,19.180883789062534,7.599560546875011
463,-30.418046165755424,135.34931795712976,4.633948,6.969330501556396,131.64932,234.02162475585936,30.187498474121096,12.77182,19.180883789062534,7.599560546875011
464,-30.46300528347507,135.3502360465095,4.633948,6.969330501556396,131.64932,234.02162475585936,30.187498474121096,12.77182,19.180883789062534,7.599560546875011
465,-30.50796440119472,135.35115413588926,4.633948,6.969330501556396,131.64932,234.02162475585936,30.187498474121096,12.77182,19.180883789062534,7.599560546875011
466,-30.55020789382097,135.36904486594108,4.633948,6.969330501556396,131.64932,234.02162475585936,30.187498474121096,12.77182,19.180883789062534,7.599560546875011
467,-30.59343452616962,135.38343482743335,4.633948,6.969330501556396,131.64932,234.02162475585936,30.187498474121096,12.77182,19.180883789062534,7.599560546875011
468,-30.63666115851827,135.39782478892562,4.3056793,6.764392518997192,132.05899,240.5149993896484,29.01795883178711,12.486023,18.531396484375023,7.2866699218750455
469,-30.670951400833864,135.43164255421013,4.3056793,6.764392518997192,132.05899,240.5149993896484,29.01795883178711,12.486023,18.531396484375023,7.2866699218750455
470,-30.701711208686767,135.46978548803634,4.3056793,6.764392518997192,132.05899,240.5149993896484,29.01795883178711,12.486023,18.531396484375023,7.2866699218750455
471,-30.73781591404222,135.50096583178356,4.3056793,6.764392518997192,132.05899,240.5149993896484,29.01795883178711,12.486023,18.531396484375023,7.2866699218750455
472,-30.77989986286519,135.51939880406667,4.3056793,6.764392518997192,132.05899,240.5149993896484,29.01795883178711,12.486023,18.531396484375023,7.2866699218750455
473,-30.816360197190324,135.55004428483863,4.3056793,6.764392518997192,132.05899,240.5149993896484,29.01795883178711,12.486023,18.531396484375023,7.2866699218750455
474,-30.85282053151546,135.5806897656106,4.3056793,6.764392518997192,132.05899,240.5149993896484,29.01795883178711,12.486023,18.531396484375023,7.2866699218750455
475,-30.87232202923372,135.62789442606288,4.3056793,6.764392518997192,132.05899,240.5149993896484,29.01795883178711,12.486023,18.531396484375023,7.2866699218750455
476,-30.894193742922432,135.67367524588155,4.5796075,7.176660442352294,131.96321,247.3307922363281,27.982630157470705,12.399506,18.046435546875045,7.3912841796875455
477,-30.926867872898544,135.70968934802283,4.5796075,7.176660442352294,131.96321,247.3307922363281,27.982630157470705,12.399506,18.046435546875045,7.3912841796875455
478,-30.959542002874656,135.74570345016411,4.5796075,7.176660442352294,131.96321,247.3307922363281,27.982630157470705,12.399506,18.046435546875045,7.3912841796875455
479,-31.000568953682112,135.7671716423185,4.5796075,7.176660442352294,131.96321,247.3307922363281,27.982630157470705,12.399506,18.046435546875045,7.3912841796875455
480,-31.03173355820524,135.80499885524853,4.5796075,7.176660442352294,131.96321,247.3307922363281,27.982630157470705,12.399506,18.046435546875045,7.3912841796875455
481,-31.069745326531887,135.83304062115965,4.5796075,7.176660442352294,131.96321,247.3307922363281,27.982630157470705,12.399506,18.046435546875045,7.3912841796875455
482,-31.094984280924827,135.87650078755104,4.5796075,7.176660442352294,131.96321,247.3307922363281,27.982630157470705,12.399506,18.046435546875045,7.3912841796875455
483,-31.120223235317766,135.91996095394245,4.5796075,7.176660442352294,131.96321,247.3307922363281,27.982630157470705,12.399506,18.046435546875045,7.3912841796875455
484,-31.13293376778657,135.970351846413,4.9491143,7.829345321655273,133.78467,253.78109893798828,25.270413208007817,12.594849,17.928442382812534,7.981030273437511
485,-31.145644300255377,136.02074273888354,4.9491143,7.829345321655273,133.78467,253.78109893798828,25.270413208007817,12.594849,17.928442382812534,7.981030273437511
486,-31.167138349672918,136.066897365443,4.9491143,7.829345321655273,133.78467,253.78109893798828,25.270413208007817,12.594849,17.928442382812534,7.981030273437511
487,-31.17023181292608,136.11932538465675,4.9491143,7.829345321655273,133.78467,253.78109893798828,25.270413208007817,12.594849,17.928442382812534,7.981030273437511
488,-31.17896202611024,136.17088292419254,4.9491143,7.829345321655273,133.78467,253.78109893798828,25.270413208007817,12.594849,17.928442382812534,7.981030273437511
489,-31.18498132756301,136.22296992162822,4.9491143,7.829345321655273,133.78467,253.78109893798828,25.270413208007817,12.594849,17.928442382812534,7.981030273437511
490,-31.196910611319424,136.27365135355123,4.9491143,7.829345321655273,133.78467,253.78109893798828,25.270413208007817,12.594849,17.928442382812534,7.981030273437511
491,-31.21601823987727,136.32124719924053,4.9491143,7.829345321655273,133.78467,253.78109893798828,25.270413208007817,12.594849,17.928442382812534,7.981030273437511
492,-31.235125868435112,136.36884304492983,4.9491143,7.829345321655273,133.78467,253.78109893798828,25.270413208007817,12.594849,17.928442382812534,7.981030273437511
493,-31.23228862741872,136.42132566864916,4.9491143,7.829345321655273,133.78467,253.78109893798828,25.270413208007817,12.594849,17.928442382812534,7.981030273437511
494,-31.229451386402324,136.4738082923685,4.9491143,7.829345321655273,133.78467,253.78109893798828,25.270413208007817,12.594849,17.928442382812534,7.981030273437511
495,-31.25206969542205,136.51926516878598,4.9491143,7.829345321655273,133.78467,253.78109893798828,25.270413208007817,12.594849,17.928442382812534,7.981030273437511
496,-31.24533300831312,136.57126728153642,4.9491143,7.829345321655273,133.78467,253.78109893798828,25.270413208007817,12.594849,17.928442382812534,7.981030273437511
497,-31.267131140216225,136.61727582232342,4.9491143,7.829345321655273,133.78467,253.78109893798828,25.270413208007817,12.594849,17.928442382812534,7.981030273437511
498,-31.265949328021275,136.66986411025377,4.9491143,7.829345321655273,133.78467,253.78109893798828,25.270413208007817,12.594849,17.928442382812534,7.981030273437511
499,-31.25276736523989,136.72015400752872,4.9491143,7.829345321655273,133.78467,253.78109893798828,25.270413208007817,12.594849,17.928442382812534,7.981030273437511
500,-31.25189629930668,136.77274266995155,4.9491143,7.829345321655273,133.78467,253.78109893798828,25.270413208007817,12.594849,17.928442382812534,7.981030273437511
501,-31.27542329163306,136.81757473006718,4.9491143,7.829345321655273,133.78467,253.78109893798828,25.270413208007817,12.594849,17.928442382812534,7.981030273437511
502,-31.31201160564738,136.8481700925881,4.9491143,7.829345321655273,133.78467,253.78109893798828,25.270413208007817,12.594849,17.928442382812534,7.981030273437511
503,-31.3485999196617,136.87876545510903,4.9491143,7.829345321655273,133.78467,253.78109893798828,25.270413208007817,12.594849,17.928442382812534,7.981030273437511
504,-31.376110876792445,136.92042294026675,6.087861,9.376439094543457,136.2988,254.62560882568357,27.013875198364257,14.44278,18.340551757812534,11.466967773437545
505,-31.399817664304003,136.96518730647202,6.087861,9.376439094543457,136.2988,254.62560882568357,27.013875198364257,14.44278,18.340551757812534,11.466967773437545
506,-31.434671844889472,136.99848155365436,6.087861,9.376439094543457,136.2988,254.62560882568357,27.013875198364257,14.44278,18.340551757812534,11.466967773437545
507,-31.46070348399449,137.04146341004883,6.087861,9.376439094543457,136.2988,254.62560882568357,27.013875198364257,14.44278,18.340551757812534,11.466967773437545
508,-31.488431947828616,137.082973843117,6.087861,9.376439094543457,136.2988,254.62560882568357,27.013875198364257,14.44278,18.340551757812534,11.466967773437545
509,-31.524126825049265,137.11505169574275,6.087861,9.376439094543457,136.2988,254.62560882568357,27.013875198364257,14.44278,18.340551757812534,11.466967773437545
510,-31.567387927813268,137.12944527735533,6.087861,9.376439094543457,136.2988,254.62560882568357,27.013875198364257,14.44278,18.340551757812534,11.466967773437545
511,-31.611010939900748,137.14225313190195,6.087861,9.376439094543457,136.2988,254.62560882568357,27.013875198364257,14.44278,18.340551757812534,11.466967773437545
512,-31.653673773055303,137.15894132814444,7.085351,10.491146564483643,137.63667,250.4246810913086,31.499274444580077,15.851868,18.6375732421875,13.789379882812511
513,-31.688733667071105,137.1920250113709,7.085351,10.491146564483643,137.63667,250.4246810913086,31.499274444580077,15.851868,18.6375732421875,13.789379882812511
514,-31.71847260323971,137.2316712047482,7.085351,10.491146564483643,137.63667,250.4246810913086,31.499274444580077,15.851868,18.6375732421875,13.789379882812511
515,-31.75294258560112,137.26562592598583,7.085351,10.491146564483643,137.63667,250.4246810913086,31.499274444580077,15.851868,18.6375732421875,13.789379882812511
516,-31.788692007448464,137.29771180012386,7.085351,10.491146564483643,137.63667,250.4246810913086,31.499274444580077,15.851868,18.6375732421875,13.789379882812511
517,-31.828516575972223,137.3223097572408,7.085351,10.491146564483643,137.63667,250.4246810913086,31.499274444580077,15.851868,18.6375732421875,13.789379882812511
518,-31.868341144495982,137.3469077143577,7.085351,10.491146564483643,137.63667,250.4246810913086,31.499274444580077,15.851868,18.6375732421875,13.789379882812511
519,-31.90816571301974,137.37150567147464,7.3487487,10.82597255706787,137.16936,247.2625061035156,33.56159248352051,15.953064,18.605493164062523,13.931591796875011
520,-31.9479902815435,137.39610362859156,7.3487487,10.82597255706787,137.16936,247.2625061035156,33.56159248352051,15.953064,18.605493164062523,13.931591796875011
521,-31.98781485006726,137.42070158570849,7.3487487,10.82597255706787,137.16936,247.2625061035156,33.56159248352051,15.953064,18.605493164062523,13.931591796875011
522,-32.027639418591015,137.4452995428254,7.3487487,10.82597255706787,137.16936,247.2625061035156,33.56159248352051,15.953064,18.605493164062523,13.931591796875011
523,-32.07260351293008,137.44480085563671,7.3487487,10.82597255706787,137.16936,247.2625061035156,33.56159248352051,15.953064,18.605493164062523,13.931591796875011
524,-32.117514897141355,137.44218355622738,7.3487487,10.82597255706787,137.16936,247.2625061035156,33.56159248352051,15.953064,18.605493164062523,13.931591796875011
525,-32.15881415940032,137.46318905699638,7.3057184,10.702893352508543,137.78316,243.29578857421873,35.208556747436525,15.809113,18.33576660156251,13.771166992187545
526,-32.19405555899773,137.49620125321425,7.3057184,10.702893352508543,137.78316,243.29578857421873,35.208556747436525,15.809113,18.33576660156251,13.771166992187545
527,-32.22929695859514,137.52921344943212,7.3057184,10.702893352508543,137.78316,243.29578857421873,35.208556747436525,15.809113,18.33576660156251,13.771166992187545
528,-32.26453835819255,137.56222564565,7.3057184,10.702893352508543,137.78316,243.29578857421873,35.208556747436525,15.809113,18.33576660156251,13.771166992187545
529,-32.30631991779275,137.58188939101726,7.3057184,10.702893352508543,137.78316,243.29578857421873,35.208556747436525,15.809113,18.33576660156251,13.771166992187545
530,-32.34778168631513,137.60248617259117,7.3057184,10.702893352508543,137.78316,243.29578857421873,35.208556747436525,15.809113,18.33576660156251,13.771166992187545
531,-32.38225891660692,137.63667230684743,7.4100103,10.937381839752197,140.54187,244.77144622802734,36.54188575744629,15.718109,18.147387695312545,13.677294921875045
532,-32.416736146898714,137.6708584411037,7.4100103,10.937381839752197,140.54187,244.77144622802734,36.54188575744629,15.718109,18.147387695312545,13.677294921875045
533,-32.447531965558944,137.70968707037878,7.4100103,10.937381839752197,140.54187,244.77144622802734,36.54188575744629,15.718109,18.147387695312545,13.677294921875045
534,-32.478327784219175,137.74851569965386,7.4100103,10.937381839752197,140.54187,244.77144622802734,36.54188575744629,15.718109,18.147387695312545,13.677294921875045
535,-32.505231187005506,137.79124471829067,7.4100103,10.937381839752197,140.54187,244.77144622802734,36.54188575744629,15.718109,18.147387695312545,13.677294921875045
536,-32.53213458979184,137.83397373692748,7.4100103,10.937381839752197,140.54187,244.77144622802734,36.54188575744629,15.718109,18.147387695312545,13.677294921875045
537,-32.568146411305456,137.86592627218295,7.4100103,10.937381839752197,140.54187,244.77144622802734,36.54188575744629,15.718109,18.147387695312545,13.677294921875045
538,-32.604158232819074,137.89787880743847,7.4100103,10.937381839752197,140.54187,244.77144622802734,36.54188575744629,15.718109,18.147387695312545,13.677294921875045
539,-32.64496528724294,137.92030869540596,7.4330106,10.958480930328369,142.67432,247.52288360595702,39.673333740234376,15.591492,17.988061523437523,13.585595703125023
540,-32.68822269016832,137.93489609924347,7.4330106,10.958480930328369,142.67432,247.52288360595702,39.673333740234376,15.591492,17.988061523437523,13.585595703125023
541,-32.73240468450781,137.9448340612652,7.4330106,10.958480930328369,142.67432,247.52288360595702,39.673333740234376,15.591492,17.988061523437523,13.585595703125023
542,-32.77586858687484,137.95854117043484,7.4330106,10.958480930328369,142.67432,247.52288360595702,39.673333740234376,15.591492,17.988061523437523,13.585595703125023
543,-32.818436929063715,137.97577757205588,7.4330106,10.958480930328369,142.67432,247.52288360595702,39.673333740234376,15.591492,17.988061523437523,13.585595703125023
544,-32.86310110259593,137.98196989912375,7.4330106,10.958480930328369,142.67432,247.52288360595702,39.673333740234376,15.591492,17.988061523437523,13.585595703125023
545,-32.9080519508615,137.98336372759343,7.4633603,11.20101261138916,144.131,248.33309631347657,38.89987831115723,15.442383,17.88764648437501,13.436694335937545
546,-32.95300812925586,137.98448823630122,7.4633603,11.20101261138916,144.131,248.33309631347657,38.89987831115723,15.442383,17.88764648437501,13.436694335937545
547,-32.99745963547184,137.99257432361313,7.4633603,11.20101261138916,144.131,248.33309631347657,38.89987831115723,15.442383,17.88764648437501,13.436694335937545
548,-33.03519490829862,138.02174118291347,7.4633603,11.20101261138916,144.131,248.33309631347657,38.89987831115723,15.442383,17.88764648437501,13.436694335937545
549,-33.07521725997199,138.04620038946155,7.4633603,11.20101261138916,144.131,248.33309631347657,38.89987831115723,15.442383,17.88764648437501,13.436694335937545
550,-33.11609752769202,138.06855841843273,7.4633603,11.20101261138916,144.131,248.33309631347657,38.89987831115723,15.442383,17.88764648437501,13.436694335937545
551,-33.1610544895807,138.06964008765854,7.444016,11.329019546508789,146.62059,254.47408752441407,38.64975776672364,15.264526,17.64863281250001,13.277978515625023
552,-33.20189794988318,138.09211345120866,7.444016,11.329019546508789,146.62059,254.47408752441407,38.64975776672364,15.264526,17.64863281250001,13.277978515625023
553,-33.2392036452304,138.1221277480997,7.444016,11.329019546508789,146.62059,254.47408752441407,38.64975776672364,15.264526,17.64863281250001,13.277978515625023
554,-33.27605416807258,138.15294978577316,7.444016,11.329019546508789,146.62059,254.47408752441407,38.64975776672364,15.264526,17.64863281250001,13.277978515625023
555,-33.31290469091476,138.18377182344662,7.444016,11.329019546508789,146.62059,254.47408752441407,38.64975776672364,15.264526,17.64863281250001,13.277978515625023
556,-33.357138768870385,138.1740946769298,7.444016,11.329019546508789,146.62059,254.47408752441407,38.64975776672364,15.264526,17.64863281250001,13.277978515625023
557,-33.401372846826014,138.16441753041298,7.433018,11.460775089263915,146.86421,256.4247711181641,36.39324035644532,15.061005,17.360131835937523,13.071704101562545
558,-33.44560692478164,138.15474038389615,7.433018,11.460775089263915,146.86421,256.4247711181641,36.39324035644532,15.061005,17.360131835937523,13.071704101562545
559,-33.48614465187318,138.17807638923776,7.433018,11.460775089263915,146.86421,256.4247711181641,36.39324035644532,15.061005,17.360131835937523,13.071704101562545
560,-33.52668237896472,138.20141239457936,7.433018,11.460775089263915,146.86421,256.4247711181641,36.39324035644532,15.061005,17.360131835937523,13.071704101562545
561,-33.56721117284769,138.22478582836382,7.433018,11.460775089263915,146.86421,256.4247711181641,36.39324035644532,15.061005,17.360131835937523,13.071704101562545
562,-33.61214045521472,138.2269699686304,7.433018,11.460775089263915,146.86421,256.4247711181641,36.39324035644532,15.061005,17.360131835937523,13.071704101562545
563,-33.65706973758175,138.22915410889695,7.440499,11.410676002502441,149.03387,261.6605285644531,35.80133590698242,14.87439,17.128808593750023,12.923681640625034
564,-33.70092144740398,138.21719649644217,7.440499,11.410676002502441,149.03387,261.6605285644531,35.80133590698242,14.87439,17.128808593750023,12.923681640625034
565,-33.74579272093983,138.21368650290574,7.440499,11.410676002502441,149.03387,261.6605285644531,35.80133590698242,14.87439,17.128808593750023,12.923681640625034
566,-33.790663994475686,138.21017650936932,7.440499,11.410676002502441,149.03387,261.6605285644531,35.80133590698242,14.87439,17.128808593750023,12.923681640625034
567,-33.83344781611833,138.19351378704286,7.440499,11.410676002502441,149.03387,261.6605285644531,35.80133590698242,14.87439,17.128808593750023,12.923681640625034
568,-33.876231637760974,138.1768510647164,7.4285693,11.482864379882812,149.3202,262.7154998779297,33.21617088317871,14.703766,16.922094726562534,12.794995117187511
569,-33.91979254282218,138.16341228576678,7.4285693,11.482864379882812,149.3202,262.7154998779297,33.21617088317871,14.703766,16.922094726562534,12.794995117187511
570,-33.96291128207607,138.17879036943566,7.4285693,11.482864379882812,149.3202,262.7154998779297,33.21617088317871,14.703766,16.922094726562534,12.794995117187511
571,-33.996442121008165,138.21492385692756,7.4285693,11.482864379882812,149.3202,262.7154998779297,33.21617088317871,14.703766,16.922094726562534,12.794995117187511
572,-34.04111801487446,138.208769157519,7.4285693,11.482864379882812,149.3202,262.7154998779297,33.21617088317871,14.703766,16.922094726562534,12.794995117187511
573,-34.08484818055012,138.1961280648971,7.4285693,11.482864379882812,149.3202,262.7154998779297,33.21617088317871,14.703766,16.922094726562534,12.794995117187511
574,-34.1281985976428,138.18169963128682,7.432815,11.502560234069824,152.05878,267.8631408691406,32.83725738525391,14.549988,16.70698242187501,12.654516601562534
575,-34.16858566280202,138.15781035443598,7.432815,11.502560234069824,152.05878,267.8631408691406,32.83725738525391,14.549988,16.70698242187501,12.654516601562534
576,-34.21035684798888,138.17793602773142,7.432815,11.502560234069824,152.05878,267.8631408691406,32.83725738525391,14.549988,16.70698242187501,12.654516601562534
577,-34.245447597862864,138.2119504341945,7.432815,11.502560234069824,152.05878,267.8631408691406,32.83725738525391,14.549988,16.70698242187501,12.654516601562534
578,-34.280538347736844,138.2459648406576,7.432815,11.502560234069824,152.05878,267.8631408691406,32.83725738525391,14.549988,16.70698242187501,12.654516601562534
579,-34.32143772927827,138.26859006354894,7.432815,11.502560234069824,152.05878,267.8631408691406,32.83725738525391,14.549988,16.70698242187501,12.654516601562534
580,-34.36126886834771,138.29387894955036,7.432815,11.502560234069824,152.05878,267.8631408691406,32.83725738525391,14.549988,16.70698242187501,12.654516601562534
581,-34.40110000741714,138.31916783555178,7.43815,11.533819198608398,157.83662,282.0903350830078,34.46366577148438,14.400574,16.617895507812534,12.561303710937523
582,-34.44093114648658,138.3444567215532,7.43815,11.533819198608398,157.83662,282.0903350830078,34.46366577148438,14.400574,16.617895507812534,12.561303710937523
583,-34.47539538427316,138.3795028475665,7.43815,11.533819198608398,157.83662,282.0903350830078,34.46366577148438,14.400574,16.617895507812534,12.561303710937523
584,-34.50985962205975,138.4145489735798,7.43815,11.533819198608398,157.83662,282.0903350830078,34.46366577148438,14.400574,16.617895507812534,12.561303710937523
585,-34.54432385984634,138.4495950995931,7.43815,11.533819198608398,157.83662,282.0903350830078,34.46366577148438,14.400574,16.617895507812534,12.561303710937523
586,-34.5772495343107,138.4867874102231,7.43815,11.533819198608398,157.83662,282.0903350830078,34.46366577148438,14.400574,16.617895507812534,12.561303710937523
587,-34.61540187591819,138.51570164905002,7.43815,11.533819198608398,157.83662,282.0903350830078,34.46366577148438,14.400574,16.617895507812534,12.561303710937523
588,-34.653593640123546,138.54455698556154,7.4366255,11.562228870391845,161.51578,285.77309570312497,35.157744598388675,14.260529,16.33356933593751,12.4346923828125
589,-34.691785404328904,138.57341232207307,7.4366255,11.562228870391845,161.51578,285.77309570312497,35.157744598388675,14.260529,16.33356933593751,12.4346923828125
590,-34.73582677806342,138.5844522860164,7.4366255,11.562228870391845,161.51578,285.77309570312497,35.157744598388675,14.260529,16.33356933593751,12.4346923828125
591,-34.779868151797935,138.59549224995976,7.4366255,11.562228870391845,161.51578,285.77309570312497,35.157744598388675,14.260529,16.33356933593751,12.4346923828125
592,-34.82414715845064,138.58595434192847,7.4366255,11.562228870391845,161.51578,285.77309570312497,35.157744598388675,14.260529,16.33356933593751,12.4346923828125
593,-34.86843505873958,138.57647274930306,7.4366255,11.562228870391845,161.51578,285.77309570312497,35.157744598388675,14.260529,16.33356933593751,12.4346923828125
594,-34.91322923631539,138.5716831130294,7.4308586,11.51450138092041,162.6529,285.18214111328126,33.20822257995606,14.093842,16.05891113281251,12.277197265625034
