0	18.1782983700764
0.836935098674076	9.82349653854271
1.90408396798557	12.0513715914276
2.39603671956365	8.83690237094015
3.18764425864265	22.7113597721122
4.31416629141677	6.3543748933007
5.97548095243974	23.8626513602453
6.7620896984331	16.6725312120939
7.570537398949	25.1173126137646
8.17700400965487	16.0177982953437
9.12724259421293	34.8571538520628
10.3061128149398	13.9130164179405
10.8496706994474	16.4724809302793
11.44110731823	14.0566494123323
11.9762693732009	19.7324973808586
13.0320836954716	15.1803174970032
13.8537010796804	13.8689567088927
14.5641490747239	17.6953074245994
15.0599856161925	16.8263265154719
15.2173641641884	17.751703073397
16.2868078029946	36.0264386348117
17.1417241114082	27.6086484478155
19.9793451304236	45.442405958473
21.5908068036078	28.5532688034887
22.2554434197591	40.8777101154797
23.8305833700638	45.6403312725538
25.4939198221555	22.3141908207649
26.2373319751528	38.6608807223938
26.9866151638344	44.1971266403957
27.935226264558	46.5038759204681
28.5867622066266	50.0410964061416
29.4080622748274	47.2816351092188
30.0864342267396	48.836376760949
31.1424292769916	47.0157001302109
31.7133275362639	42.8266946462659
32.8202469167845	42.0350788875726
34.2494806961986	32.4902452512056
35.6193120876956	27.9770620388235
35.989315272715	30.2273530849284
36.3479202853928	28.7708501380071
36.914572372672	22.536577788243
38.0773407806673	16.8730614216893
40.3598806603536	26.4812774322322
40.8892999819313	35.6191144258628
41.2847247351315	36.4632052286638
42.8218931230226	35.25
44.4993617233363	50.1124677055577
45.2614228714929	51.7230715202968
45.6264476202746	51.6471571787283
46.3814989658968	56.3261768987381
47.6268751690332	56.6046387295428
48.1215418640513	58.9060614644659
49.7033630169808	55.983855559808
50.9859709124325	55.5
51.5408698902797	54.75
52.6189822244369	44.166173814544
54.8322227141375	60.5
56.0678134369105	60.75
56.8649507430491	54.8767993146839
57.9756530907539	35.7371319269128
58.4244418509597	36.9908819557731
59.4042376792549	32.8223129489525
60.4214291381031	39.1398306157148
60.9051125564797	36.6798227549325
62.004183394723	39.80997296123
63.2509442097976	54.7344213052384
65.4834117054811	33.2844057566163
68.48058792042	57.5993629143591
69.2859648487911	56.7602673282636
69.964671780192	51.3600739327744
70.7709766997532	53.5432872377178
71.3124469420295	52.7869894032833
71.9851731380809	54.7241663879681
72.7095170175457	52.6014832026449
72.9315323406172	53.3909950845709
74.4995828293918	67.9192305561669
76.2761562515539	69.7676130909413
77.0124161065301	74.2990571940413
78.1278825121658	76.9838998435889
80.3289916513959	98.6536477261479
81.1214964712553	89.6596202684295
83.9307828237329	69.5616142125486
84.175751142247	69.2259121411507
84.3850691828075	71.1749046366376
84.7264488131427	79.4544192662443
86.1684797753742	56.0424920878527
86.4729787934884	56.7492792673274
87.1275703050837	56.6521976723971
88.436457263495	69.072867625272
90.469324169253	60.75
91.8495125791396	64.4701536684906
93.1528167081642	64.9085156916735
93.5128628557418	65.7393231557726
94.0354873507777	72.0321107501231
95.131906630867	70.263761644389
96.3110231751066	77.7454685234852
97.7584219460387	81.3689475637771
99.0968383553395	69.6253867706405
99.6885815760102	69.8904660084486
99.853603370942	69.5038206358736
100.411684469575	64
102.370651091918	60.3407008062168
103.667095466821	60.6248091100956
104.538507286817	56.1144232798242
105.477372624145	58.2148775824926
106.79715391598	58.1462853756802
107.16100027582	57.2754136915783
108.062980244251	61.494401959696
109.549896281674	58.4752302981251
109.762013074811	58.8948725286286
109.977924317679	58.3154964200021
111.38551368442	58.1148452375946
112.107068049286	54.6663933198993
112.555011895418	54.9225417622788
112.768330200043	54.5845283868234
114.355499142804	49.7362700220206
114.769487035116	49.4060222480093
115.367423390212	49.7538054566476
116.194654980643	50.4317501544328
116.737185837668	52.0602207121074
118.743782681592	53
119.366863562389	52.6337368183836
120.543826031869	54.3667410725475
122.153014309711	65.1552633764545
122.648543583332	58.4349200830616
123.822264318684	58.4206728704053
124.666472042572	69.2922556576759
127.588550830106	57
128.228292070098	65.1589394518974
128.773278437435	62.7673261374698
129.331552092647	64.5542408772753
130.800002547316	77.6205686659646
132.024931644688	67.0033492818757
133.109395411851	70.8156223412307
133.640839965997	67.6664244496119
134.314574735685	68
135.095636551352	64.2628893078459
135.649943202853	65.7707299320809
136.515848389061	71.4279606711016
137.44264483437	88.25
138.122325254218	87.1282486848522
138.875258808023	79.0570369736379
139.482484709282	82.7876045232802
140.156549220785	96.6615639600955
142.065098101033	69.5285071557259
142.295098432931	68.5105266774522
142.519045762465	68.7902348679572
143.388000940013	77.0772088771355
144.2596049715	70.3478974737286
144.900427178986	74.1953885136259
145.826969081086	75.9388459490965
147.426094357436	115.25
148.192609069273	100.5
149.266855908809	103.611039969474
150.026943198226	91.6189696487277
150.317873205406	90.5295270725355
150.870992022845	92.7819845748913
151.803461140831	83.75
153.095797127791	84.256529692344
153.984225253339	86.6442610177887
156.434746486424	101.731059534906
157.034950886061	99.1463632200548
157.764425713584	109.449327056976
158.040194003181	110.571484923135
158.585959302702	108.534372156414
159.812905752696	114.644545439295
160.521724504851	121.644383408429
162.879206400235	159.8215728948
163.497441094869	159.534667958425
163.703060409196	158.20200692536
166.766880258889	114.612874498826
167.390607370541	118.562325621082
168.099451911063	114.408364286169
169.114778012863	131.415031098019
169.720457088727	129.577795130832
170.19828087613	141.962635075501
170.713414577778	133.317839240435
171.472111489341	150.776583362063
172.503701120794	145.288040861119
173.563394308898	187.885330648064
175.243551813432	166.502853328871
175.755731798736	170.299751509044
176.103746865664	169.098733774796
177.522457546323	179.5
178.276395887742	172.977477163437
178.627638929572	173.166502532827
179.264100341176	169.849892445991
180.217081595526	189.659782377137
180.53979689765	189.957333342912
180.86845113123	188.753158199801
182.520648110202	219.611173854844
183.282371335723	218.532492312718
183.676201739881	213.707995465138
184.95139965225	224.25
185.90980653779	217.94641832493
186.626223523152	226.67645942148
188.281941942323	232.70139726357
188.8948215078	233.1855434864
189.419672925201	226.95154692374
190.585374979566	224.943498251926
190.961597926726	229.712867238953
191.823079426142	232.444350004283
192.608074018132	228.130156922265
194.06047910622	210.513448521287
194.194212324249	209.728394056723
195.30163963619	209.293005643369
195.815546077504	202.634552370574
197.134127748935	200.997622378876
197.768442249648	196.970992898626
198.686866680941	195.75
200.349297557256	209.102851161255
201.056289396348	203.778077333574
202.999964862573	197.004716238709
203.400646171726	193.071188518049
204.624990078272	200.109050031006
205.157393250081	199.255357237035
205.701608038028	194.290535655524
206.058691626786	194.538947863856
209.37997752303	206.838378681026
209.725987408734	205.411621318974
210.952454584148	206.431371238281
212.063454496278	190.530029030706
213.188727167256	196.256181854168
214.348318840679	186.594123498645
214.882081307668	186.890888171625
216.154340958356	201.824268662944
217.37904547034	202.920111004426
217.758410484714	200.324800365977
218.840195492747	216.5
222.207854011907	219.979315244019
223.931244309524	199.149133186804
224.203419295766	198.55000573651
224.420570906159	198.797186835816
225.16930072784	202.773193842658
225.669450469898	198.043340414505
226.313926130357	197.293724950242
226.749580677279	192.201186427079
227.432095360383	194.012374008428
228.198462286914	190.417189252571
228.703168241552	193.382804900746
229.15873884027	192.516112556438
229.973572913437	183.948030257885
230.419116024147	184.442118442694
231.381284732934	191
232.859953338684	184.563045647671
233.585793097651	186.002174642928
233.933938158343	185.935552044115
235.079914800868	171.499263371203
235.209897226131	170.84474883687
235.637412884647	172.245887016697
240.020564611728	152.947564871035
240.600591666225	156.324755408187
241.962498828811	154.97100857316
243.375269383393	146.75
243.901798523414	156
244.816416129261	150.977929361055
246.440193267302	161.787646812115
247.794098221407	156.415647232735
248.552696951777	141.75
249.517166907112	135.25
250.693358403635	137.270129901724
252.299411478509	127.816490103282
253.025098889719	137.480055582349
253.891586950569	132.618487136725
255.025944901194	150.483570768656
255.256125897508	150.786569970772
255.809383414852	147.99051662598
256.581550601969	140.147876523808
257.272813170769	147.099438251527
257.939271260964	120.570791086406
258.439265294565	132.237417067642
259.053628288147	119.947299081111
260.078203984532	137.057934879024
261.054876426641	133.817953661426
261.754826202048	140.709601537761
262.282819848859	138.425112095583
263.931939101288	154.911878681942
264.300834381526	154.957749769994
265.759275961502	140.049428303881
266.172639551843	143.351700579716
269.050884453383	125.411869788842
269.634176416516	122.902944069259
270.852510169797	120.8772511496
272.634303878945	101.963674017599
273.933460965788	117.328190416132
274.227960688946	118.129625553707
274.845305733087	112.25
277.712914935687	131.940477338932
277.957663383515	132.796955368204
278.462516684021	131.48926680712
279.148989908666	138.982089836035
279.857760660816	159.201640180483
280.914740137242	168.810645018224
282.134751557051	157.602522954319
283.056118473733	169.728263529133
284.35123693456	158.900197949995
285.287701062767	172.650648635419
286.629153122718	166.594856124103
287.807176821201	188.341555035385
288.65284024323	193.132835441238
290.536742162456	173.236424724591
290.978980912216	182.452966812475
291.163157624928	182.94649019721
291.383505036552	182.506083473901
292.725418384464	162.297777068496
293.611954212496	166.346457786424
294.335445375685	155.085178971794
294.68956953761	153.629885651164
295.158228639005	157.996349115208
296.068770046638	155.679281218563
296.711708126994	149.241502911586
297.321108037881	147.43751964658
297.759913922534	137.473181993318
298.770079210042	144.075522855019
299.208890415897	143.918013811488
302.102329824904	124.065347251246
303.321766963017	135.825043554901
304.009312469513	137.610644895843
305.491709145491	126.461078878522
305.846233197142	127.154209327455
306.497207410989	125.97318571058
307.311019734755	129.697668340787
307.60069278911	129.448730019306
308.171565873979	125.837151274816
308.428448839894	125.329690288938
308.821251598562	125.874245905142
308.960792870851	125.398147889701
309.5840361777	119.767577208911
310.362149562209	119.75
311.817831580489	109.817207796604
313.776184298326	107.139015831262
314.616408156172	107.27298408461
315.019268313864	108.317141670323
315.506217068845	107.191882400305
316.046267937165	107.492641308434
316.359753268281	107.003614515443
316.992193057535	108.233864401907
317.741872315842	112.525341211644
319.219146762692	110.454340642241
319.582617462733	111.678156804197
320.384811735297	111
322.717635101006	116.419561115459
323.354132593504	121.066855884816
324.017998321983	121.449354484944
324.412638956965	121.071339925939
326.30316363731	135.668414514707
330.506489842456	145.012509577432
331.303857055544	148.390137943628
331.897569600453	148.647902735789
333.248561933159	163.309137449924
334.188587329836	166.733560183541
335.871468220796	188.280811790889
338.934313553213	161.048256992952
339.403234822507	160.324861486036
342.993217555397	180.75
343.574631897613	179.75
344.283808624252	172.25
345.767926094886	186.704171838854
345.981744250476	187.41281174594
346.559098200601	187.25
347.284721330296	185.75
349.207009911206	196.25
350.567945905118	200.508657079897
352.288923145663	202.25
355.072734790607	180
355.938808441899	176.711717826398
357.297246742715	175.5
357.886364035514	174.142520024082
359.527080604696	187.635666067523
362.353022747224	190.107122310923
362.800755498407	194.163326124497
363.133459001	193.630013502319
364.439237182263	198.311669495453
365.000845770763	198.352196446339
365.507561363675	196.900174839446
366.555523670507	200.023620343776
368.015747082891	193.737667309644
368.237356867598	193.401154143295
369.319203703656	193.69392053754
370.401349673087	190.75
371.526243841726	191.346896104209
373.029789359808	198.814038147295
373.47152353291	198.74106020616
375.11749406191	194
375.957874600349	185.25
377.413154105521	177.25
380.619161263659	164.619756630964
381.06952327698	165.303925618392
381.835130342124	165
382.648147775633	163.270639983897
383.503154339586	164.004713491599
383.83223241005	165.273983138394
384.357787666144	161
385.470110569579	158.68500264291
386.943715588997	167.135095723644
387.466296309574	162.466534494752
387.961385083453	161.783465505248
388.508882630221	161.716225453192
388.983621643897	163.189052494361
389.484924005792	161.911843491164
389.998430794854	164.578342492313
391.181078404308	156.125676198543
392.13262327146	154.75
393.222704451324	154.25
393.875234417911	155.226158309777
395.009229311141	153.547797581627
396.477074450644	156.977904703895
397.107433775708	161.554871173592
397.780006350262	155.452870853007
398.62403917473	162.635425846108
399.09541993369	163.207196907839
400.277328934397	156.5
400.812618321453	156
401.405326740186	157.25
403.310569058976	150.111375305931
404.199807862088	152.561589926648
404.995605758689	146.056471222671
405.851472384848	146.454809232279
406.859691469066	152.987998587543
407.145444162167	151.937227259803
407.597744207872	151.975077219345
411.242504003935	139.58449993063
413.038280852289	146.925983673437
413.547018949881	147.195447102146
414.726695844188	143.75
416.620580216186	144
417.234582520888	147
418.351685067708	145.407620049327
419.352019195911	137.587626625582
419.926282822241	138.990849209966
420.440290715172	138.096239102214
421.67035333412	137.904127490447
423.468535314732	146.425579177428
423.859997336222	146.335873095054
425.439453131364	158.617288745339
427.193323952184	166.920242778497
427.903215657784	164.548121041606
428.665822153552	153.095972265243
429.339213882541	151.5593558829
430.164579279325	146.25
431.754394653038	162.707188833707
432.297168166352	159.189850165264
432.961702802765	162.759293607656
433.80267013375	162
434.854447729404	168.095716963592
436.195259159021	169.327257889747
436.611950941875	171.942546508003
438.335295501794	153.701835546356
439.125936597051	150.864951267622
439.647526492785	151.556325913868
439.889204264648	150.783494753844
442.051420672743	138.19416040206
442.922707294193	144
443.527819750459	144.876332942166
443.954843572564	143.962990800647
444.343510918256	144.309131402571
444.791732810652	143.629375241529
445.515052727777	147.964086676186
447.583829727113	171.992487922646
449.001403600192	167.5
450.344790427814	173.527379825899
450.754244757672	173.722620174101
452.44336350025	172.75
453.149601641456	171.75
456.028685644559	173.75
457.012247839453	183.046153865718
457.529188984823	182.3269592568
458.505917811412	172.25
459.255344723525	170.491309638117
460.960231064434	175.552393811161
464.765905031535	183.806760035252
465.802062255753	178.010910432084
468.169785225261	181.25
472.602294261661	179.25
473.399185685106	177.25
475.730441892035	176.25
477.591263612761	181.404323054764
479.282646860177	180.789960271205
482.3376790141	184.5
483.773676557529	189
484.278901256701	187.75
486.96143318792	189.636109288442
489.20829131902	197.25
490.36839808122	194
492.713303074034	191.5
494.967768823097	187.79496045613
496.242556476457	190.889356108349
497.3604743872	184.882105291168
498.361664989848	189.75
499.228254283242	185.25
500.075521060291	186.094914941119
500.491891386418	185.820372986343
501.932490113135	189
503.313262381014	182.5
506.833761012125	185.5
508.012782781533	184.25
509.188792280086	181.085669821331
509.668375856737	182.142138211429
511.897656906426	174.59348761298
513.044447658516	179.557138177217
514.049489265204	181.189185720037
514.460660834692	184.260847805349
514.929709024994	184.867255012924
516.376404895487	184.32747975583
516.767220356706	181.174503759898
517.202153004223	180.954568691257
519.156649741629	185.642796263977
519.563499969228	185.504486653166
519.856550848313	183.967316105047
523.141878574034	188.200780287339
523.791116756408	187.842000670837
524.51838191178	189.88207532405
525.246067790123	188.321577942557
525.737795301066	188.579418355473
527.451787945987	183
528.079165830961	184.226461969365
529.379780030106	182.709619237422
529.876340302105	185.074055956174
532.126718686362	189.760893425957
532.689971472	193.5
534.4933264249	190.551063771486
535.561929986232	186.958577812412
536.673436154216	185.970815771803
538.274532701634	188.717502320513
539.226626431838	187.45908161462
539.65649856832	189.270444634703
540.254396512371	189.209816197789
541.164703307768	190.299213829164
541.61354591619	191.796967612247
544.882697534466	193.939111667544
545.76812395517	192.128537258591
547.702562243202	192
551.259359440993	194.084803994647
551.839761736279	193.343342892992
553.420293565401	193.632028257319
554.07893842213	193.271750638369
554.451625660596	194.121178209819
556.630066732569	194.726911032022
557.353535346188	195.374691394963
559.711081047733	198.718024392777
561.303382198628	199.345730724534
563.815341320281	197.905401526565
566.122158664569	201.305116889401
566.729151066994	200.818931439378
568.057718524989	204.25
568.92904336079	204.5
570.10739659635	202.75
570.670052736446	204.22604854678
571.159091862799	203.921894043493
572.615934674022	205.066607537864
573.349145879015	206.524117512264
574.250489683909	204.25
575.152062487948	203.560577912353
575.987664067933	206.524049628566
578.096940306887	206.568867167794
579.071757939558	207.010432331043
579.938811182158	208.672367428304
580.383779188106	207.842256478601
583.050982197964	209.914506355296
583.57425405475	209.475608027336
586.330853084878	213.5
588.025904039185	218.407546998287
589.210306447894	219.681513776599
589.791555718512	219.378724813824
594.926791452633	228.278343413738
597.530154832949	241.796681515366
598.095467747184	241.844283223216
600.136086851115	249.858454320879
600.666359402852	250.696871907165
602.642748427511	251.044335256158
603.074486970394	251.591658702629
603.823825655493	253.278040720279
604.50381360273	257.853286035531
605.044850786787	254.75
606.428565746592	274.143669919783
607.917179726286	268.69720705082
608.534905321182	270.997034383305
609.612918149485	272.684260533494
612.569998306357	275.5
613.454757900636	274.25
616.10004526353	279.181963797406
616.577948401386	278.065148397734
617.072737633228	278
617.771022250362	280.687355479698
619.112454673282	281.400832416334
621.195768577563	275.5
622.935822945437	266.245703240163
624.318666083882	268.864652247873
624.869736411182	268.539064192893
625.616340336859	266.38353464648
628.370472771477	249.5
632.707553745805	231.86840772302
633.377417075307	232.148539793909
633.951328126295	235.25
637.696276056281	233.75
639.493966495207	231.5
641.853139351156	231.75
643.863932429658	233.998464556168
645.332393769736	242.885742040653
645.933427930761	240.598832995708
647.323223785038	243.958146971698
650.964947412693	237.75
657.293002276818	253.712857177774
657.77543639345	252.340468965648
658.32068467179	253.5
658.83734755646	252.5
659.824858655888	244.52585675738
661.333918362915	240.5
666.434179108006	241.75
667.89243652425	241.5
669.564077166902	244.858013099722
670.004714867924	243.391986900278
672.821919344688	244.495493842105
673.157654889509	245.254506157895
682.970753362641	231.375414071025
691.879089956945	221.141099388632
692.648778075437	219.283737173214
693.516075638235	218.657519476723
695.454813581126	210.315611536907
696.941102443099	209.879550860188
697.784016721354	212.070955150494
698.495632266267	207.734214840368
698.976794214585	207.071341692609
699.718285278416	210.022682427451
701.268141225775	228.25
702.721978324729	239.038053160808
703.206046013703	239.711946839192
705.393443273339	237
707.439529391972	241.25
708.255453494651	240.607702568254
710.748638361804	227.317938512595
711.095614563751	228.08532319303
712.567513067647	214.328523781686
713.354128303788	229.910824532821
714.607226061342	232
716.669740785893	245.275450811863
717.018314201668	244.474549188138
722.360676684762	243.25
731.319108137464	224.75
732.414621029328	227.528047080018
732.86665636844	225.88069209007
733.172062486878	226.167603262358
734.001148862902	224.543840545388
734.588652798724	224.72136209371
735.08588914557	222.67116137051
736.81526530771	220.193912378538
737.500703201804	223.360834664998
738.880445717065	219.927045497802
739.823401139402	223.140406314556
741.027097972729	224.5
742.905345996729	241.194296088381
743.494617118869	241.808612450507
744.252580414835	241.75
745.778990168258	248
747.525401320241	251.5
750.561511946076	260.201848909364
751.814154606762	259.5
754.253238904209	253.772539066675
754.909983175043	254.25
755.892729317133	259.871269035196
756.355473084305	258.288211283266
756.785062959899	259.818884423307
760.511109378336	256.405366451603
761.050917603723	253.459256973306
761.293168971459	254.189552466059
761.512185792057	253.788869703839
762.421927404226	248.802505407327
764.368272294719	228.585826740612
764.751362981544	227.57079668414
767.11738343865	226.834674079457
767.524438605252	227.138069698357
774.610038658797	253.65525327935
775.409661460013	265.673799892697
776.488518606508	269.238017277597
776.796196037177	267.511982722403
778.334746685288	270.75
780.285738242494	269.235435072259
782.558042966581	255.5
783.62210900321	269
784.157756182307	270.25
784.712418825863	265
785.83645924567	265.397768750354
787.158990855318	270.239868407099
787.495779738591	268.779345542612
787.820630808976	268.814689554812
789.044664785397	275.75
791.070859694806	274.25
792.489400209444	279.812710512156
795.737314217281	277.088094003704
804.172870839478	287.583876511578
804.753451480693	286.383915000934
806.292405388353	291.115131564744
806.845894543541	288.109421202578
808.785583507792	299.625795985212
809.791077939605	287.011006041551
811.00940019863	305.385874357487
812.038206956753	298.274966122103
812.829991785388	299
813.670532324048	297.610752922214
814.333181597235	299.335456462211
815.265545601435	297.094575827079
816.602880658064	300.775343026547
817.533240114553	293.023127806297
818.770578699186	264.250999762388
819.610617409977	265.936760631927
820.59691988117	270.5
822.833350432044	272.5
824.839102017312	267.5
825.499619274739	267.25
826.301785144457	262.648584167546
826.688182195963	262.288221516278
827.914341318985	262.5
831.077903924208	266.802577375444
831.737688765421	275.289595337422
832.127702130091	276.884981913367
832.681905218179	276.994826195753
833.083389964941	279.421745796228
833.727820782686	307.264487894649
834.671082050666	317.961313904462
835.151536167311	318.836814644731
838.445565596381	311.75
840.703320700557	328.670119911576
841.318077053784	319.486953760468
842.125216352507	318
842.836977742378	323.11630251653
843.527394518315	322.203099681965
844.708164277165	297.302874517846
845.652138696532	301.829418602749
846.065853952769	300.510261848936
846.83788701803	306.045161289968
848.077425083624	328.508478200221
850.002791739791	317.231444122104
851.993935715978	294.64202670723
852.54046903477	293.611376776615
854.09640717581	309.25
854.870937266677	305
856.280311188641	319.299776775644
857.043884126821	314.120191122757
857.753393772288	299.048441509139
859.652261328257	312.718662616615
862.508252629296	300.86403463772
863.36576861496	293.238581974386
863.586021695477	293.515391173303
863.968407654117	292.809558674187
865.625867499824	306.703141541132
866.062090551307	303.796858458868
870.010148948485	301.25
870.546139547276	304
873.868651584832	310.186625015224
874.47140753111	309.520102333672
877.446519399622	320.10270226659
879.753513057431	304.69747586113
880.249787969627	306.244633981017
880.746401751576	305.165250044454
881.857215656835	307.790507993804
883.348789884615	303.75
884.428225761007	307.102995199577
885.194166574075	296.625748269446
886.020368295528	299.165673368142
891.164423001371	305.25
893.796064884255	302.5
897.682390101828	290.104086300616
898.117180442415	286.661955899886
898.665935613715	291.646133344985
899.750524344207	296.024449833203
900.410931401176	293.28729216446
900.809884701467	293.557131315379
902.423031427717	333.202041430424
905.771585488582	352.742873217702
908.295471628554	335.004190896633
909.621228551218	313.52345150681
911.608776148743	293.129688483823
912.409400010009	299.807270153154
913.536918802172	301.327372383006
914.715667232651	295.506696751572
915.134086956196	295.873364054733
915.675445306237	293.575137362187
916.133071718451	295.151589928068
917.388668818799	304.55618780927
918.751505629305	308.711171065764
919.65053938908	309.502635816447
920.780813250172	316.355576765236
921.518112616838	316.790997833038
921.634834298044	317.498904640696
922.814492154243	336.720334122912
924.948726671074	318.914435389163
925.461468886855	320.397654101565
925.858741195706	319.101203236079
926.823961312006	304.990752880228
927.184472209593	303.885149655548
927.496163776723	304.192450989323
927.807565944132	303.51317916721
928.235322027913	299.937332200126
928.672843026651	300.555183617952
929.88137307437	299
930.568172041213	299.376535068036
931.270942982712	303
931.999363988122	302.000705214346
933.26609586252	309
934.175521136567	321.65639066069
935.389735450972	316.75
936.319571196999	307.642414572731
937.156673159553	310.534129676982
937.777308943691	310.120211669461
938.270184992897	307.387400551103
939.537270002784	312.345127974448
941.855432649515	327.747215130963
944.812167690704	300.724338588059
945.017630937454	300.21007323308
946.397418528466	301.5
947.493321198572	300.116196874841
948.493191729258	300.600008299338
948.801117488311	299.266067660498
950.358671236603	298.75
951.583130313961	301.25
952.696138290707	301.75
953.463165751853	305.198324344296
957.180684758383	315
959.981625018646	320.75
960.736272961105	328.127605283687
961.807413139113	325.75
963.274944677087	328.633779804691
963.607955809267	328.388277706733
965.221810227826	330.5
966.572177100045	337.5
968.288533926343	336.5
971.972587728995	354.280659049224
976.912750665566	340.582261237693
977.238224474325	340.191036820256
977.525646344916	340.703089736876
979.278878113931	353.772902453327
979.6868575946	356.088029391412
980.375478986849	357.087457073043
983.162721811824	374.673854820337
983.807008830202	390.880568615353
984.347170104234	382.064314227689
984.899215124044	385.185075449744
986.453486999061	369.142524806865
986.71161953527	368.708399855994
987.103867025284	369.016830602884
988.290604349514	366.502061724875
991.248857679798	351.360435772865
991.61905380978	350.789220551446
992.073694811987	351.323243035762
992.882025470195	348.495885458404
994.126845469303	347.926139597604
994.567373303177	346.793551120632
996.296585571433	345.75
997.53895324887	345.887346810397
997.829984200814	345.165513369294
998.460276242513	345.087721965701
1000.88300385851	331.25
1002.26312138561	328.004636431988
1003.02496721511	329
1012.41010896232	334.5
1014.24798582363	336.75
1015.7917106048	342.25
1019.60330478305	349.75
1023.17896237019	346.5
1023.89780945038	348.120301138538
1024.45713476632	347.785940164012
1029.78353069763	356.619641307366
1031.89074050226	361.137401728657
1032.89669591927	365.721028800741
1033.9224174135	366.725312797717
1034.40921459221	366.244192677849
1035.41338271739	369.25
1037.76290134574	372.25
1040.21682473858	379.57175660552
1040.59940765578	379.23204930541
1048.32935304824	379.5
1051.39173174327	373.75
1054.40774027658	366
1055.45575093051	365.25
1058.19391623768	358.75
1060.98249145041	354.144949026585
1061.45967495331	355.596061997939
1064.51494044955	354.75
1066.81672654329	357.578894172455
1069.20806225158	357.75
1070.20245489114	356.75
1072.98538244742	357
1076.30722088566	360.582421974334
1076.68461253485	358.004494140285
1077.31651458976	361.734151740978
1077.7291247012	361.94992371302
1081.72429630313	375.994690620395
1082.07927194163	375.895041971821
1084.46322189375	381.595227826479
1085.51883287878	387.025880803994
1086.47092485948	388.589114720154
1088.06034247741	398.152033829158
1088.81751206313	396.100985332175
1090.15683457571	402.691304881116
1091.19694531507	414.831435828623
1093.27814252317	398.553426552684
1093.71051824464	397.622003061759
1094.27057100397	399.563141002718
1094.8089282067	393.49278671838
1096.25718677859	385.996251996439
1096.6375598802	387.271561664177
1097.75750498197	377
1099.20936084157	371.469944424415
1099.78926946206	372.189073254161
1100.92498242601	366.15138061428
1101.35205310285	366.51622873116
1102.64594648996	362.96179889358
1104.10655559602	362.25
1105.34784564519	360.233895124641
1105.59947031203	360.516104875359
1108.92714303576	358
1110.42503643132	358
1111.48200336676	361.005615974622
1112.06310966483	359
1114.46419928293	359.131495591744
1115.66437309558	361.395332364785
1116.42241911281	358.951945271056
1117.3072472918	360.5
1118.85875247668	360.75
1119.78206197397	360.456623652634
1120.21516438829	359.074744132917
1120.68999963728	360.000970471553
1121.30256382821	359.777636004999
1121.77910389265	360.222363995001
1124.42801181798	363.538890620379
1124.75275803207	363.016611097087
1126.16962563504	364.747652849733
1126.60800268942	364.083006571803
1135.64792866751	377.5
1138.66582309013	383.151812129523
1139.52440891042	383
1141.5425609015	388.25
1144.38925365999	390.75
1147.47097183235	395.75
1150.77630525342	398.5
1156.77287336837	409.75
1159.88677104832	414
1166.1985138186	424.368120054378
1168.39731240245	426.529898008268
1171.07224579348	430.547257431878
1171.68552284628	430.675309411398
1172.24108785011	429.228129823016
1172.87398330195	431.282327129614
1181.12975799521	443.310007727692
1184.72360325074	447.5
1187.06578105281	451.5
1189.37452067903	452
1190.61083201752	455
1191.89441193752	463.294115591609
1192.31058042128	461.705884408391
1198.2162933788	492.942179677858
1198.71357475638	490.310980604359
1201.18714498106	490.75
1203.45666972403	499.25
1207.37665752342	497.419872793503
1207.77104425032	497.904537327361
1210.7470828996	506.867022759832
1211.54824397715	511.564232980434
1212.13059074711	511.221006923125
1213.72440460888	513.57293767843
1214.40047459209	519.796680603233
1215.04154368259	520.945503773196
1216.36769356982	528.064108814454
1217.04924714416	535.356083968401
1218.22431407333	539.361823307945
1221.43178081551	528.599588768395
1221.87996935786	528.10709575252
1222.47109290426	529.762250592607
1222.68308370242	529.458882979989
1225.23995040423	513
1226.62746185716	510.708504095261
1227.20957231544	508.5
1228.45477531333	510.170843241971
1229.38713515049	506.254355144405
1229.65607796368	506.961814011067
1230.76666128342	506.75
1231.45007179317	508.351697188966
1232.77662913966	514.201375408129
1233.42763024751	526.568792027106
1234.80016022872	504
1238.21693710162	492.892921810315
1238.59083486676	492.267709338982
1239.86368180487	492
1241.84126965252	494.667269849389
1245.64515128791	481
1247.26770037713	477.75
1248.97114796253	477.5
1250.14560607959	478.049315660381
1251.50455861824	481.311934793809
1254.57631879011	485.441728665185
1255.06768829698	484.747859307421
1255.31689779644	485.277328760394
1256.45717198478	484.717611134507
1258.84490304157	487
1265.83239362957	496.5
1267.1184412777	499.879223710505
1270.09214782557	500.859304979701
1272.88521428305	507.75
1275.35291127283	510.127315615812
1281.08321031526	518.75
1281.87186595016	518.603860883553
1283.07747133688	519.44699394444
1285.32140265161	523
1286.00122836924	526.952220922531
1286.42526449914	526.54777907747
1287.6198859511	528.627454857556
1291.63678198013	540.194766359387
1292.26295145534	540.111276151445
1293.01139572217	537
1295.32983889507	541.5
1298.66664147809	545.229300945779
1301.37969551363	551.511892889285
1302.76724563106	551.612991962691
1303.74678101643	554.309776833002
1305.05760215274	555.881014668845
1307.20253907175	563.592864100119
1310.85096002894	566.812479801003
1313.15423017685	573.75
1315.19496514016	575.067459948019
1315.63777492887	578.432540051981
1318.25607337204	580.10295086822
1318.9894775065	582.679715335769
1319.80355465807	583.25
1329.01093494121	599.5
1331.1174958528	601.75
1334.82552751761	609.75
1335.27619605745	609.75
1337.6842884924	613
1343.84892558044	627.5
1344.4296570988	627.75
1345.43411420412	633.19248223118
1349.16109716062	643.432335514669
1350.86604266911	660.068339284733
1352.42192014046	648.25
1352.96594801178	647.75
1353.64580593048	648.75
1357.20745965692	650.876600810206
1357.74387954035	649.879983355177
1361.46383005202	657.616382592651
1363.91776351686	665.640863549302
1367.30098331129	670.779689436372
1372.83016323472	653.75
1375.55662390801	654.75
1377.6825603986	646
1379.70441687488	652.409649088188
1381.06632415979	661.950361655674
1382.04732365897	662.576012124046
1383.9159456079	671.870080426713
1399.38933783208	638.214396145808
1399.90917401147	639.214921147948
1400.34537671202	639.119377972692
1401.86518022141	640.458959861836
1407.54032318346	650
1413.04607322701	663.25
1415.07706764275	666
1421.26245824201	678.75
1421.86389678397	679.75
1423.50031076075	679.75
1426.23130316811	687.75
1427.49640439367	693.881512422809
1431.45252537714	701.25
1436.18845309379	706
1437.39418908211	704.956693595693
1438.23957624426	705.145351082992
1440.50907677245	710
1442.54618247764	712.75
1443.34818832613	710.876210779928
1444.54894362607	712.071166494452
1446.3745196407	709.5
1447.73380362576	704.75
1448.30188046813	704
1448.96446665959	704.860070618867
1449.37150877417	703.889929381133
1450.84403650873	706
1455.15574937146	717.25
1458.53000280367	719
1464.44852314842	714.5
1467.08102698767	716.575271292909
1468.52053112025	723.568325077203
1472.48070596606	729.75
1474.67001590351	730.498053342907
1476.98883054766	722.272256357464
1478.06376053929	715.59042261024
1478.25066394179	715.204913541204
1478.47014977081	715.974026340373
1479.26030645616	709.059767537251
1479.61194727802	708.397540444539
1479.92412869952	708.912493104868
1481.71115011491	700.082731555212
1483.38189975231	672.840906850707
1484.07712925444	682.88105893464
1485.24435238537	665.224950546944
1485.64118794736	662.905219637833
1486.17684285673	665.026596570367
1487.13363021003	654.591151663167
1487.73658994023	652.99959578059
1488.37603787394	640.808582314762
1489.57706409527	632.072592465873
1490.40780286155	611.46062919455
1491.09624071543	608.555811354583
1492.21997827111	596.20118539736
1494.93681230805	583.491513240742
1495.39836554812	583.332491277876
1495.83425177831	579.716394078447
1496.3140240753	579.358013235133
1497.78374456682	573.49822785254
1498.46344441882	568.104148592135
1498.67142923855	567.725291039502
1498.84413970988	568.255430065762
1499.25835070289	573.434738015975
1499.68139682989	568.801524455394
1501.39947382613	564.858165239288
1501.89976172601	564.650813354193
1502.59508695125	560.77715346681
1506.15485688456	550.168135139026
1506.60055847198	549.408425283989
1507.51538365544	549.719058209429
1508.34211250834	548.79719423621
1508.99561629319	546.791790119071
1509.51310451637	546.680187614942
1510.57255995167	547.985174664921
1510.99238586472	547.941685432696
1511.54122569628	549.226718162005
1512.14273059908	548.213026803042
1512.54033867859	549.13184122688
1513.38830898289	547
1515.45891866276	546.75
1516.41172467855	553.931503466411
1516.63317970149	554.389001795001
1516.98134067115	554.057493296037
1518.27113819428	558.75
1519.99154717837	571
1522.72324536057	573.25
1529.61288804792	609.75
1532.10810504597	629.153252324704
1537.51648170155	597.25
1538.78047579871	591.266753438751
1539.47779081366	591.290247365583
1539.99367050813	589.117834218797
1544.50084523328	598.346416252868
1545.20617310825	604.994424647652
1545.48477714147	604.81662646326
1548.27848840204	608.853715150484
1548.87686691702	613.384134985883
1549.48545825027	613.935901038615
1552.38031118166	603.927439498035
1554.98624898933	584.914023416621
1559.06973455246	574.926348793108
1560.02545694459	567.619452898027
1561.71377302916	567.153908917783
1562.24877954373	567.575113584079
1562.79205092369	562.953282707192
1563.08683882552	562.734807548386
1563.38932387146	563.827131874752
1567.89704863062	562.384045295347
1568.13963314108	561.483021528777
1568.80390410573	552.772872393816
1571.6798675801	534.813773231959
1573.31139547973	526.581769308999
1573.97829826821	526.970725664496
1574.18019189022	526.228799219338
1575.20779036998	516.696911709209
1575.5327588688	517.197870893144
1576.73217785896	516.314470766094
1578.25298481152	502.22135616382
1579.38095658707	512.009945594427
1579.62864584723	512.389126027464
1580.34082200403	509.874812536129
1581.11547097931	516.681264553473
1581.5718359496	513.973976899366
1582.78777454637	522.494570329865
1586.33744124867	487.492443358128
1587.12536784633	482.872686024848
1588.2442252	480.565217699545
1589.31336328789	471.66123079755
1590.29779888502	473.426063893195
1590.83512594076	472.785319022174
1591.39215609984	473.142688354576
1594.89287974824	489.290386000777
1595.90354086586	481.746668806379
1597.68654479323	476.5
1599.89486204129	465.75
1601.14413458361	466
1601.67399970746	471.087211571349
1602.12174684009	469.895437856696
1603.45853295334	457.912275696907
1605.85487402412	444.340583158862
1608.31235939301	436.33029769038
1610.88194572959	436.058178305472
1611.51823071788	441.440465213778
1612.49765367497	433.910535464813
1613.30551724948	439.913031020707
1614.14912901713	433.842145758823
1614.68708077471	422.64322104666
1615.25679929606	426.209739429673
1615.43304384939	425.864649579903
1616.21759373882	427.12024190698
1616.63667522027	426.027676725557
1617.3078494674	427.263698022812
1617.58377626818	426.506056909207
1619.50589420587	430.991746430362
1620.22799124542	423.894314499235
1621.11138778729	420.994634509694
1622.11219934079	430.125582218236
1622.58206155233	427.111288996378
1623.25185045899	430.154514844021
1624.58091122173	426.841386384266
1625.23700374151	426.950724991605
1627.32713005496	440.75
1628.09091802145	433
1628.88565810454	434
1630.48674694269	443.869525825616
1631.16812279246	446.572601363779
1632.1278973336	448.207206282995
1633.66399502773	458.551632335438
1634.4960009823	457.14024431587
1635.82566416073	448.169701226493
1636.16669707551	447.503914649629
1636.51762249033	447.821741664803
1637.99338022889	432.25
1638.5567704658	434.973252092252
1639.02127859512	434.196497182831
1640.7648160491	422.069799831264
1641.183682733	423.425204116902
1641.62014542694	423.319128041865
1643.14142768809	415.825619596035
1643.82164847351	416.055571114718
1644.25751779705	414.769079345807
1644.72098048228	416.033312554378
1645.87327926603	416.661223037877
1647.42156525546	413.38759486739
1648.50607827111	412.996035443174
1650.9429272019	422.641258013709
1651.62696549961	428.443383339693
1653.40406480645	421.981443697699
1654.28387859741	422.481775668267
1655.71802857831	429.098107390421
1656.97632141033	419.039160625578
1659.45793539153	422.198953387955
1660.66689768652	427.5
1662.22743858945	419.729616618819
1662.48971964425	419.020383381181
1663.72958287512	418.391646905464
1665.0703733275	408.579923574807
1666.05259649156	408.089078185472
1666.78440310608	411.644216861363
1667.77367363345	410.792756543502
1669.94645360514	413.5
1675.45355109622	433.75
1677.14203915084	450.724290008972
1677.67618343926	447.152678734648
1680.8366301168	442.140614859241
1681.16946781588	442.448752014138
1682.19268628881	453.093309905848
1684.5561298294	464
1685.40421227561	471.26833304456
1687.74104130055	455.624823448831
1688.13742944104	455.606541532379
1688.53403253969	454.556007152975
1689.14330597456	451.531164528426
1693.6259098364	422.417552999956
1694.68515358742	419.508148979187
1695.26263596768	419.597513150305
1695.64106740942	421.382327130665
1696.29286343558	419.131949368803
1696.78438353024	420.278803172635
1697.63223314797	413.187618163376
1699.13060616446	409.229002880829
1700.4265281249	411.75
1702.91642591534	406.835143001467
1704.16642910932	398.046869294268
1704.68258150262	400.25
1705.1200282605	400.428939868956
1705.60219533821	403.805545142588
1706.51769213317	404.5
1707.56831767954	403
1708.18555253059	404.818508778184
1708.53965263652	403.181491221816
1709.13712630799	405.112753400823
1709.42771620002	404.514338487937
1709.8985104713	407.17622862745
1710.80714988132	407.822576041646
1712.41252012973	414.75
1712.89274278823	414.75
1713.52208320258	413.819647549059
1715.80942540035	422.010599345106
1718.04848618763	425.936002055686
1719.28657062647	425.5
1720.0889855698	429.75
1720.94671747007	430.659242355916
1721.8112113437	435.632236040098
1723.58582454516	438.620440397273
1724.8047521514	442.75
1727.45366674003	458.75
1730.50824286348	449.094339361351
1731.10873715239	448.191832549135
1731.63471839088	450
1733.24002429248	446.75
1734.96976655523	453.049463400748
1736.50656139368	455.64746004025
1736.88762801205	457.588103402988
1739.19573892459	463
1740.24612147148	467.262620940925
1740.73062541212	467.487379059075
1741.8703803495	475.142079069465
1745.30274221362	488.527233732412
1746.35049457302	486.709749994838
1747.59568560326	488.719474245997
1750.47495626782	490.750744563438
1753.25994440601	495.75
1754.66284934642	496
1755.37113585402	494.101828795232
1755.70141926572	494.398171204768
1757.830769487	501.25
1759.56409162851	505.04753357689
1761.82893682707	516.072782294479
1764.23011570136	533.349778305099
1764.94452296353	533.948881683009
1769.34989925222	512.627617495777
1771.08695752204	508.743340625403
1771.79567071495	504.75
1773.33563588477	505.815280871456
1773.90823660216	507.259466223219
1774.73191099481	501.808485665579
1775.22685992854	501.676537866367
1778.09657230505	510.009190174193
1778.41576501275	510.496651165241
1778.8432634515	510.296210078506
1780.64868630327	515.48233963765
1781.10272397073	515.365146336626
1781.55707014531	516.644382275433
1784.13845508919	529.87460542818
1784.80160692962	526.5
1786.0908150642	525.949455867188
1787.30013849535	534.75
1788.1827805593	532.439646119304
1788.95579373913	534.045649238009
1790.18588947363	528.283725737471
1792.47839880603	520.965847423228
1792.69608194315	520.646571152079
1793.1308093462	522.222561938531
1794.33926324087	521.328421498217
1795.31973256585	516.584442654106
1801.96234536139	502.889664740847
1808.85961507219	480.25
1815.79406254006	463.92298449785
1816.31977246419	461.765295209071
1817.69640263294	464.5
1819.77482562093	453.59721178977
1820.6041583321	453.75
1821.66987594981	459.247152551988
1826.90595746908	436.704063014344
1827.60566326661	438.971450547835
1828.36146929356	436.408432871124
1829.30805844979	439.064095158434
1829.602761328	435.868419769344
1830.37271496404	433.54089630931
1833.02353322613	432.920894189397
1833.76358735666	430.315073173627
1835.05105119891	429.755120315026
1841.73309447085	412.678435425112
1843.92903144028	418.708031514917
1844.91993684159	411.879470711968
1847.25365337381	423.75
1848.12062337566	422.75
1849.4505927924	424
1851.27989640169	430
1853.07197932955	426.015588183539
1853.61608506528	422.441631115802
1855.62717418304	425.507492287424
1857.2087971335	419.576944331268
1857.7364527094	419.156240165462
1858.95654063239	420.779297713928
1859.76350972986	417.788929803092
1860.22867901458	418.765435771248
1861.4267965491	409.244962220842
1862.01956830252	408.680333028588
1862.43843129394	409.994649081343
1862.76921150125	409.707735243946
1864.00933876909	400.584031274004
1865.18625376084	401.5
1866.5851313049	400.774330456321
1867.48337061774	401.317776223849
1868.37493701726	398.931695913817
1868.77817764268	399.44267562486
1869.42879622099	399.117730360772
1870.99268399308	397.302371453808
1871.74228339405	397.759050672369
1872.16008779523	396.689138191433
1874.15998633043	398.783907122431
1875.53715196623	397.794366599236
1876.32593561367	396.257906599173
1877.57250836813	396.389828789396
1879.19256389089	392.062325329848
1879.95712374538	391.826902398058
1881.60837951409	395.307821062233
1882.53095365274	391.178717475603
1884.95037058709	391.088443654101
1885.77277214418	399.108375259729
1886.30481155838	397.645989855282
1886.71479176864	399.024567385365
1888.09237461211	417.402180714075
1889.67708414559	412.578498738573
1890.52696309389	413.596564861378
1890.98634328455	413.399690716378
1892.93287964466	406.240423825866
1893.8604818463	406.713387338233
1895.04091753178	401.137268362712
1896.49525721948	399.55769796908
1897.7443421623	396.47417483542
1899.04902719478	394.969778879445
1899.78435659939	392.235760163093
1902.04730282365	387.784102068763
1902.48903559454	385.271091099951
1903.27787561702	384.942518799729
1903.88355818149	386.2138056823
1904.1085674226	385.980779736472
1905.24176573068	381.660574356584
1906.27845752756	380.266737579971
1907.15678324844	375.103760826064
1908.09462709515	373.416999622339
1908.68688327184	373.556417353976
1910.43581634334	368
1913.01093852252	364
1914.08411988054	365.25
1916.38614035869	374
1917.22249979503	375.5
1917.82557316896	381
1918.33539907775	382
1919.61356094563	374.017558322583
1920.73075980497	372.948148528203
1921.60734753838	373.70866222735
1922.80689600138	372.349009211849
1923.45508863866	373.236100076886
1925.60359110178	382.077090487818
1927.77615724579	366.241172127236
1928.46138346116	364.811335357741
1928.96046437121	365.071511073081
1929.64325145437	363.319391875666
1930.33365438997	364.139255144206
1931.90970928999	353.98500421646
1932.09703342883	353.588997330724
1932.44902199373	354.016440211733
1935.58670285182	340.076815344719
1936.1847395063	340.016740458957
1936.96450810279	342.24429732418
1937.73659249928	340.383956841336
1938.82318136619	342.774894608653
1939.21132627803	340.899635265307
1939.57360821942	341.090395096403
1940.71221873509	335.337705176315
1941.06470791742	335.804324796154
1941.65372643261	333.024647781018
1943.61046258546	328.448360974763
1944.16892833151	327.735726715097
1944.6167257968	328.238214557969
1945.09743784846	324.474070373227
1945.94289102376	325.345167366028
1947.2001243502	322.875187308963
1948.08239137424	324.067028846373
1948.53258012329	321.97545492878
1948.95726337666	322.601989567455
1949.08341478773	322.320167881707
1949.50959236285	320.034170663424
1951.00288887386	324.347322553724
1953.59203683207	319.25
1955.81825241631	326
1956.54454644276	320.75
1958.08575626267	317
1960.70178665749	302.766958823129
1961.48856411002	302.226537855513
1964.25966808079	295.130313467626
1964.68571169277	296.143138722669
1965.11095644979	295.604329874834
1966.61537012817	289.460849528557
1967.66019130927	288.167404156959
1968.02224701853	288.331318796488
1969.25417478442	284.612926441999
1970.55697844541	285.8230897635
1971.61186197981	284.480319958893
1975.10105925539	292.5
1976.0697097001	299.11356349891
1977.50320510786	293.515199354296
1978.09595611592	293.18602498843
1978.8188506968	290.528656187409
1979.17993739059	291.305554229159
1979.85315288952	290.352831212552
1980.52525762719	291.25
1982.78854739374	292.113765132609
1983.45572365487	290.377591732527
1986.53285298002	289.25
1988.28271445947	291.75
1988.81318043313	290.5
1989.34378438385	294.279591942457
1989.81419683399	294.572458298038
1991.14143266725	289.611554441175
1992.48619769717	290.670861536316
1993.39489399178	289.787568074233
1994.28706546948	292.270804518202
1997.08786932174	290
1999.48138585865	296.707496373374
2001.10701891939	311.448702057859
2002.0841816373	296.912419432123
2004.64397609487	324.411537061787
2006.93626644791	305.776438248728
2008.4799353505	315.952223481104
2009.5872754385	330.278760546685
2012.07421085628	314.930021678349
2014.48810272261	310.395055992872
2016.92082523621	294.175850586491
2019.08217583123	308.532933133736
2022.11336184714	294
2023.85782294442	290.109172163666
2025.01754357531	294.422708170377
2025.78136383458	295.578737434562
2026.18915997513	292.288279652798
2027.00422420844	291.4075998748
2027.41129553932	289.490934140454
2027.93773503309	285.377477788183
2028.82229657424	283.683222382426
2029.72517543052	288.213466382565
2030.83173075188	286.15799710867
2031.43062559128	286.816002225318
2032.21874887095	286.029145094355
2034.80064750037	279.5
2037.0977711995	277.950716373749
2038.21190930854	274.59175670679
2038.71567324375	275.123672867947
2039.13929539032	274.156664173615
2039.94914124114	276.042061849776
2040.55504887552	275.497658872746
2041.42611646023	278.466767788192
2043.11944133778	281.683347473272
2043.68897073018	281.086520574529
2044.13216844594	282.367032955178
2044.57603068621	281.771080943571
2045.97283007153	283.567509860712
2046.78671271796	281.43018279513
2047.49672879517	282.732814459213
2048.64804884167	280.515778147692
2049.60009532735	281.495421975496
2050.38430256358	284.008279144666
2051.26493511499	282.767282573627
2051.9373171562	282.84646396051
2052.41136831058	282.112768889788
2053.20865876121	287.194831930361
2054.20653191182	290.276654245071
2055.16175298137	287.735126532856
2056.79213230699	276
2057.13363619859	276
2059.3264603348	265.808082642133
2060.01565672703	267.721425250592
2060.68461348323	267.000646852224
2061.13735495092	267.875781976272
2061.71158186669	267.322447696715
2062.27509337441	267.703451419475
2062.5905953673	267.193428255071
2063.05200705358	267.976439042634
2063.50221651835	267.093140824314
2066.67879567438	274.850030960004
2068.01820067907	275.113493872971
2068.56013562568	274.406754947172
2070.57498220519	276.916262717309
2072.42019660417	274.384169708896
2073.01571612726	275.182993255287
2074.37604382164	274
2075.30199176366	276.618276607835
2077.23612106995	277
2077.81703754352	278.685114808203
2078.39469852288	278.356896490446
2078.90350870389	279.08615455854
2080.54534612274	270.967510007345
2081.32537244525	271.400606666739
2082.38249961716	268.661051399698
2083.20839948351	273.329001247168
2084.82113602584	273.099074230858
2086.82942018822	263.985106154524
2088.15154156836	273.906434387914
2089.14566487537	262.36975169406
2090.02232755245	273.129297398936
2090.7643777618	276.681669819479
2091.86807629521	272.5406223811
2092.60456440177	274.357070963523
2093.69452326862	262.828536206349
2094.76984555772	268.669360568024
2095.04255834053	268.836186316667
2095.6599325775	267.863938052269
2096.41436454675	270.200593404255
2097.99253687884	266.275385326573
2098.71105362612	260.634030567187
2099.58646113776	267.875638552151
2099.8425429619	268.212506132121
2100.35796722182	263.349741204851
2101.10095508621	269.345640086192
2102.07763474293	271.762071207796
2103.62917682346	273
2104.9795842028	283.457310069708
2105.55605429263	282.680607922244
2106.27120641988	277.97927860124
2106.65915372677	277.027700175658
2107.14219263718	276.997525241098
2109.02081595545	285.407602793613
2110.05477707449	278.283366522093
2110.98856538357	275.037613655239
2112.28918064172	277.548411281437
2113.13424056861	275.838398881566
2113.65412524995	277.472252357635
2114.08944804932	277.229602336138
2114.61665396572	279.745472198165
2115.3998408086	279.234634350788
2116.695652845	270.361902721829
2117.6287074358	269.060102767057
2118.46200084362	273.643976012558
2118.7847605689	273.579546713307
2119.75185510943	267.69845277693
2120.83239955304	272.734124026966
2121.2746863248	271.913831181144
2121.99042773342	276.378634153185
2122.67499226103	273.645408527645
2123.02704586838	273.779480363558
2123.16745494078	273.32077225069
2123.75551608382	267.556367066474
2125.7874473188	272.132304626179
2126.7748802773	267.745336172831
2128.66991464371	275.418767527958
2129.21990642678	272.974539640081
2129.70095250093	272.916882894842
2131.99344906042	279.09325964188
2132.7931479129	261.727491272873
2134.60253646204	244.993592001224
2135.36212964512	246.409376122534
2135.92583331855	252.732719299814
2136.07009758087	253.191943583509
2136.53848954395	252.015119435816
2137.26177436224	257.034603397779
2138.43823990787	254.631602111519
2138.98391096096	257.172016859683
2139.82324870084	256.76263230719
2140.6404264308	242.390019911116
2142.11295928271	232.599911784424
2142.93967213959	236.588409550505
2143.48060073118	236.877843623954
2144.17677556254	241.200234967207
2146.1752887662	231.958932087678
2146.51064113848	231.858017108198
2147.17558430625	233.582561580672
2148.48474940897	231.744799838084
2149.30124242708	231.971538979521
2150.27867669459	227.106720302756
2153.15040265456	254.434529350204
2153.95556641784	248.823521275159
2155.04799496516	248.767109509131
2155.16321352609	248.243088034348
2157.07576906887	221.75
2158.00534865887	213.924283060478
2159.7412945915	209.389015220814
2160.36377587528	209.757334654199
2160.52132902168	210.704624234371
2161.95124291874	230.167051234483
2162.24342721103	231.551131043618
2162.7877904835	231.804091631578
2163.55182234164	230.845434519166
2163.90200136244	231.149285509332
2164.56105821121	230.675051088201
2165.01365962042	229.614180766226
2165.35818318104	229.872635954794
2167.02906161469	226.533481662787
2168.29162106129	223.545255525598
2169.06945805976	218.913775925011
2169.87281114714	222.751556481423
2170.93992321901	208.981314206249
2171.98551365868	218.819124254871
2173.15950457148	221.667241438532
2173.81495995636	221.17137177906
2174.62346407824	225.270738071097
2175.19855936996	226.146265084991
2175.98729088964	223.513045275339
2176.68319810393	227.682747932417
2177.27567850462	227.347515796433
2177.62184788109	228.16160938391
2179.00003116988	228.451207560358
2179.50329939599	227.126533581138
2180.33113615869	228.594654598453
2180.92201849669	221.425353053593
2181.65834941287	218.247812969699
2182.78231850879	223.903659283807
2183.30699386117	224.109381795506
2184.08406074402	222.600958651539
2184.75065659121	225.233034206164
2185.3224731244	220.244908681847
2186.23325352024	218.588170231882
2186.99356596328	221.893110165162
2188.33209475645	216.993135745295
2189.374820171	205.906245174191
2189.55038159269	205.297595832469
2189.8633880036	205.538769943207
2190.53939747184	204.947451016822
2191.50682030994	200.314506536893
2192.83365246065	210.839831032705
2193.262916101	211.030748388524
2194.35030799958	204.919471731591
2194.84043220682	207.71239394799
2195.82464621616	209.697195576501
2196.5611208207	208.383980668211
2199.01321170666	215.032801343036
2200.04485411601	219.255907927203
2201.07673563656	227.064573653655
2202.42132686094	219.117302179749
2202.86448046256	211.876856042693
2203.17800742518	210.325891792386
2203.89044162998	210.901340021757
2204.48826090344	207.637873698252
2205.03537879761	211.227781343058
2205.49049039844	211.010609789546
2205.68197593888	211.764637003071
2206.66916049247	222.358961056979
2206.8574477713	222.664202761743
2207.43544528346	221.164600681051
2207.9516082233	223.414646862997
2208.54048994586	221.171465896359
2209.2843877813	225.546134476481
2210.89451502525	210.664912533553
2211.44141176465	209.136860183763
2211.99392186485	208.984793321772
2212.84575296309	203.75
2214.1726380852	208.563334844242
2215.48550175048	222.22444340541
2215.80863215818	222.218264067852
2216.27054706314	218.438098152068
2219.75720455365	215.059759530245
2220.20023428184	216.657710969244
2222.28560050857	199.75
2223.50358228899	193.5
2224.11287214101	192.75
2225.7057743894	203.021256072468
2225.9334982644	203.543281484318
2226.81493965191	202.724375944124
2227.07596224377	203.133454892134
2228.75768643643	208.920879737203
2230.1157022462	201.309735372518
2231.24449946283	208.555254268789
2232.55753727825	205.396335158804
2233.06242797743	206.513137692722
2234.40487587982	195.336895521814
2237.22506247735	205.895912829464
2238.17870749147	202.99676111201
2238.71844399356	202.719868792892
2239.48933355755	194.734675786953
2239.72441882595	194.412944451607
2240.35834550017	196.56356289733
2240.74678769401	195.458025965359
2241.51957022691	195.764316090013
2241.94771132139	196.792211829803
2242.50910722181	194.878283235024
2243.08459501528	194.664137939278
2244.98366840913	179.5
2247.41692385754	186.982489536757
2248.54106703425	183.70948860547
2251.03611342108	190.859489852035
2251.68980362296	188.408291977264
2252.28567621251	188.681099745148
2252.75304621563	184.942508995696
2253.99866393413	191.10332842269
2254.400750734	190.801786290873
2254.87376300607	192.294561233012
2255.69008023651	191.468418902313
2256.20642272838	192.115010514915
2258.57614854277	202.597376128708
2262.48417495044	207.820553124148
2264.17100521739	213.530117898512
2265.94042870378	235.5555368338
2266.94126282809	236.935690303337
2267.65280895	235.438494854323
2268.09220076515	236.376426858167
2270.4726621211	237.976693320703
2270.89541248352	236.316841331158
2271.37735934951	235.840964329541
2271.74663736205	236.06457010789
2272.81601564026	234.216556885829
2273.29610424501	232.421217635118
2274.88719292516	218.303719428543
2275.45968327195	218.713540515515
2275.89674740298	217.313805942218
2276.27095962897	217.969605825074
2277.85207169726	210.152004591229
2278.20290991609	209.657940767942
2278.73233232584	211.008129218206
2280.64546503743	201.477467927624
2281.44531160252	205.076027354635
2283.64104817321	189.3103408706
2284.60879551563	185.066060820993
2285.99830521035	182.016374502005
2286.72354439088	177.955588016234
2287.30209555195	181.358516440375
2287.82493840284	179.285821385802
2288.35437093223	180.105898481873
2289.8217326794	177.383718424138
2290.4162406851	177.704311748375
2290.94912258824	177.057774053118
2291.34997309098	177.755409664569
2292.3370984167	177.863432866025
2292.76440211358	176.639089609477
2293.43425183712	179.5
2294.45799904944	180.152951500758
2295.74829181563	178.257721063682
2296.30126111503	179.455960719979
2297.25405610052	176.513144464061
2297.85361526821	177.665006467034
2298.31231004206	177.186705178594
2298.53677229344	177.531013948808
2299.86718509569	181.185400437594
2300.60508570502	177.830579689338
2302.54812513529	173.35723315499
2302.8096924459	173.075421269304
2303.12762086646	173.770726941046
2303.64410327875	172.823683680002
2303.92394209196	173.397337321005
2304.35650176148	170.373814090591
2306.54123945477	173
2307.23510792132	172.75
2307.80829929555	171.329241556506
2309.24923531911	175.089242322977
2310.13122870698	173.569986912774
2313.25299373243	183.25
2315.70172882973	183.75
2316.7090439092	184.75
2320.55227475274	181.5
2324.09261058899	187.395290918636
2325.545505226	187.073093576241
2326.11682098618	188.966165563556
2327.4977874392	185.741467937689
2328.22383487978	188.885643360205
2330.25635841918	191.780859749845
2330.71619682728	188.965842112227
2332.35799150962	187.538774571029
2334.07184332022	194.005545436788
2335.83481794375	187.577265679699
2336.72501595624	190.426096063123
2337.44106186381	190.379222737285
2337.97030215098	189.383786420687
2338.5673730918	182.75
2339.76338260728	177.329053123695
2340.2331113215	176.544724657491
2340.75726011424	177.25
2341.27985084373	173.392600203491
2341.82183790598	173.999866738292
2342.36237027825	172.017544217402
2344.75364461672	179.214661818428
2345.72691723337	179.667752952156
2348.29467476225	184
2348.95834945588	181.75
2349.57790048515	184.869094079716
2350.65780785571	178.751261799802
2352.48156268047	172.141805008687
2352.94227839275	172.495588917762
2353.82523660235	177.460089975887
2355.5003975682	172.607036479166
2355.94892617668	173.060235798732
2356.35898319314	170.650453633597
2356.94640367494	171.303624723762
2357.62527786744	170.743069968546
2359.43558458789	164.855456513221
2361.23619507906	163.383977691052
2361.92235045212	165.75
2363.79068371515	164.631068509755
2364.17691614839	162.618931490245
2364.7694951554	163
2365.31621652422	162
2366.47825930899	162.75
2368.86278675183	152.970065891553
2369.56643161521	153.718285964678
2370.48933169786	151.335441833191
2370.99235585222	151.554636084132
2371.71941923813	154.415359491667
2372.10587326934	154.314555425209
2372.98698633358	151.362487693963
2374.22477071601	150.891043021066
2375.66982540874	145.50534737588
2376.7058658836	145.368674795117
2377.55158611337	142.362674682711
2377.88345180738	142.828651792548
2378.39427593702	142.334568477707
2378.69159191069	142.811246430227
2380.089702494	135.647805870683
2381.01260493867	135.964376750915
2381.68894414175	135.427256476815
2383.09237394771	143.306905920288
2383.65559451271	139.494796964401
2384.27189771544	138.631489774778
2386.19281962963	146.170345544184
2386.42956554615	146.642034922545
2387.05297125119	146.623685086583
2389.64236424025	164.298452545538
2390.27249731458	161.158653385593
2391.08926994575	159.926585252275
2393.03059868522	160.252162134571
2394.41238225936	161.962587329052
2394.76336390206	161.676234421752
2396.27877089975	159.941227706461
2398.37124284394	153.792388448658
2399.32966200779	155.136487144091
2400.04544316088	153.506110456922
2402.52221026017	130.308548576122
2403.50413751865	134.119576247135
2404.68338175483	132.91586400045
2405.60987340226	134.394646261099
2406.23925996102	137.099428990055
2408.01129774731	160.181602525263
2409.04833931636	151.023396957388
2409.57217907846	152.805210006321
2411.46655699819	147.084848739443
2412.22992563852	147.811561081003
2412.52606386051	147.349770867747
2413.11477933217	143.745623392385
2413.2830010856	143.296854291432
2413.75622513964	143.624164984238
2414.43317710984	141.38570070754
2415.11609453709	136.641406843697
2416.08206999409	138.898990666991
2417.86607488643	139.058808951431
2418.692682105	137.469827169462
2419.26920571518	138.634747375204
2420.48658203365	132.137160250891
2421.33466657684	137.156043282183
2422.09474248635	134.830562373528
2422.8555863608	135.076338417818
2423.80318988827	132.645136484124
2424.62559626483	137.120278923835
2424.83758736075	137.465043123765
2425.25447447621	137.163402785708
2425.94482232214	138.275840462146
2426.91808594567	141.021048813062
2428.09590065762	133.185622251166
2430.58852238702	148.344357165154
2431.22415807489	149.357258760566
2432.70006695349	147.10755651868
2433.65809181387	143.408789537624
2434.95418985006	145.5604403259
2435.42070846787	147.480354772567
2435.85548830948	147.330897402539
2436.56341573049	148.739779401958
2438.59174621706	156.301151302299
2439.02975190144	157.049227424872
2440.22217146819	157.284137071384
2441.59980753254	160.922602552629
2442.89335896079	168.445774482308
2444.10999932441	183.465303096203
2444.25998594115	183.834748056689
2444.59600398355	183.284677653658
2445.49559403262	179.348136964829
2447.32204174107	184.046236306433
2449.06005581317	166.857797844707
2450.93464462964	159.954976956246
2452.01886974893	158.236252715516
2452.99697604376	158.45186126969
2454.03318438163	161.146281216829
2455.56325560116	154.734331737253
2456.11545852961	155.497338260124
2456.72919611602	154.27508143761
2457.94030857709	155.036524934015
2458.99653003334	157.403366614808
2459.68998009149	156.072753890463
2460.94959255343	163.561895370558
2461.17881794512	163.79530294089
2461.6373955792	162.713742412983
2462.18547259139	162.862201170432
2463.80221534234	171.5
2465.97080665235	167.25
2466.94389004784	166.25
2467.53236449537	162.792818700917
2469.06746715782	166.86173288394
2470.26468124042	159.5
2471.21362562133	157.312042338358
2472.40716635939	162.77448500449
2473.03710508051	162.041647581169
2473.77270828994	155.839211146859
2474.85495192866	160.870012153719
2476.24183372711	151.994835599982
2477.61313489794	156.126813680069
2478.81805370895	157.22723722852
2479.52547743493	154.99733809924
2480.47938695956	155.684080027643
2481.03843090264	154.541998239597
2481.599882566	156.090153027836
2481.94793719569	155.879698993034
2482.21984456071	154.864798222273
2485.3177458277	151
2486.71420737611	145.713110966291
2488.97173092673	140.695935011112
2490.98396238883	129.299181683007
2492.52570723258	126.219995674385
2493.28745055023	119.964592616568
2494.66772014603	127.173563405374
2495.67280379013	124.484570988997
2497.024378748	126.247630001616
2497.99482635337	118.01973913285
2499.55288958003	111.602171199822
2501.05518731548	116.87214493521
2501.98904193524	110.621834145317
2503.92791115419	120.534832247997
2504.96406135429	107.018293534366
2506.72130192982	113.501552800429
2507.47781241864	123.186329061009
2508.12063698471	122.964857798608
2508.9525467134	117.717510374976
2509.10580774968	117.235066534242
2509.62962014787	118.18748931879
2510.40448716596	114.321003148394
2510.73300499588	114.675962039722
2511.06237055658	111.155837769427
2511.39286705265	111.306615665017
2512.30600493104	108.888948463629
2512.81513735897	110.487064624586
2513.29695474837	109.508460485589
2514.34301092932	99.0919789322888
2515.66887629432	92.5093144032394
2516.39293543206	105.73540778148
2516.96204055121	105.565231173571
2517.88304552582	101.560335793467
2518.7927947803	110.457544539893
2521.44101238894	126.661032094706
2522.93670349537	150.816219904496
2524.32807894457	192.061092714026
2526.14677493298	201.459765975035
2526.70719326204	202.152585967332
2527.48655937557	201.751961919329
2529.76453621339	203.75
2530.38881489066	205
2531.84825749709	200.77721217723
2532.88705581576	200.209146738965
2536.05291682161	192.667022388413
2537.48090549574	195.460174343341
2539.34795244706	190.038580268549
2540.40473974887	195.406151502803
2541.58843262053	190.150908905315
2542.41098216952	191.263037489874
2543.57223121183	188.645980890442
2544.50041064428	194.268111934894
2545.41421910885	189.34550507576
2546.24350890355	192.404232416707
2546.71862760446	192.255005161798
2548.18663040097	185.593101275635
2548.76080423474	188.487014991281
2549.1366609606	187.728744455548
2549.96318280928	176.668778070453
2551.0856021538	178.45805619059
2552.30464097894	178.142305880779
2552.73921002884	179.262183490903
2554.31271018361	193.693118724227
2555.14599732868	190.578986693141
2556.42551718365	180.545254537708
2557.44463595918	183.863807485869
2558.58997214783	195.602377577846
2559.109156904	195.83130363806
2559.76770655128	191.989902104322
2560.3505245753	196.242917052091
2560.92464219934	196.075944511762
2561.5902326541	194.163652510375
2562.36591030463	195.24539133398
2562.91470737184	198.12848306686
2564.00952472385	194.221706355688
2565.70167455004	180.697199520336
2567.00143394959	130.798548468701
2568.20565370306	133.442191635025
2568.93741066051	139.594094275188
2569.3817679098	135.518487421592
2569.82370630622	135.629892016765
2570.94977329737	95.0434850648899
2571.5590986349	89.275806390714
2572.00496538976	91.1953963717647
2573.10034343918	80.6450670037175
2574.67640203142	77.4530041998596
2575.28214809091	71.2286183754591
2576.11589605671	71.1389693445567
2576.43265129059	70.1908958186718
2577.57836685559	82.0112659459655
2578.09721408651	76.6856183956893
2579.43914128895	81.4948315449624
2580.67116089295	108.449368789858
2581.46514877313	99.9339902148936
2582.90621971924	105.634017836189
2583.16409905326	105.356752407306
2584.96674896266	114.372038834984
2585.6598248591	112.653483859648
2586.2721861627	121.441690401648
2586.57902036364	121.968297290539
2586.92926386549	120.730709108756
2588.93013506511	127.929014203486
2590.99055361179	150.31685133202
2592.73630739592	152.8458800834
2593.23897723055	152.534160075875
2594.18094434571	160.201311102588
2595.26672798067	157.722035690222
2596.64153305621	159.75
2598.34729815509	167.680561679007
2598.87090453999	167.08275331876
2601.80231001438	126.5
2603.76255439005	115.179536335263
2604.25331537342	114.385740686368
2604.94093686771	107.439435417422
2605.4307791258	108.040121256467
2606.59159193015	106.372880606457
2607.11238536901	108.451350894203
2607.97508332852	103.5
2609.76073335505	83.0247468191037
2610.75210925167	89.0395571781605
2611.05368860331	88.8646424124126
2611.44544280751	81.3761057390907
2611.86277446054	80.6597281798686
2612.61308996666	88.7333816712985
2612.8615928928	89.1401359812317
2613.21790031041	88.1447325547815
2614.12440453573	75.8114263273669
2614.74064338684	73.4343685500271
2615.16256154821	64.6259615484778
2615.8469385836	66.7060220711392
2617.27419410869	83.0997643493156
2617.43565747575	83.6208139223627
2618.40134008093	81.5
2619.09963360972	83.31722360602
2620.23541419577	87.9596059505316
2620.67813559251	89.3217772793882
2620.91144912513	89.0347384456177
2621.5750889571	93.5
2623.82214938708	101.75
2624.75315051137	101.25
2626.00948990468	104.69669609023
2627.00015482614	98
2630.579412564	91.25
2633.65011568186	91.8961753988128
2633.83178631844	92.3538246011872
2634.73364798367	91.7727415331578
2635.22279300369	87.4772584668422
2638.11207961193	87.5736484515674
2640.20222154346	90.75
2642.09194055649	89.25
2643.72830363299	96.7259756918761
2645.25869960888	100.180795851939
2647.26369370716	116.25
2650.31083339456	130
2650.81258221582	137.25
2653.34384466646	109
2657.7777380914	136.596527101858
2659.55308128972	104
2666.03769101744	63.5
2667.60933784172	55.6415578017927
2668.54576195931	53.0641619200469
2669.19798160087	53.6979290812387
2669.73971665159	53.2690094032851
2674.85032873374	57.4377876464955
2676.78788647471	56
2678.83866496347	56.4678253033076
2680.80688650071	51.3647593883438
2681.73980115039	50.0470077396926
2682.75824015502	52
2684.71523316687	50.7702740540735
2686.22217308028	52.1368424027046
2686.93014503207	50.8251227108126
2688.26771474985	50
2690.90031071173	49.75
2691.97080172976	47.8060206223881
2692.50393177309	49.2729624768185
2693.59242572392	44.6902071525669
2694.67789606705	44.5
2695.2633336227	45.3409556142533
2697.90002268717	43.0290727655702
2698.68676192751	45.9524870150517
2699.32691148344	41.8339959860755
2702.0679750222	44.7786076107477
2702.44966436102	46.3362396212392
2704.09828239002	48.75
2705.25508332822	46.5
2705.96795442806	32.151324114112
2707.11273685607	19.8302626548984
2707.89708622292	17.5432340481207
2708.3195451466	17.6446412190271
2709.26958809233	16.5
2710.03687078906	12.3913988602785
2710.72408118847	13.2827180439485
2711.19784466757	11.0773240788867
2711.76155139143	12.634919348533
2712.22720423182	11.799312955698
2713.66247597839	16.9987150997231
2714.07859707534	17.0431406902785
2714.91701545233	12.2846871459728
2715.48104229699	12.6998399455756
2716.89547068866	23.2030380703663
2717.73386244779	16.8526415280412
2718.58094258088	19.1531657125752
2719.67225984466	3.94635430125663
2720.43434566123	17.4776796143506
2720.9104253497	12.8109148923613
2721.57680331178	10.7761883368507
2722.24700390088	12.5542821600925
2722.91309397024	6.3341750036634
2723.67481447015	4.3053822025895
2726.55792005869	19.7030382209696
2727.0929537474	19.0051048012315
2728.39500629684	25.1624487324343
2728.73817481094	25.25
2729.34444025322	23.4403081740511
2729.72949663439	25.7800822121089
2730.69332365269	26.8270415445827
2731.41869671279	29.2673375070522
2731.96162473855	28.7837100274314
2732.72165694378	29.0640739224928
2733.34920028214	31.25
2735.07517375858	32.75
2735.82977698925	31.8132934451619
2736.27110887393	32.1454939469622
2738.34169658421	35.1910933522854
2739.71551624067	41.9211229934144
2742.07167191141	44.7851499896374
2742.99635051925	44.5340266709391
2743.78866363825	40.8014065977973
2745.7418907836	38.3666305444481
2747.90367455458	48.3257665157471
2748.98830360339	59.7439814194809
2749.57010042866	62.0228895492678
2750.16820341478	62.63086342219
2751.02173363013	59.5025423252391
2751.69672038873	52.5634631534795
2754.88081862755	14.0553897674454
2756.94396932941	8.77233386517491
2758.19445774939	13.7390200924065
2759.19724536484	27.518905767889
2760.00905894439	30.2648142309249
2761.12651926001	42.8187944492588
2762.24724250955	48.6000981917937
2762.52160744947	49.6737100545897
2763.99805738976	51.4775826186919
2764.61483977082	49.4401810238787
2767.07634922045	59.4952990045545
2768.26730254211	52.6522849537532
2770.33376118989	33
2771.86281144009	24.8467731875626
2772.10643962596	24.4032268124374
2773.62303323676	29.5
2775.7483052496	29.5
2779.34925631206	21.9939411369346
2780.29786447735	16
2782.12783713799	10.5990826013581
2782.8789551673	10.583073202376
2783.65430503408	14.5711023318941
2784.23873227611	12.8620676112828
2784.84701936145	13.8608387271674
2786.96892885502	6.09203302068545
2787.47356939407	5.65597604486993
2788.29981170853	6.09729093752594
2788.97741957633	8.5
2789.78267486166	6.63628941676552
2790.5078803965	10.5370956088623
2791.36483214844	12.1179556650795
2792.63448612787	5.89116408846257
2793.4525455696	5.94565918286116
2794.52514205479	7.1097951670281
2795.13304230942	5.49229657902151
2795.71803173022	7.5701745210431
2796.47640783161	8.07913751116166
2797.36464598892	17.6776152645175
2798.51961693283	21.5566664546018
2800.06768857632	18.7672148841561
2800.55457557876	19.1369777958153
2800.8948111456	18.543832207311
2801.53718528784	19.5
2802.09816453462	15.8627053996652
2804.94313632336	6.73292766450413
2805.70570261955	7.41488919223957
2806.03061435522	6.69798509437123
2808.06831699476	7.82950378253008
2809.72422195949	18.3081131426084
2810.24794961834	19.371313317869
2812.84591135099	38.4624722928788
2814.47182749681	55.3945167990214
2816.35049865122	67.3248867858429
2818.91562377102	104.517476124071
2819.48061061771	106.33490516441
2820.12672082608	105.187381078457
2821.75900349212	116.639070032928
2822.16161416026	115.481478668604
2822.54571200783	116.632586142612
2824.58217583917	146.113820517902
2826.43139208691	115.955595233799
2828.20652729897	103.570024059372
2828.88199149057	101.876427835528
2829.61058934335	94.3724427143388
2830.21032887931	95.534811383779
2831.20814233037	92.2586065281789
2835.0538617403	71.6245996672742
2835.59742399409	66.0319049459004
2836.12919425407	68.3976024566896
2837.08963890915	67.6886113955406
2837.5765324735	66.5613886044594
2838.12233052484	66.75
2839.53200366716	64.3168523770705
2840.16634926078	67.4371945693701
2841.36347518672	68.5
2842.3221320861	72.0200800077027
2843.94127784941	75.1993467048601
2844.90675586301	76.8391147941111
2846.36227813404	77.9840425294656
2849.57400419415	84.6292091200185
2850.47826300606	86.0605230311176
2850.79459354009	85.8612797541282
2852.0843862574	91.836896010122
2853.62433930944	90.8871223689152
2855.31472664453	102.833753094404
2858.2776706363	116.25
2859.43554550994	115.5
2860.1576467889	118.113781769273
2861.47713804609	114.415961785619
2865.64639559143	123.609189766499
2867.33620004797	120.520949500389
2868.67505399714	128.249103808802
2870.06264959408	143.822295302471
2870.76738580147	139.781676109073
2871.88686335195	143.182688361707
2873.09999736112	134.25
2875.66563620227	140.555363839578
2876.0318282766	139.615814684007
2879.11065155818	115.963228074573
2879.84074690464	114.021112197803
2880.42673504675	114.727376199165
2882.57458481565	102.205833124151
2883.67504434679	100.959838100525
2884.15961481941	97.5952812676296
2884.79895268852	98.0610399141174
2885.14948942084	97.7229527532131
2887.41527650855	92
2888.30588746758	87.8198776525664
2889.10602474624	86.5813234021689
2889.68490461977	86.9660107946502
2890.58187862052	92.8617002189453
2892.13504808102	96.7397636300434
2893.38993028404	94.0312484930514
2894.22644529093	86.0541063978039
2895.81805014584	92.6764663480326
2896.74101160234	88.2654851152893
2897.51816936913	88.1130790074867
2898.57256147666	83.2087283905603
2899.87721894129	91.1268976964157
2900.84831580213	102.75
2903.66009319103	167.667165103745
2904.3216825209	151.129766353617
2905.04749449293	154.358344905208
2906.27440481222	123.052660630506
2907.61814557046	116.05197399188
2908.25799771914	119.5
2909.28961450387	120.11418738885
2909.79021547429	117.421450075746
2911.42912836945	81.1412049872692
2914.7565546533	35.0542973409811
2915.67806050851	27.2614188622151
2918.3598099131	16.5
2919.13524027088	17.6330843699093
2920.86926167451	15.25
2921.44360752945	16
2922.60083114159	16
2924.34969472649	14
2926.88019225416	8.13564474032546
2927.59505310476	8.39435990271886
2928.20624687521	7.34770949310769
2929.1282134636	8.4691355120699
2929.93896991514	7.07226001895651
2930.81653224839	7.32340179118137
2931.45293319986	10.8385227205886
2931.88673784611	10.9785343726785
2932.40301462953	9.17268622025222
2933.32154750013	8.27246408345673
2935.10601236656	16.3653373020356
2935.85676030304	11.7582166775428
2937.1187807932	11.7156376863386
2938.00569650787	8.25
2938.81056511837	8.63933199737085
2939.10071475415	8.31756059104373
2940.17566587147	10.3669412831255
2940.62901330973	10.4585143534532
2941.31891343567	13.144743253617
2943.45464826261	8.39154188131033
2944.15092804074	10.6715784587404
2944.78860006041	9.81103426728441
2945.54442431115	10.3116413559019
2946.76621937585	9.70545562422785
2948.94480261984	13.3699021910552
2949.44666391509	12.8223321230521
2949.97185426386	14.4747127539777
2950.45085617717	13.997517930286
2950.93619060621	14.7396861353841
2951.2164260626	13.5104928298351
2952.38248604798	12.9024114640233
2953.2255060683	13.8569000102566
2953.83226758555	13.15062176523
2954.37610239867	13.9403521708682
2954.92912212326	13.3631319782176
2955.59259218287	14
2956.4824146897	14.0262501046896
2957.08665022714	14.9596010771706
2957.64615244996	13.3304457109653
2958.98287479087	14.8845389222811
2959.39932109608	14.3277898498663
2959.96479026901	15.5630961546349
2960.50260379523	14.6628955872948
2961.01939229281	15.0877099617092
2961.41090017818	14.4903352086039
2961.95101544316	16.0498191638653
2962.94111885035	15.448295254831
2964.21856324231	16.6773214801669
2964.73909238534	14.7449815416985
2965.48732520844	14.1824680736195
2966.10120736632	14.2856038526056
2967.05714209679	16.5354895672763
2967.76119841309	16.8727954199112
2968.07268793755	16.047319281975
2970.19938929518	14.3789094948747
2971.07052798383	17.1753492104112
2972.3957814019	12.8343552872316
2974.01645001815	14.5444326950374
2974.55655346496	14.2159569540504
2974.84132365329	15.0340430459496
2976.18018330601	15.3107547594209
2976.99877447315	16.8118094249003
2977.67577661522	16.9735689862619
2978.36432657993	14.5766877682322
2979.18799584516	20.146284675081
2979.81591392716	16.8346577442953
2980.55715905467	18.0458785896899
2981.38388380104	17.4079055247685
2983.00071105346	13.5173183555498
2983.57184260996	13.7555774776606
2984.60178062075	12.6506326575395
2985.42688954557	13.75
2986.66571237392	12.3574741767111
2987.3240756097	15.0785142474579
2987.8891792867	14.048259683158
2988.47685137832	16.1292480450747
2988.8287274799	16.1140315505218
2989.24720406442	14.6511094720936
2989.83893668977	15.6468110477258
2991.38872207039	16.2251768779424
2991.775312201	19.6197828018871
2992.74090756778	15.8599700841792
2993.48950937886	14.7111049956284
2993.95868269489	14.7385961208706
2994.73853073462	12.9871605865092
2995.43945753433	14.6453270218394
2996.38127095261	14.7616042252375
2997.45836015172	12.6565001246777
2998.04491696814	12.7670040027037
2998.28718311452	12.2131083519098
2999.12625587778	14.3580391740702
3000.05810398512	13.3904453386745
3000.68849233591	14.9127478254304
3001.19218645875	12.2447891899883
3002.1198670083	13.2872201310979
3003.34577406148	9.70833158216692
3003.67257818439	10.1881488760082
3004.06962081272	9.48286096441007
3004.52249310371	9.78909702575766
3005.22991883922	7.58347159813093
3006.48348065529	14.9664145586785
3007.16508324704	17.5075927979187
3007.77613923392	17.6232600690605
3009.30262341466	7.32709210278563
3009.5924551316	7.55671661824908
3009.96823851574	6.2665566558926
3010.31765199412	6.69226279207214
3010.68599602583	6.42508516950693
3011.40768530503	0.051329558197267
3012.19729532255	0.108569811397956
3012.82998407023	1.16397219101418
3013.33215785374	0.524648011190948
3014.13671890053	8.86855131091897
3014.62126446295	3.84954377665917
3018.23069779466	3.60034389049861
3019.05878354169	10.824583870402
3020.02194021609	14.8581774813051
3020.62468519369	13.150080346496
3023.5132622503	21.120138050127
3024.55464664249	21.169284138904
3025.03752500644	19.8393708249055
3025.57814900544	21.8397335736463
3026.07233964486	21.716564260219
3027.12615979477	29.9515764831981
3027.49506801573	42.392304758981
3028.58078307238	52.292100217504
3029.23650121061	64.9111530260261
3029.921293877	55.4874424304207
3030.16601889662	55.1319973658715
3030.73596992946	56.9856337003521
