2714.86122311204	0.0312309154587638
2714.91701545233	0.110837478631765
2714.97198575352	0.116658401505447
2715.04935277144	0.104430340802537
2715.21715239488	-0.0133924648666834
2715.30961097446	-0.0509765977276402
2715.35143599694	-0.0501797274637283
2715.39181628952	0.0151854083455873
2715.48104229699	0.358094437419368
2715.64699576637	0.606368049542198
2715.96141829725	0.207750155862414
2715.98096522031	0.27688263070786
2716.0064709819	0.140848329869641
2716.04869039058	0.161715527224715
2716.39174620559	0.55415678577674
2716.89547068866	-0.144566326690438
2717.0150860523	-0.560928858209081
2717.43406036995	-0.423243349278891
2717.57157685736	-0.332618478613767
2717.72098118303	-0.282348890431876
2717.73386244779	0.208175443191521
2718.18437497885	0.356075697241067
2718.27502478476	0.308074486799796
2718.28203865498	0.245631024103204
2718.3210023544	0.216063962228418
2718.38528451494	0.12720590841991
2718.49989267919	-0.199089673799335
2718.52407327585	-0.213865136229288
2718.58094258088	-0.55190411370404
2718.76711640833	-1.11294552739128
2718.78233214252	-1.00793269975657
2718.80693722434	-1.14032154043662
2718.87076374739	-1.22763099100121
2718.93277905766	-1.21364560524171
2718.95211851521	-1.25298915628218
2718.96498790301	-1.19224711862717
2719.00006888998	-1.21367636835066
2719.09454035806	-1.11245685940867
2719.10539614441	-1.21194387035075
2719.12377929596	-1.06158094228567
2719.23727375431	-0.997792851431768
2719.24674768986	-0.938621455615703
2719.27845040153	-0.976507868345379
2719.31005380817	-0.762894264229089
2719.33873398889	-0.75428233124876
2719.37387312605	-0.60267666859545
2719.40912647663	-0.195127290255641
2719.67225984466	0.320426148140541
2719.74612649126	0.397775581262977
2719.78027480989	0.81022091501336
2719.79182551189	0.5418609574931
2719.81356095574	0.557543151719528
2719.82331163995	0.833472668343802
2719.86690590274	0.845294745169213
2719.88490143428	1.05758169583214
2720.0011925961	1.62931544154617
2720.07533686117	1.78534509059909
2720.13117886946	1.67675259003954
2720.22944960901	1.33571342355935
2720.34577000584	0.384017086020322
2720.36039515747	0.0862235509598577
2720.48415474532	-0.574455896973632
2720.54810985351	-0.752341761699881
2720.67541484846	-0.69614770103135
2720.73706571287	-0.579822313613931
2720.79380901391	-0.428045446901251
2720.8343904887	-0.443283318224985
2720.87677715161	-0.273325639445375
2720.89758313876	-0.257153647331052
2720.9104253497	-0.210486180639236
2721.04490423146	-0.1358275557659
2721.16684396423	-0.174925004875149
2721.57680331178	0.0938451608767537
2721.68431288111	0.146831704338183
2721.72191060748	0.140268045912762
2721.73560325288	0.197227417790145
2721.79453633295	0.266618644550363
2721.80687213953	0.249833471874354
2721.9231247078	0.293955644775906
2721.97050957688	0.267605665650535
2722.06046735358	0.0569522622549812
2722.24700390088	-0.231284760452127
2722.27436671049	-0.250776989211317
2722.32326216803	-0.322784421792221
2722.34375037135	-0.389737045069978
2722.38025951452	-0.387856634049513
2722.40055363896	-0.452339122571175
2722.44234614237	-0.450628796092133
2722.49311987553	-0.541769423641199
2722.56057953436	-0.598145110239329
2722.61456242336	-0.691281351526868
2722.72636340923	-0.67966364769336
2722.87021833746	-0.482334058456217
2722.91309397024	-0.264126626187135
2723.01406706039	-0.135560466817424
2723.67481447015	0.187727888981044
2723.91902902084	0.196346962543885
2724.00462134017	0.268382755875336
2724.16075643886	0.356282630468741
2724.44270953716	0.191616152005736
2724.48626955776	0.320884381369524
2724.69585471693	0.640608425478604
2724.93585325053	0.385947425523227
2725.03760538854	0.249402491610454
2725.0830337352	0.2644170168237
2725.20992723843	0.196969678111145
2725.4243222263	0.242228214180614
2725.48209816451	0.231907517510081
2725.58637371082	0.165011797633724
2725.81962038592	0.156755214502027
2725.86527699499	0.13523957543066
2725.92192872406	0.205264082161193
2725.97829544352	0.221067751664123
2726.02188167809	0.288754570398396
2726.14727976051	0.379113166959996
2726.24831614362	0.481790960895069
2726.33922806147	0.436024469051972
2726.47444995182	0.255205732913055
2726.69854787817	-0.118140420710461
2727.0929537474	0.332360775321831
2727.48323992277	0.215934121247756
2727.59299779272	0.213794041126221
2727.78125810352	0.247960222230631
2727.96407054532	0.264056871314551
2728.39500629684	0.0174011428061931
2728.68328149946	0
2728.73817481094	-0.171026399760194
2729.34444025322	0.348150385300869
2729.72949663439	0.0713687862917141
2730.10284143327	0.0708712381610894
2730.3693594048	0.0306083169125486
2730.49836651455	0.0413550552038942
2730.56280579967	0.0527024251127841
2730.60278077914	0.0930303411582827
2730.69332365269	0.123808866097988
2730.74616364317	0.215529254450303
2730.94105199133	0.239815959958378
2731.12127768512	0.191373546151226
2731.15783899475	0.194940091218996
2731.41869671279	0.0423855684957744
2731.48846314994	-0.0473127129848763
2731.63603943797	-0.095731880781841
2731.8532622096	-0.0266651574506795
2731.96162473855	0.054156317826255
2732.12034356321	0.0664479137481067
2732.33648355031	-0.063886256900787
2732.53980107238	0.0335165462151963
2732.72165694378	0.199577980308277
2733.34920028214	0.0328110518576068
2734.11173485891	0.0185893135917468
2734.38635908576	0.0770317124033681
2735.07517375858	-0.0711225482314148
2735.82977698925	0.0721816557138482
2736.14572624608	-0.0300844348066676
2736.27110887393	0.0962673692388307
2737.07727411713	0.0868905742754578
2737.94036853012	0.0545630396754859
2738.34169658421	0.280676730827963
2739.71551624067	0.0557918412314393
2739.85205875297	0.0699626215846365
2739.93119287282	0.159876915778113
2740.22449921524	0.0329379277027328
2740.53721672723	0.00559774360181109
2741.12076299524	0.070237453503978
2741.54692047376	0.0894811475877759
2741.5745055711	0.0704002923853295
2741.67829609439	0.107469830146783
2741.77233814432	0.115410533957402
2741.98561152304	0.0562921176619966
2742.14224507434	-0.0188106771574894
2742.22571862887	-0.0353532309768525
2742.36961724367	-0.0212611725241914
2742.5146828664	-0.0244935224045548
2742.67070619386	0.019754710242978
2742.85198489077	-0.0220347362960638
2742.91182751172	-0.0772628229829024
2743.06774377614	-0.166079815120156
2743.15902388142	-0.192329877836528
2743.33177832555	-0.333581874714127
2743.78866363825	-0.0683491564259384
2744.86671135277	-0.091043814502882
2745.10981001829	-0.078725407161528
2745.21881634027	-0.0956806246244923
2745.36439787272	-0.0855654171700735
2745.55895252776	-0.00198399076725764
2745.7418907836	0.253588717589992
2747.70806841221	0.368146663094649
2747.90367455458	0.518654700365914
2748.12841300476	0.728909909691993
2748.48349861278	0.672276010603127
2748.77995750042	0.412326559474423
2748.89376865249	0.34454341629089
2748.98830360339	0.24303630215536
2749.06818654585	0.256605674356706
2749.22039729526	0.252783287651255
2749.38298380912	0.211149858040699
2749.57010042866	0.0976963975735998
2749.70942898164	0.0512126580983931
2749.99205827686	0.0539277130737901
2750.08080293944	0.0363450400209331
2750.25427445308	-0.0504626080564776
2750.33726154581	-0.0738120692931261
2750.39951072343	-0.163453569137346
2750.53504070431	-0.235255104304088
2750.58716260109	-0.281620661767192
2750.77447731357	-0.325708167796165
2750.91306220827	-0.334915878039283
2751.02173363013	-0.761718106804437
2751.368868742	-0.421439539722087
2751.52660526952	-0.391891226588996
2751.69672038873	-0.765115255910132
2752.1300900387	-0.985154028982834
2752.35306495881	-0.993506812286796
2752.56044968297	-0.809079882996684
2752.74002577331	-0.555046312655122
2752.84135356188	-0.501831111383581
2752.94715599135	-0.478154646682924
2753.25347234823	-0.124446443091074
2753.42080043982	-0.839344987502955
2754.21588496639	-0.33674018071315
2754.32040045093	-0.446057690683119
2754.47346276349	-0.660633107758713
2754.57416509862	-0.714336688989533
2754.67925851021	-0.70455710748638
2754.78150674464	-0.519365881764315
2754.96579978875	-0.276890175149674
2755.19174879606	-0.0974662878707022
2755.40214839549	-0.127317558114555
2756.94396932941	0.13793535840523
2757.21267774648	0.330635433859698
2757.36909583533	0.308476277898535
2757.64493189244	0.161701770745822
2757.74234692659	0.125116264124244
2757.8310545442	0.158071005135753
2757.91618178027	0.155882134642525
2757.96977924894	0.222447298557199
2758.14357427154	0.361872115280676
2758.19445774939	0.494708349662687
2758.33926508084	0.758253058143964
2758.39130565673	0.961387305203516
2758.52125566395	1.14137726366107
2758.61517499994	1.08684349366604
2758.70491886234	0.897982684302406
2758.79254291931	0.783092394949563
2758.86106713421	0.73549768355997
2758.91718918018	0.611452483728499
2758.97912656333	0.693108671189748
2759.02464796232	0.564837077572975
2759.10811701578	0.547567725607223
2759.29235904394	0.400497933567749
2759.4987444479	0.196469951686595
2759.60772129357	0.129438315081188
2759.68547095543	0.0494097570208396
2759.89495848163	-0.0138971806177324
2760.00905894439	0.643655809483334
2761.12651926001	0.20668197621535
2761.47533964502	0.263124663610597
2761.75149789279	0.29280228433754
2761.90273913183	0.39456431751114
2762.00479119312	0.428167569325979
2762.10723527021	0.388582858523023
2762.20203966155	0.333871614079726
2762.24724250955	0.224201804453969
2762.52160744947	0.0700018540796918
2763.99805738976	-0.318766661722293
2764.02051440186	-0.376107053361011
2764.19008763311	-0.296316744232627
2764.31852037166	-0.107610759313502
2764.44963171138	-0.00767597528147235
2764.49392419959	0.055483475208348
2764.68012475368	0.17580775986653
2764.85681431638	0.381707817902679
2765.00487270369	0.415139248365449
2765.13885881422	0.353900361421438
2765.28980947132	0.237381932315657
2765.4135596294	0.186595585472332
2765.49678795187	0.185788723390488
2765.5697037365	0.166990122967945
2765.63452776221	0.18469942549109
2765.77706837776	0.179542400924674
2766.08400410672	0.0897167146990796
2766.18728320102	0.300076146123502
2766.58456882476	0.411744372290286
2766.76255949759	0.280315289086957
2766.83155730424	0.0295889713752331
2767.12488643418	-0.245973352222791
2767.20335920069	-0.335334886679902
2767.24598004566	-0.33964501972423
2767.28641131507	-0.524897954461267
2767.59741428156	-0.225254198490347
2767.73391442088	-0.12894731445067
2768.00317151482	-0.388366073651468
2768.13486462472	-0.412963166994359
2768.26730254211	-0.678591048206727
2768.82895161094	-0.494964024168894
2771.86281144009	-0.10431185186826
2772.10643962596	0.192551578304574
2773.62303323676	0
2775.7483052496	-0.120714222779043
2779.30522301683	-0.0157674901120117
2779.34925631206	-0.362028255666246
2780.29786447735	0
2780.31209865268	-0.232514339398676
2781.0266408471	0.0302470250362603
2781.39066924316	-0.0509693154326669
2781.44507501222	-0.0871891426181719
2781.56472266509	-0.122844862189595
2781.62492562345	-0.207713242507907
2781.74268753613	-0.306077929208186
2781.9935847051	-0.158460770931924
2782.12783713799	-0.0269764319887145
2782.53011845353	-0.0587649417011562
2782.59616321952	-0.0345908743584005
2782.73867861889	0.0602552455879959
2782.77228055517	0.0705960104846781
2782.80216371111	0.125079342720255
2782.8789551673	0.202249316903817
2782.94285396268	0.23208242613282
2782.97457068724	0.279084211542795
2783.0516314205	0.336481709998225
2783.14045860779	0.373677608617982
2783.2076206979	0.372081525253634
2783.26559868941	0.399966920913812
2783.31019964475	0.330954674567693
2783.37223210375	0.345182273310002
2783.39839247791	0.294489979842638
2783.48660259334	0.252755009446901
2783.60986448569	0.160471949406201
2783.65430503408	0.0573874063898074
2783.76944567571	-0.137959556373062
2783.88480108459	-0.293116982376887
2783.96683731125	-0.282472865333602
2784.23873227611	-0.0220386046839849
2784.32930141875	0.10875232891658
2784.49137010447	0.174472953681288
2784.5764870261	0.163218318631152
2784.70877529795	0.0752583463208794
2784.75593582984	-0.00569381098739541
2784.84701936145	-0.0939720535784545
2784.97066128748	-0.177753239383946
2785.03995703491	-0.190368717543606
2785.11020758091	-0.184664669901395
2785.24677064864	-0.173270759663865
2785.28790228933	-0.135603030219045
2785.44237278981	-0.138835434359407
2785.61157891035	-0.239138189991991
2785.73124948805	-0.285136937050993
2785.90699762351	-0.272612293279508
2786.02598620427	-0.293262150304145
2786.14792516721	-0.264437527059727
2786.4274355093	-0.0997514807750122
2786.52851233214	-0.118410456467245
2786.66005437608	-0.255887072752103
2786.89055519092	-0.222265759893162
2786.96892885502	-0.113666071120861
2787.15708993192	-0.0614771727741754
2787.23769634164	-0.00196156613174026
2787.38794572351	0.00325122791900867
2787.47356939407	0.0219092848356013
2787.57688323463	0.0249110732179361
2787.63286388674	0.0469405852941236
2787.86560875242	0.0619078488521154
2788.06436543083	0.0354727565650137
2788.11223341447	-0.012989572877359
2788.29981170853	0.20316250483711
2788.97741957633	0
2788.98233785305	-0.133421991599789
2789.78267486166	0.186639693001325
2789.97450294173	0.243105444790217
2790.03615282048	0.418311043001722
2790.2905200228	0.305033672416812
2790.5078803965	0.0994426641918835
2790.58748028709	0.0520194523501232
2790.66545680685	0.0176621338687255
2790.74899204518	4.33800269092899e-05
2790.82012066999	0.047096631725708
2790.86902831915	0.0544131815372566
2790.99126524526	0.165810137093558
2791.05754349477	0.2080237447135
2791.13773830896	0.233290643297551
2791.28496363787	0.127233219277514
2791.32464739266	0.0237474416171608
2791.36483214844	-0.220757121468978
2791.52579338311	-0.428146899219428
2791.62020665272	-0.402207379473566
2791.71614436053	-0.316725727988796
2791.74566049962	-0.312059437080734
2791.78316453922	-0.267500574129826
2791.85437144502	-0.245143625151741
2791.89282271075	-0.192747419991974
2791.9184517485	-0.18539663376805
2792.04544298652	-0.198840632659994
2792.11465810254	-0.275132656166988
2792.13807575107	-0.249512541521199
2792.25118952928	-0.334346412231753
2792.37222806314	-0.3259943464559
2792.56641659277	-0.167841735400543
2792.63448612787	-0.0580113171799894
2792.84956651529	0.0373825185388341
2792.97107326048	0.0611018334966502
2793.17144455196	-0.0204428424954131
2793.4525455696	0.0608008573981351
2794.10602140228	0.0491283172100339
2794.25818998665	0.068922200972338
2794.52514205479	-0.15245202324877
2795.13304230942	0.188335586748963
2795.43505284367	0.21971178271906
2795.71803173022	0.078124754561486
2796.08954485766	0.0487428042429201
2796.22749692508	0.0156757815593664
2796.29903314229	-0.0177938724573323
2796.47640783161	0.577167166943582
2797.05179596851	0.696292638802788
2797.36464598892	0.0800275720307582
2797.49686878159	0.00871651330135137
2797.62372177286	0.0865449432826608
2797.85659885608	0.29994080992401
2797.96220515177	0.290505036979539
2798.01902752661	0.334642000372696
2798.05613725563	0.338922294336498
2798.13310955536	0.319388683875786
2798.1888358299	0.322382895759347
2798.25538376296	0.285170148993075
2798.30935342371	0.240078185171569
2798.51961693283	-0.0061785252178197
2798.59778311136	-0.0400016807802785
2798.70038361069	-0.0563645706711213
2798.99685657602	-0.0532473656548973
2799.11729236538	-0.136322031704822
2799.27396780803	-0.219088628417467
2799.36983417999	-0.232944200182828
2799.49052223893	-0.195915854509167
2799.65888631294	-0.0922564067059284
2799.76599441482	-0.107095012092486
2799.97082484424	-0.0503923909136574
2800.06768857632	-0.00681286345843546
2800.1509093013	0.0527680747645718
2800.27202121623	0.0938090754098084
2800.41547042785	0.0136956203618865
2800.55457557876	-0.0868779851552972
2800.68957166456	-0.114670828456838
2800.84743624342	-0.0998998137652052
2800.8948111456	0.0852841591295146
2801.53718528784	-0.37149094250799
2802.09816453462	0.0112124794645752
2802.22381536916	-0.188113401714418
2803.78287980607	-0.1545921054676
2803.96825255586	-0.112974460547321
2804.054022937	-0.106251660913586
2804.10832349248	-0.137728570072795
2804.23949018967	-0.17343281260537
2804.30230218425	-0.209870793404207
2804.5559957333	-0.304708352927264
2804.62247620026	-0.288225494610288
2804.64767512177	-0.335807032316552
2804.72953076183	-0.236915312156725
2805.0079953091	-0.0235725174952677
2805.07107627597	0.0418574316845479
2805.15358354435	0.0719962884991219
2805.40380297094	0.0637059684513588
2805.46213799967	0.0662335498086577
2805.48630513139	0.08260647607176
2805.51014296679	0.0681483117273274
2805.54569039338	0.078534148860399
2805.70570261955	-0.126420525812591
2806.03061435522	0.0383708569429473
2807.80278069551	-0.0121771396729855
2807.8748726304	0.0186934845323776
2807.89719363605	0.00748298187227192
2808.01405055643	0.0505290210580824
2808.06831699476	0.0960468597604631
2808.09434926655	0.0882014697172053
2808.12189333906	0.135432268787554
2808.15830651881	0.140429211144237
2808.20585814065	0.167695697091858
2808.24925959063	0.232859466291302
2808.34815862491	0.305064542026685
2808.3926307366	0.439414946630222
2808.58277895033	0.501149016813542
2808.62639984665	0.433482813306455
2808.75901889467	0.292403263193592
2808.92655904873	0.206326430626632
2808.97412232164	0.254733807663342
2809.03014069736	0.271543840959112
2809.08263116288	0.329339059379436
2809.13521177793	0.499096083386576
2809.36757195441	0.554339302566405
2809.48164826381	0.426586539369055
2809.56403469483	0.390104935638647
2809.64495479086	0.311825947437683
2809.80466433787	0.216464137294224
2809.81594761034	0.194414921177668
2809.85298232437	0.213324358517639
2809.87324831699	0.112877475303321
2809.97624901092	0.0670686372500313
2810.11515104301	0.0551501627128346
2810.16218249998	0.0354450249269576
2810.24794961834	0.476651460542143
2811.49548849031	0.411868890278129
2812.6965270179	0.0303491506906539
2812.74244499161	0.0301102053299473
2812.84591135099	0.596648002852362
2814.47182749681	0.261510501753946
2814.559275681	0.386251735076712
2814.71139784433	0.406483129686421
2814.71911430691	0.508707327395314
2814.88845665821	0.528449430532419
2814.96790469389	0.39730147085811
2815.09803158832	0.282405270255367
2815.1887139108	0.241174315442095
2815.20657531961	0.359756284756713
2815.22187917911	0.261400778077132
2815.24492770471	0.217668766251791
2815.30930455636	0.276749091529837
2815.40472587175	0.572435671624135
2815.72660000722	0.455926354778057
2815.80705083645	0.2428893844708
2816.0694716914	0.111218175215072
2816.13615226175	0.100918761750563
2816.1903025528	0.113646756470644
2816.21908403185	0.219414606838654
2816.28640544168	0.366273924925281
2816.35049865122	0.772426020741477
2816.52900070001	1.20002189023307
2816.73688351988	0.799587585386689
2816.80871626991	0.600024011917867
2816.98057598459	0.497905298446767
2817.18375065714	0.253675656451833
2817.30290780822	0.958324845144034
2818.5757639244	0.718346996706259
2818.91562377102	0.313295622831447
2819.00833758487	0.243269851777768
2819.05585791229	0.238570834748316
2819.14229984726	0.185080559281232
2819.2540767228	0.154075463517529
2819.41156680095	0.0376491422553045
2819.48061061771	-0.0509065225746781
2819.60028654674	-0.139414853478684
2819.72472751804	-0.16067116935892
2819.78901049565	-0.149457674401219
2819.95099447817	-0.0886997060165413
2819.98242363574	-0.0630456133703774
2820.0660892417	-0.052335520296765
2820.12672082608	0.40196633476944
2821.75900349212	-0.181910188687652
2821.89143983229	-0.206645017625306
2822.01178875293	-0.115893979307657
2822.16161416026	0.0540093450895256
2822.28693637457	0.172125496618264
2822.40965174065	0.207671884391857
2822.54571200783	0.526628936411726
2822.69253634141	0.939084187139542
2822.82055617129	1.35249041458292
2823.00005180172	1.17317736483028
2823.1491193587	0.909534305089437
2823.28121752946	0.718754537564109
2823.3829268563	0.615274590791159
2823.48255613625	1.00817971281094
2823.95284613201	0.751629969809528
2824.09328033884	0.770748672917307
2824.22329627948	0.675489563605424
2824.34665177307	0.431475858448721
2824.46466354969	0.0433717406895084
2824.58217583917	-0.15485050497773
2824.71946576977	-1.23463229888284
2825.69167248908	-0.400137815083781
2825.76358312561	-0.542619986475074
2825.83148790012	-0.617860294399179
2826.00923677772	-0.907371425985275
2826.07346852418	-0.924091447753653
2826.12828229329	-0.917283577725811
2826.20140732628	-0.792068271538028
2826.2744358101	-0.610488979362344
2826.32304814301	-0.567548070222983
2826.35918297822	-0.427685173649479
2826.43139208691	-0.326229062585753
2826.48031927227	-0.304843841282946
2826.52318263008	-0.208617065617091
2826.57146121175	-0.280241442700117
2826.61333506523	-0.259116358364736
2826.69236075859	-0.325010057587406
2826.7636956609	-0.444885161529783
2827.00695421824	-0.391759810437179
2827.07303464162	-0.32332551534364
2827.6142233383	-0.0737966041247091
2827.63700952525	-0.588041010298639
2828.20652729897	-0.181536342758136
2828.36353446298	-0.149530355055958
2828.54241488369	-0.0849721573508759
2828.60315383839	-0.126492738183515
2828.66372062568	-0.117296847766738
2828.77136874194	-0.18901393067199
2828.88199149057	-0.400209035561602
2829.10333189968	-0.672926761151302
2829.61058934335	0.0306457501546902
2829.66780632016	0.145309876716965
2830.11328995888	0.00115469384536482
2830.21032887931	-0.140388153822641
2830.40839312066	-0.242261258000326
2830.48040645738	-0.33403861259012
2830.72932792555	-0.230779941036872
2830.84072829628	-0.0914531592970889
2831.20814233037	-0.330082778015367
2832.90883302042	-0.402764986449256
2833.78174677947	-0.281296358019063
2834.07529528001	-0.106986701593996
2834.16501660181	-0.0793484250739311
2834.39971608458	-0.175297676376886
2834.5250253687	-0.29154775130155
2834.65101956179	-0.335052285302936
2834.87962622077	-0.310460413889359
2835.0538617403	-0.485087428725365
2835.22837080578	-0.730234341593132
2835.53785124926	-0.164137397447575
2835.59742399409	0.196869145246637
2835.76898553551	0.351623270122673
2835.9801117401	0.215388941354377
2836.06658019381	0.142250842651265
2836.12919425407	-0.0422951889236174
2837.08963890915	-0.132647046175862
2837.5765324735	0.0197996978477022
2838.12233052484	-0.0840003028174579
2839.02345021956	-0.0961005124449912
2839.25350120404	-0.185777932974815
2839.36328346711	-0.152456939199965
2839.39898315338	-0.122117124317811
2839.53200366716	0.088267276662009
2839.6021618698	0.169628200279931
2839.65091009648	0.272780117413731
2839.71628697373	0.371425557227667
2839.79402469847	0.421385772318899
2839.89612206399	0.387174942170532
2840.16634926078	0.0447579213091558
2840.24961729999	0.0197312925665756
2840.39912752729	0.0372792672274045
2840.47707748259	0.066628669387228
2840.56090158121	0.056463448509021
2841.36347518672	0.210382694477175
2842.3221320861	-0.00353834671841469
2842.585883363	-0.00825032986267615
2842.64015161076	0.145278917487303
2843.43699786801	0.123565842658991
2843.70075831658	0.142280987765844
2843.78895212181	0.136503427980188
2843.94127784941	0.0973964613012868
2844.42813816754	0.0972242122766147
2844.90675586301	0.0231991740392914
2845.02013084643	0.067825527196419
2845.8780612089	0.0170101240923941
2845.96646294742	-0.00302387839565199
2846.11406988782	-0.00988018742782515
2846.26152516723	0.0190286421725432
2846.27514514969	0.0471327110253696
2846.45218798727	0.151490268284306
2846.54401452641	0.157647735852152
2846.70101140942	0.101530497802287
2848.76185044591	0.118249690283847
2848.81628004747	0.140216258258988
2849.05280495567	0.164356661554848
2849.26121854115	0.167113144730592
2849.36800716539	0.151227212869344
2849.65960214534	0.0759905459894981
2850.0696852239	0.105569832655419
2850.47826300606	-0.0360881929823336
2850.79459354009	0.265449740266831
2852.09630306277	-0.0164555748769999
2852.31999635463	-0.0274168841824576
2852.72893583092	0.0020586144560184
2852.78865086714	-0.0896611948569443
2853.3772260931	0.00653097069516662
2853.43602571033	0.0396812194007907
2853.62433930944	0.221664965112723
2853.89528171031	0.289546614513256
2854.08246656668	0.462744181507787
2855.31472664453	0.118779533508587
2855.62748244163	0.0979423325106836
2855.70283943791	0.387231492758019
2856.3195266049	0
2856.33231435867	0.250345416016444
2858.2776706363	-0.0371126704649214
2859.43554550994	0.207391974317034
2860.1576467889	-0.11231262388219
2860.55650372801	-0.103329278005731
2860.95314820536	-0.23966882744071
2861.06195804499	-0.224885069812899
2861.1642472797	-0.177096293092291
2861.47713804609	0.169450441432673
2862.38861605042	-0.002293152951097
2862.39947957391	0.072190720692106
2862.67150921177	0.146746880812771
2862.81321423116	0.146565349794855
2862.93010994669	0.0982555427435727
2863.04076010713	0.134205057843246
2863.97757913094	0.106748255078855
2865.64639559143	-0.0489586350377067
2865.80822817151	-0.0903550111688673
2865.83175473163	-0.109207466213775
2865.92821888296	-0.11726856282894
2866.40303120027	-0.106318039925554
2867.33620004797	0.576054895961988
2867.6801393455	0.245074975963234
2868.51826469699	0.250342211107181
2868.67505399714	0.801984386601816
2868.96928689812	0.837002811209913
2869.18631597669	0.599658589509545
2869.31554519409	0.71766058986168
2869.44422716479	0.802003405437517
2869.55392884112	0.727613597452091
2869.67968760591	0.557330699792146
2869.78861829787	0.443678863046898
2869.83472757136	0.318884995776898
2869.97867262915	0.124517685462251
2870.01520246844	0.049111601297227
2870.06264959408	-0.238634927753083
2870.23771600973	-0.649348248949082
2870.43413483607	-0.40588502458013
2870.52916881733	-0.143364571845268
2870.64298723726	-0.0586217435256913
2870.76738580147	0.102218013935726
2871.33695516511	0.166218851478334
2871.47750605678	0.196622680720793
2871.54645194656	0.292950865984494
2871.88686335195	-0.346926478635851
2872.31345786079	-0.462530744232936
2873.09999736112	0.140810936896287
2875.66563620227	-0.147005047100265
2876.0318282766	-0.218228023878964
2876.21869522907	-0.421739557689307
2876.31421694506	-0.487988611341734
2876.44855876009	-0.505507608705102
2876.73808577644	-0.257486110766877
2876.86581117194	-0.172949930658888
2876.99933078556	-0.639780009756123
2878.03150779119	0.0101469153437392
2878.24770840383	0.00977607903587341
2878.3432796365	-0.471642882223477
2879.11065155818	-0.131700226068006
2879.28195912695	-0.120592020436561
2879.3192900739	-0.138696943713967
2879.36408443502	-0.13249427190658
2879.46534927258	-0.153435811816507
2879.5470009872	-0.194352804239315
2879.63446106182	-0.171998660780901
2879.84074690464	0.117939734019274
2880.10499025161	0.190868113867964
2880.17284458691	0.0926870628663892
2880.25739563818	0.00462012192201655
2880.32986234398	-0.122033831244607
2880.42673504675	-0.255641331192237
2880.49407413035	-0.317899830479291
2880.57775264107	-0.301308018110376
2880.67470735931	-0.261888831809756
2880.73801043015	-0.191924561788255
2880.81566459801	-0.255415724350769
2880.8262962163	-0.168371949211178
2880.94809494173	-0.176167736159186
2881.13216282637	-0.237956330400266
2881.19216593626	-0.430773686709927
2881.32409995161	-0.745694040667331
2881.70597096025	-0.15346404717593
2881.76252665861	-0.155230507745273
2881.87630931696	-0.112194564893343
2881.97983043826	-0.133272023543668
2882.02351772162	-0.164325151401954
2882.07529529668	-0.175104752821881
2882.11409356018	-0.197066021572482
2882.16007987072	-0.269746403481349
2882.2760591751	-0.335234972209037
2882.57458481565	-0.0876579167224918
2882.73067783201	-0.0563179865507664
2882.79684054365	-0.0723781703413806
2882.89499298808	-0.0670817326472388
2883.1466835385	-0.0285582887731834
2883.30323903785	-0.0237682351621515
2883.56472178997	-0.135371543176916
2883.67504434679	-0.397819965335657
2884.15961481941	0.0284931646451696
2884.25528322101	0.0497197686418076
2884.4582740883	0.0514901737305991
2884.55433647792	0.0371584256567985
2884.87054302667	-0.0558849402355008
2884.94944723627	-0.065935052245095
2885.08517938872	-0.0579495890756334
2885.14948942084	-0.144718073285276
2887.41527650855	-0.29710600731687
2888.01850554277	-0.209750570973029
2888.36586715003	0.0142567628968209
2888.43700188451	0.0265451752306944
2888.5082301074	0.00497373736561713
2888.5427304581	0.0219911777658126
2888.65421787325	-0.0996399681289404
2888.80725124172	-0.189040423662846
2889.10602474624	0.0410507435121872
2889.24903692591	0.0209162907949576
2889.41613751671	0.023463039768103
2889.55285269223	0.0716939423818985
2889.68490461977	0.142131922864337
2889.7627419554	0.222098842225932
2889.84629252838	0.270279666215629
2889.92423642597	0.288282969638658
2890.00751117806	0.326520705591975
2890.18461055297	0.445463005401507
2890.30873234721	0.54908322135725
2890.58187862052	0.192375944126979
2890.72205145232	0.0607620223918275
2890.85496353714	0.252720353432778
2891.27744607274	-0.0220390977774514
2891.51919673438	0.139176189733462
2892.13504808102	-0.0323053975321272
2892.25553410148	-0.0572455968790564
2892.50254089955	-0.0646775754739792
2892.62271868688	-0.123465337309426
2893.167609814	-0.273329038296652
2893.38993028404	-0.400067171651699
2893.48254459801	-0.545307052256248
2893.55939000427	-0.568913998193239
2893.61473131549	-0.750890458687081
2893.79756791505	-0.63229687945659
2893.92195126285	-0.500269854665476
2893.94247939127	-0.52237298378941
2893.990651049	-0.420031082954665
2894.03840339833	-0.451650558462461
2894.11703127775	-0.36246607287012
2894.22644529093	0.274549337009375
2895.10287978507	0.136760890721689
2895.15899546084	0.146294297510394
2895.21441284458	0.199089116838422
2895.25097365113	0.192032673634912
2895.30932217509	0.261658390191769
2895.48896264222	0.33053445328369
2895.58225633818	0.289829013021063
2895.71499793061	0.109486356158868
2895.81805014584	-0.0589989941190652
2895.91404136778	-0.130372813820941
2896.01001009913	-0.155115667385871
2896.03436179106	-0.145225259548624
2896.173412037	-0.371003724572802
2896.74101160234	-0.0809998028448717
2896.85998749704	-0.0335330309803794
2896.97921315492	0.0363417849657708
2897.26892869724	0.0353102383223813
2897.41931599076	-0.072439115094312
2897.51816936913	-0.259501575425929
2897.63770567467	-0.402452990827442
2897.85776899061	-0.342652315985106
2897.89507320494	-0.37528110541416
2897.91817987976	-0.359621071215315
2897.98468321968	-0.368111239423342
2898.0834855822	-0.34914880342285
2898.09981893226	-0.360386837277929
2898.21194989456	-0.231498260384342
2898.30531985032	-0.174591405190313
2898.31417705998	-0.150012015151333
2898.3532999785	-0.136302314989734
2898.45905797648	-0.000944225359035045
2898.51349283689	0.0342540583251321
2898.57256147666	0.106308744068883
2898.85023918517	0.154884217205108
2898.95935468369	0.161485524159161
2899.05433684693	0.629874575520262
2899.43815378202	0.50961495483898
2899.58157736336	0.324843275964668
2899.83693223439	0.164061330893674
2899.87721894129	0.685743034815459
2900.84831580213	1.23891255961098
2902.42965503712	0.559975673954341
2902.70303732436	2.03551180239629
2903.1532289517	1.7105885029132
2903.47428853333	0.7578522284266
2903.66009319103	-1.43189413546406
2904.3216825209	0.309005568051816
2904.34958304222	0.371581081435579
2904.47017801395	0.50029366820263
2904.53094854955	0.50861080460345
2904.65559451579	0.401281650741566
2904.88390651429	-0.0586538209295213
2904.94325423231	-0.08611820221995
2904.99253917777	-0.131245557955481
2905.04749449293	-1.46163451600387
2906.27440481222	-0.443130985034259
2906.71151863338	-0.141415060263625
2906.76295394448	-0.147979926632615
2906.82323971783	-0.12299153209733
2906.90027211797	-0.162978054554515
2907.00415528129	-0.158292953256932
2907.21363813164	-0.208034871617201
2907.27516404843	-0.275657693075118
2907.41372425883	-0.377238051641598
2907.61814557046	0.308751679689067
2908.25799771914	0.0341118345245377
2909.28961450387	-0.246123488590911
2909.55094765146	-0.269483242749629
2909.60738672283	-0.401541443120095
2909.79021547429	-1.01287415849856
2910.18299843877	-1.87970750156001
2910.66666289551	-1.0115469122652
2911.42912836945	-0.196941933465951
2911.65675187274	-0.902315154485223
2912.47320028479	-0.851066330175399
2913.38028749632	-0.117416183676596
2913.52689109435	-0.608303803483977
2914.28748675156	-1.29394097735803
2914.7565546533	-0.270399409018864
2914.90216550396	-0.130034531179263
2914.96338067985	-0.558505931742275
2915.67806050851	-0.139504211702388
2915.92503896795	-0.357362648246635
2916.29475903227	-0.106764432158798
2916.73013287486	-0.268768279087908
2917.32548844819	-0.235425543000019
2918.3598099131	0.0837224199058255
2919.13524027088	-0.00910054524229054
2919.23703642915	-0.0830854573505349
2920.86926167451	0.0748186999867357
2921.44360752945	0
2922.60083114159	-0.0576345640238287
2923.59495265805	-0.0759143399864115
2924.34969472649	-0.204915301096207
2924.96005122524	-0.0885859807758607
2925.35000617543	-0.0805753195368197
2925.52971540521	-0.130803894351175
2926.15228026461	0.0208176317401012
2926.30660743622	-0.212762616176406
2926.31099421153	-0.02310249959055
2926.36466711909	-0.159003033950285
2926.56896891834	-0.227080615994055
2926.81013078589	-0.0647603637048633
2926.92096169362	0.051258714807318
2927.03683279103	0.111871478321063
2927.17822694015	-0.0171029275970795
2927.59505310476	-0.180284923842919
2927.90936092712	-0.0111271760965792
2928.20624687521	0.0883042871314501
2928.32992763453	0.111580101961863
2928.49012885479	0.119847559009941
2928.56693116036	0.11190783663551
2928.64104970042	0.06995907958526
2928.86404500606	0.0178585531457429
2929.10928812164	-0.0111199429625231
2929.1282134636	-0.0444061058933585
2929.13616773945	-0.0183666354105299
2929.15259965836	-0.0408946242423553
2929.29938708012	-0.0659207101493848
2929.33463735368	-0.0901697606432208
2929.57449920453	-0.139698194453558
2929.60746608426	-0.159662634007418
2929.6296011232	-0.145180361289476
2929.66300777781	-0.149304917621976
2929.8404707761	-0.0600013976672926
2930.06544835124	0.0214272995394822
2930.09094878386	0.0450462131857421
2930.12244700787	0.0481922817057239
2930.17250323152	0.0990315841140728
2930.35552495864	0.00905159485228069
2930.60618242028	-0.0526071342346768
2930.78685994701	0.00686749662554575
2930.85920418356	0.0762192469687761
2930.92293894762	0.165571713870122
2930.99333068126	0.45494818302268
2931.3402958456	0.222283748340942
2931.45293319986	0.127349139574108
2931.50047462874	0.0050942119814863
2931.88673784611	-0.0980590600802316
2931.94353414127	-0.234134387430458
2932.27498725426	-0.158505362341657
2932.46716361291	-0.0701120443727632
2932.53392696095	-0.0551933216042926
2932.59227150467	-0.0450087631688803
2932.61876565993	-0.0612487631610747
2932.65294320921	-0.0433154675042715
2932.70347022842	-0.1005847645215
2933.12539528601	0.055933259543508
2933.32154750013	0.302642329760602
2933.88376825572	0.111964372545572
2934.0092636721	0.185221388888749
2934.10839982395	0.220392968087253
2934.27591553342	0.195562633864483
2934.43021944189	0.133561725389427
2934.47622851584	0.185764724088585
2934.51407217433	0.160596424377218
2934.55413331507	0.189220195838971
2934.626022155	0.287922799143871
2934.71548413604	0.454062349725518
2935.18648378579	-0.0740074797222405
2935.24627142613	-0.16793275476175
2935.3110852289	-0.191978710374769
2935.34557614846	-0.274918306797645
2935.39604439458	-0.306248585966387
2935.50150674656	-0.419733084311247
2935.53795102989	-0.564713640969785
2935.77146733422	-0.51855297694874
2935.85676030304	-0.00193308786174384
2937.1187807932	-0.469834960180378
2937.38477860543	-0.118515563323399
2938.00569650787	0.0277151801524269
2938.81056511837	-0.0990903046290441
2939.06741670539	0.014756794000732
2939.10071475415	0.085869259750325
2939.36890162301	0.112744361452769
2939.5588053481	0.0730474760180186
2939.58772893513	0.0525719078354996
2939.79768433273	0.0482385320374306
2939.80445018962	0.141261596033019
2939.99766529851	0.192347935522776
2940.26066212167	0.0083967733139616
2940.35073968312	-0.0307653077752548
2940.40454363149	-0.029423394314108
2940.54442724147	0.0287813389845724
2940.62901330973	0.134804246194562
2940.66434709571	0.28233549289871
2940.80890548103	0.390131731689507
2940.94273807593	0.321220908028408
2941.05509985746	0.175750598846207
2941.14124740257	0.123483746948295
2941.16549709523	0.0654865664469071
2941.26711222869	0.0304881779684365
2941.31891343567	-0.0133958500423432
2941.38304712121	-0.0234491178293865
2941.51687020551	-0.138019858778534
2942.05782875789	-0.169591348917038
2942.32918669137	-0.247793129650745
2942.78349729667	-0.0878543182366229
2943.12781077432	-0.098863046844599
2943.32907484524	-0.0631920116888978
2943.34883131958	-0.0325041836681521
2943.41710442602	-0.00234621259232881
2943.45464826261	0.075731107487627
2943.51423325711	0.13254505283885
2943.59431069158	0.245658001816082
2943.74275619281	0.280971945525835
2943.83289717042	0.266537268737466
2943.86058484991	0.235384911563415
2943.90025924235	0.228465310429328
2944.10084216242	0.0623631002767979
2944.20885614405	-0.00178570884008877
2944.25031274816	-0.0414577370720508
2944.40741521	-0.107955310068974
2944.78860006041	0.0357744304683365
2945.2044935571	0.042296922550122
2945.50373634811	0.025108930960414
2945.54442431115	-0.0288762629411394
2946.64836054902	-0.0255768300435193
2946.76621937585	0.0555177154246849
2947.44686817953	0.137179651615043
2948.07085072901	0.0742075313705755
2948.17861242383	0.111208479393099
2948.44216654961	0.13327958181344
2948.74063238797	0.100278649932534
2948.82572446084	0.102440261783613
2948.8965607279	0.12882878912751
2949.11203678652	-0.126956145405529
2949.62537737695	0.246353271686985
2949.73288911817	0.231349237252743
2949.93640289299	0.0825083587192239
2950.05606512683	-0.0315651883424835
2950.10327970593	-0.0439356887886788
2950.12772276851	-0.0893898471222201
2950.22329352377	-0.110302387426145
2950.39073038296	-0.0434769131102257
2950.45085617717	0.0343963551422348
2950.52328412286	0.0954591605568567
2950.64324909146	0.140061022866121
2950.72704220688	0.128046611345326
2950.79861363341	0.0451705145510459
2950.93619060621	-0.251314155108957
2951.2164260626	-0.00138777053143713
2952.05037264869	-0.0281986813674848
2952.14620534621	-0.0589410574034446
2952.21706346281	-0.112489052672572
2952.38248604798	0.0729359378260597
2953.0554401505	0.0573298058661749
2953.17657818497	0.0341136783231377
2953.2255060683	0.0111287076447297
2953.3920134955	-0.119993279964547
2953.52882370589	-0.117298141527499
2953.67444589325	-0.0432144494225213
2953.78424270896	-0.00934104265752467
2953.88030347523	0.0692479046888366
2954.07415163948	0.114415659673341
2954.23056867152	0.086101338505614
2954.37610239867	0.0156088149092284
2954.64256275279	-0.0544108862613939
2954.74456278403	-0.0941985663321248
2954.77327029655	-0.137283499500882
2954.92912212326	0.0549984705703537
2955.59259218287	0.00169024743536283
2956.4824146897	0.134684458023912
2956.68737989047	0.0863319738709833
2956.9302828978	0.0669664649931292
2957.01458229519	0.0166539410793121
2957.08665022714	-0.114690004870681
2957.30810752965	-0.178137688881634
2957.34316660131	-0.203637008087298
2957.64615244996	0.0166418608878303
2957.905628951	0.130022702123824
2958.00123936177	0.147182500956205
2958.08559866393	0.138458387985793
2958.19283724314	0.0913031447430512
2958.28864382197	0.0077114815189816
2958.52336516896	0.0634582687939655
2958.98287479087	-0.0883926139390496
2959.21061315959	-0.062366013810788
2959.39932109608	0.160509686251771
2959.77802845971	0.0534984945211363
2960.18009632806	-0.131556528298916
2960.24013734953	-0.145087696035716
2960.31157794735	-0.138578322590547
2960.59926653117	0.0503622664800787
2960.76690226883	0.0915665003490176
2960.85125363378	0.0644285623839096
2960.97046476111	-0.00181062979208946
2961.01939229281	-0.0735307546356125
2961.11633472709	-0.134441975132177
2961.33912603257	-0.0448760734393545
2961.41090017818	0.0698468671844239
2961.471536341	0.125215071347611
2961.56741559892	0.206186845618049
2961.65183081506	0.235984902604741
2961.73579424064	0.214256707468394
2961.813939437	0.172798473059629
2961.95101544316	0.011051977119223
2962.21535655939	-0.0301985147852974
2962.29809891521	-0.0162829806631635
2962.31032576559	-0.0537537672475992
2962.4664480775	-0.0681541317417214
2962.69430272253	-0.0504840269964006
2962.9339724236	-2.19701669266215e-05
2962.94111885035	0.0198030857859521
2963.16146680573	0.130250466385405
2963.4972733842	-0.0140357838831733
2963.5691694909	-0.0573854750218743
2963.69759680991	-0.0521397768279712
2963.79227286627	0.0429345998850295
2963.96098118601	0.0845094332362351
2964.27794750675	-0.200737277401913
2964.38415433645	-0.249859370850572
2964.47955112012	-0.248216158383457
2964.66842759758	-0.174944978868098
2964.70395572	-0.184410668349301
2964.73909238534	-0.0545070305724948
2965.15403510482	-0.033873165942623
2965.29673459076	-0.0427527088836541
2965.32677302746	-0.0268849690996831
2965.59486240201	0.0256010821744894
2965.72503554312	0.0220632560926788
2965.8446437041	-0.00302208424136552
2966.10120736632	0.151797691249612
2966.73490630717	0.101523981554692
2967.05714209679	0.0274497931982296
2967.76119841309	-0.165234134027287
2967.92789171177	-0.136417659699418
2968.07268793755	-0.0408514256141643
2968.44093891015	0.0250146896587466
2968.51264612887	0.0523920393206936
2968.67175682334	-0.0620985629934694
2969.90855113895	-0.0477101998530998
2970.19938929518	0.183924379779455
2971.07052798383	-0.0312722428334382
2971.3319025614	-0.211493469457764
2971.75013913201	-0.239881498444447
2971.88162167811	-0.278276583598654
2972.00033445028	-0.280844467180486
2972.16837842276	-0.177314167801342
2972.3957814019	-0.00814289137269952
2972.61031410877	0.0252021126375439
2972.86199369707	0.0872485389736539
2973.49829908729	0.0616298626159733
2973.66530412849	0.0894259478736785
2973.94084547156	0.0529674732338208
2974.01645001815	-0.0348456789561169
2974.55655346496	0.164598519507308
2974.84132365329	0.0118417289413628
2976.18018330601	0.0595195996265829
2976.42415123666	0.0515346455154031
2976.43718679821	0.0787412193872115
2976.50977680285	0.10879829516125
2976.61693732811	0.187568690510943
2977.0077105191	0.00339291637010319
2977.07147869088	-0.0117306296415336
2977.14550124357	-0.0208772080463859
2977.24295129563	-0.010466230390648
2977.27936148897	0.0298064129437989
2977.67113108651	0.0141063031996964
2977.67577661522	-0.199449030738378
2978.36432657993	0.413682106049237
2978.70321766375	0.432327645095938
2979.0933060019	0.119790986538646
2979.15382416522	0.0883792127174274
2979.18799584516	-0.0343101700500483
2979.39687535787	-0.224735646068439
2979.44548343545	-0.470853221757352
2979.80399268123	-0.238438188132022
2979.81591392716	0.1031996153406
2980.27091765121	0.1225539200409
2980.42628792785	0.0259821762806496
2980.55715905467	-0.00808267240017813
2980.58151942342	-0.0693111244559077
2980.95250623081	-0.0246715219727776
2981.38388380104	-0.117725004668955
2981.40559418943	-0.0899446196585814
2981.56193920704	-0.190388260527925
2981.89601493343	-0.0868321426723924
2982.3960170085	-0.164174055617877
2983.00071105346	0.0549183995367457
2983.39009349091	-0.0110065225658218
2983.57184260996	-0.0648113356851354
2984.58182444921	-0.0373155641855192
2984.60178062075	0.0763403105802354
2985.42688954557	-0.0896139781380043
2986.19490986722	0.00863075310780914
2986.30179807239	-0.000219557630316558
2986.33248901358	-0.0418229710944615
2986.59643420315	-0.0111747578112045
2986.66571237392	0.0361004220612813
2986.73300520016	0.171136520815253
2986.935725269	0.331938019144218
2987.00149740604	0.361545217171624
2987.08320357677	0.345955348198459
2987.16323400771	0.276215750567644
2987.24407547583	0.121507522328557
2987.40121310584	-0.0955842041880715
2987.49172563808	-0.13831669790352
2987.58676969014	-0.153549678737363
2987.7104603073	-0.130121354876792
2987.77259715078	-0.0945304255351402
2987.8891792867	0.0543130787418704
2988.13942303951	0.23342676676566
2988.21276562521	0.33519078315976
2988.47685137832	-0.00247769289353528
2988.8287274799	-0.200295363003988
2989.24720406442	0.0964108478228809
2989.83893668977	0.000309108595502039
2989.96844079146	0.0417840899626754
2990.33720783906	0.0168226838932242
2991.38872207039	0.506368013334395
2991.49088153797	0.501919538374295
2991.775312201	-0.0692187439694862
2991.82018528561	-0.279060968987324
2991.94923265235	-0.297519935934361
2992.08377947738	-0.186270784814042
2992.12980584171	-0.111649092364587
2992.19472764502	-0.0654991241117386
2992.23848526018	-0.142220642055236
2992.32766676396	-0.153385250481278
2992.37556214833	-0.269601254830377
2992.46190445936	-0.336076383467116
2992.56107974547	-0.312922980014264
2992.69278777185	-0.13031583692873
2992.74090756778	-0.00954282425936981
2992.79442968146	0.0313462383719525
2992.9292332685	0.00478232942396062
2992.97681730004	-0.0225122563833793
2993.08548631567	-0.155537872363766
2993.14830777683	-0.195946927132354
2993.1957796953	-0.20955637589941
2993.33584747109	-0.153437599914469
2993.39709321366	-0.114671447765431
2993.44811433718	-0.0603700693977771
2993.48950937886	0.0132604473210449
2993.64305831973	0.0365194192236231
2993.75340111527	0.01596039312426
2993.95868269489	-0.0909045088978928
2994.30514550456	-0.166423759829286
2994.63102208779	-0.0621993327408745
2994.97089881051	0.224888687808743
2995.32184756244	0.0785386681727687
2995.43945753433	0.0517629933633543
2995.46506703486	0.0058246511721336
2996.45449611483	-0.0716959889045938
2996.56588048624	-0.101861923996239
2996.71147657925	-0.120202057993083
2997.09136634159	-0.126484405411702
2997.12747252901	-0.143139094494927
2997.24850807145	-0.136830189777811
2997.28291339768	-0.11149771864666
2997.45836015172	-0.0698147159610016
2997.56437696022	-0.0286821810309448
2997.66392461124	0.0396623144511068
2998.04491696814	-0.130995717968744
2998.37666668757	0.0825921933455902
2998.49420735958	0.106411094037867
2998.54560608041	0.167831252144879
2998.57626021435	0.162511470961817
2998.68541776826	0.181751400358735
2998.81756053259	0.2362454809886
2998.97130922631	0.172938196202722
2999.12625587778	-0.0089085033300762
2999.22070653501	-0.0730041222886939
2999.26984316949	-0.0873506550083221
2999.43518600603	-0.0898431901509866
2999.70000415033	-0.0337171580204085
2999.84698544801	-0.03918940464564
2999.95892046603	-0.0679535286908504
3000.05810398512	0.0497814901755191
3000.22489453188	0.205103368534765
3000.31286423498	0.251053758162016
3000.50696101154	0.164734752272125
3000.62839753539	0.0463278528000046
3000.76923481727	-0.240534145141737
3000.83452541293	-0.407810278029956
3000.94202209873	-0.371288590677977
3001.15804307141	-0.167166453324171
3001.19218645875	-0.0801425033037049
3001.23630388519	-0.0814787317676746
3001.27561947901	-0.0300529930168523
3001.31053134814	-0.027251209186943
3001.35045075029	0.00496808242724001
3001.39676372166	0.0791587908743168
3001.62928424143	0.101851983051347
3002.1198670083	-0.130426978369087
3002.29369640131	-0.122894534984425
3002.69568703576	-0.204557281474081
3003.34577406148	0.0841222132571602
3003.67257818439	-0.101777429649701
3004.06962081272	0.0307370333343897
3004.2234998492	0.0428646658010621
3004.52249310371	-0.0832836593722277
3004.66536028979	-0.193648418411158
3004.81722497214	-0.206122964320457
3005.22991883922	0.228732118283915
3005.30856125491	0.260101581708568
3005.5365136072	0.193179344616055
3005.62295356841	0.307741407162666
3005.87711936256	0.539965900077732
3006.06115969979	0.456032644069637
3006.15139065792	0.376145242718394
3006.24091618981	0.359768062663534
3006.32322071929	0.317355846557348
3006.48348065529	0.142275394042372
3006.77842882216	0.268027656100458
3007.16508324704	0.0148036120144752
3007.43505998591	-0.0237465358713962
3007.45192090105	-0.00360026175394523
3007.57000199488	0.00687656575837536
3007.65542562167	0.0428593726660438
3007.77613923392	-0.0795013080542049
3007.81811233561	-0.1406488328862
3007.9619118438	-0.581097845997192
3008.04504645568	-0.727144344798035
3008.10941262157	-0.746847548378355
3008.22851480657	-0.538255123602084
3008.3161137932	-0.210484261052443
3008.46013908326	-0.00656041336060298
3008.5318895211	-0.373843370200575
3009.30262341466	0.115833562960688
3009.44420187863	-0.0218750309436473
3009.5924551316	-0.228452935708901
3009.85595830705	-0.122214832625559
3010.0137727622	-0.000135519831474085
3010.08390371145	0.111588861360815
3010.31765199412	-0.04155937425503
3010.68599602583	-0.555485917088845
3010.76076220263	-0.723897998134817
3010.95207421998	-0.663201148185635
3011.05857707708	-0.328039984330644
3011.40768530503	-0.014030041676051
3011.92995332239	0.0232682916634985
3012.19729532255	0.0882450393896761
3012.46595499211	0.100986883500354
3012.82998407023	-0.0356292826868412
3013.00061762269	-0.0849319105459472
3013.09411072672	-0.0949830867148194
3013.33215785374	0.31944871155747
3013.50667850613	0.65789106427701
3013.59152818332	0.96523708034556
3013.80285653773	0.751979221455713
3013.87954166509	0.541832584026452
3014.01410324205	0.260266382937061
3014.13671890053	-0.256793369002935
3014.29668822581	-0.759372225091283
3014.62126446295	0.031358016280592
3014.96094140847	0.0481476302211377
3015.02332717901	-0.0170201914161225
3015.20036543098	-0.0890335564331508
3015.52231811423	-0.0490729077223477
3015.57532472031	-0.0200124333191525
3015.76913639917	-0.00103113969544211
3017.96937047803	-0
3018.23069779466	0.0743165667304311
3018.29662879262	0.160028338756092
3018.35952385643	0.198576233571202
3018.42370755609	0.274100860019189
3018.54115357535	0.553566322028473
3018.65658131249	0.694634174728435
3018.69950112273	0.792219925674999
3018.83895107073	0.698754689578436
3018.9981947737	0.510975017527471
3019.05878354169	0.358785527676446
3019.18616870156	0.347118364355538
3019.22553888218	0.298338175750814
3019.28316109048	0.323319628229001
3019.34730115484	0.287847816750855
3019.42604996622	0.281547529350519
3019.50392634194	0.14492307067303
3019.83219645158	0.193532045094344
3019.90113785786	0.234246288066515
3020.02194021609	0.0483343608093492
3020.18435024071	-0.305091977907523
3020.29541345496	-0.388141908164471
3020.40693698864	-0.295843516875266
3020.51647407535	-0.102886855710494
3020.54387671981	0.00940625815246676
3020.62468519369	0.20533918732599
3020.79276201781	0.211598515483729
3020.92568905015	0.174446604983132
3021.14542457277	0.157332221560409
3021.42866602896	0.0502599362416731
3021.54715663002	0.0646874772269257
3021.60189612107	0.121500737562656
3021.65317989551	0.139087226841184
3021.75903864072	0.229807698356126
3021.84166951624	0.251629291244626
3022.04255657535	0.263208705992838
3022.46030899037	0.0590163172591929
3022.59440536823	0.0459086386495073
3022.98417352302	0.135318631934751
3023.01851859532	0.131349099419822
3023.05137947037	0.147382918688436
3023.10550364438	0.22414933936534
3023.28886089883	0.230125717211195
3023.38909693846	0.143361396307228
3023.61902108124	-0.00583420425391523
3023.68537523173	-0.0174389061708098
3024.11115072637	0.0328262496736897
3024.33926770483	0.00225194563563491
3024.36142253701	0.0192933075700239
3024.37744946172	0.0024499445253241
3024.5106407323	-0.0346014596602799
3024.6019545662	-0.0823603212884336
3024.65880491972	-0.143710710039159
3024.69870864021	-0.217535626235986
3024.77608692136	-0.26000282503901
3024.84943114169	-0.185309390677958
3024.97707810057	-0.095096254272903
3024.98047872586	-0.038998545461709
3024.9909208846	-0.0621152445746702
3024.99950634992	-0.0476499958299428
3025.03752500644	0.10029169310792
3025.14382488484	0.196116006153716
3025.18019746409	0.264950249744743
3025.23212446341	0.310950183342811
3025.29363414498	0.294240262436233
3025.48066840549	0.199940148754195
3025.5219012387	0.129582108717386
3025.66209695405	0.0409915886002636
3025.674054666	0.0631187534477249
3025.68274240143	0.011626459647232
3025.86565685829	-0.059872327593439
3025.92267508354	-0.0629931012999805
3026.02843863331	-0.0429314959751537
3026.0599669965	-0.0323702611703993
3026.07233964486	0.284508634634221
3026.38026197167	0.565727522520774
3026.47490533612	0.631340185350837
3026.57926763195	0.589730669781147
3026.6680437103	0.483437438763303
3026.85248783406	0.398155472938925
3026.91448884308	0.346980297766095
3027.05439781139	0.567867607720018
3027.08900117938	0.644497878893617
3027.12615979477	2.12788030718775
3027.4066412255	1.30815173365954
3027.55165859265	0.572158278901952
3027.65807412021	0.380116451576669
3027.67662849511	0.447087811245183
3027.69583924494	0.406445832821191
3027.71021874537	0.415800832666719
3027.71768886137	0.532979282007545
3027.87095990835	0.577597877595963
3028.01460344068	0.441157710105472
3028.03322385208	0.402863971039551
3028.05030810087	0.540232772203581
3028.06802920869	0.359144038646264
3028.19471573667	0.377276938489103
3028.24367286262	0.273658384640839
3028.24614437124	0.343903985388806
3028.32606456784	0.389182139354034
3028.33885153175	0.479579027680757
3028.3905522078	0.632490165728996
3028.55367380486	0.590791623529185
3028.61601023937	0.906767290157404
3028.6645225779	0.84533182445648
3028.68160002262	1.05342007373156
3028.69174145134	0.967713041679872
3028.70562057353	0.952411632377334
3028.72407674529	0.983781988826649
3028.73302210986	1.32861970369459
3028.77823498993	1.4043574007419
3028.87003254101	1.4412326008669
3029.00028230488	1.24930261720192
3029.00740718812	1.18797390123927
3029.04330457968	1.13154035530761
3029.10741644323	0.938498405484552
3029.11454133149	1.28937583694369
3029.11837678001	0.88976777739208
3029.1410499204	0.774997323816024
3029.19064433898	0.624527932667206
3029.23650121061	0.34681225803206
3029.26591791311	0.02984314538935
3029.32473697929	-0.184024839918493
3029.33670646038	-0.591841526120334
3029.49263545672	-1.41276083268394
3029.52524349335	-1.38692345181062
3029.55885253768	-1.31517062956391
3029.65604668872	-1.29899099800059
3029.67093349601	-1.0415537920876
3029.71294315136	-0.946838260540972
3029.75171152003	-0.654135945733287
3029.81890471257	-1.02952841479282
3029.84387907975	-0.366256501815769
3029.921293877	-0.236694377932963
3029.9894242727	-0.194992436257053
3030.01604061594	-0.0713663545388954
3030.09613019497	0.0923933888116153
3030.1472923548	0.0125848669081279
3030.17019365731	0.167668179254633
3030.31858543312	0.230155026000375
3030.47740373007	0.249247394809572
3030.6354634261	0.131508985954952
3030.64015822446	0.175111411107991
3030.67565264963	0.043916941315274
3030.7130437711	0.0100804187395624
3030.73596992946	-0.0706954990941995
