torque/rpm,0.0,20.0,40.0,60.0,80.0,100.0,120.0,140.0,160.0,180.0,200.0,220.0,240.0,260.0,280.0,300.0,320.0,340.0,360.0,380.0,400.0,420.0,440.0,460.0,480.0,500.0,520.0,540.0,560.0,580.0,600.0,620.0,640.0,660.0,680.0,700.0,720.0,740.0,760.0,780.0,800.0,820.0,840.0,860.0,880.0,900.0,920.0,940.0,960.0,980.0,1000.0,1020.0,1040.0,1060.0,1080.0,1100.0,1120.0,1140.0,1160.0,1180.0,1200.0,1220.0,1240.0,1260.0,1280.0,1300.0,1320.0,1340.0,1360.0,1380.0,1400.0
0.0,93.0,94.42659185951335,95.5,96.29011221072996,96.8668162809733,97.3,97.64947766946946,97.93476964059826,98.16532277699233,98.35058394225763,98.5,98.62181682416846,98.71947633008408,98.79521944341097,98.85128708981323,98.88992019495498,98.91335968450034,98.92384648411341,98.92362151945831,98.91492571619914,98.9,98.88078419525264,98.85801372125901,98.83212289604883,98.8035460376516,98.77271746409703,98.74007149341467,98.7060424436342,98.67106463278516,98.63557237889722,98.6,98.56464639482103,98.5292687848798,98.49348897239376,98.4569287595803,98.41920994865688,98.3799543418409,98.3387837413498,98.29531994940099,98.24918476821192,98.2,98.14753022546321,98.09211113922166,98.03422121437607,97.97433892402707,97.91294274127539,97.85051113922165,97.78752259096657,97.72445556961084,97.66178854825506,97.6,97.53943270332614,97.47988665823348,97.42102617010191,97.36251554431134,97.30401908624152,97.24520110127241,97.18572589478384,97.12525777215566,97.06346103876778,97.0,96.93453896123224,96.86674222784436,96.79627410521618,96.7227988987276,96.64598091375848,96.56548445568869,96.48097382989806,96.39211334176653,96.2985672966739,96.2
2.0,92.0,93.73146737108414,95.0,95.90279894337375,96.53706525783167,97.0,97.37403032963762,97.68248781903415,97.93393014361186,98.13691497879306,98.29999999999998,98.43082383361855,98.53334890988911,98.61061861001559,98.66567631520199,98.70156540665228,98.72132926557033,98.7280112731602,98.7246548106258,98.71430325917107,98.69999999999999,98.68427924696779,98.66763854453455,98.65006626981176,98.63155079991068,98.61208051194285,98.59164378301955,98.57022899025225,98.54782451075229,98.52441872163106,98.5,98.47455917851029,98.44809691197263,98.42061631073742,98.39212048515515,98.3626125455763,98.33209560235136,98.30057276583081,98.26804714636503,98.23452185430463,98.2,98.164484038991,98.12797380757496,98.09046848723864,98.05196725946871,98.01246930575192,97.97197380757495,97.93047994642457,97.88798690378749,97.84449386115038,97.79999999999998,97.7545046655257,97.7080078577275,97.66050974030803,97.61201047697001,97.56251023141601,97.51200916734875,97.46050744847086,97.40800523848499,97.35450270109385,97.3,97.24449729890617,97.187994761515,97.13049255152913,97.07199083265124,97.01248976858398,96.95198952303001,96.89049025969194,96.8279921422725,96.76449533447432,96.7
4.0,90.81803513020446,92.40652113027777,93.61279649612361,94.51327972779993,95.19770261525963,95.7282520815446,96.17296777615873,96.56444560300937,96.89787879529537,97.18207503462597,97.42344742040297,97.62774802394112,97.79476902821821,97.93511277826055,98.04250364451701,98.1238100088647,98.18440451585612,98.22471350670546,98.25075979881454,98.26839367155488,98.28000616164023,98.29320964415263,98.30377672674653,98.31450001484583,98.32490110721423,98.33419139221051,98.34201117788807,98.34924064693192,98.35485167789108,98.35774489604577,98.35885958654268,98.35993884160173,98.35514339038727,98.3529240585549,98.34431984876926,98.33890774392067,98.32685755447449,98.31617563795524,98.30354721688869,98.29292355265895,98.27486499230874,98.26175465516721,98.24348966306383,98.22842587799408,98.20645385660517,98.18772754702115,98.16980301394511,98.14367567425003,98.12272782726383,98.09641424366727,98.0713321982068,98.04309663733548,98.01270903122723,97.98552822746754,97.95291300501694,97.92187334424298,97.88479457895173,97.85401748791026,97.82070190881456,97.78071196831694,97.74561768297224,97.70917337991798,97.67347996799667,97.63366343814891,97.59478473090007,97.55904916008384,97.5197260136716,97.47835279530074,97.44056063125328,97.40618779585212,97.36419160616494
6.0,89.34672951685717,90.53857244445152,91.54086523377963,92.38554722912815,93.11361699410486,93.74071824457202,94.30187990893074,94.81124071404788,95.27045509962448,95.6805025708552,96.0414242881229,96.36067290439502,96.63806499182533,96.87897744166045,97.07738249188752,97.24245005702966,97.37426175371043,97.47849043563208,97.56080271056884,97.62961548699096,97.68883944876603,97.74716316996063,97.80144969207933,97.85441950814311,97.90494126947924,97.95310327655838,97.99897181826725,98.04248407984588,98.08346455300557,98.12052842092461,98.15485966829743,98.18908068372554,98.2148756048139,98.24421654485012,98.26432020819544,98.28830280221337,98.30278824193152,98.31833502279054,98.33040056409263,98.34414513409531,98.34709829379496,98.35550876354036,98.3559291860612,98.36007045315307,98.3546763537895,98.35334034304611,98.35322414515828,98.34232177091558,98.33948968093833,98.32967876218098,98.32282868262729,98.31314043005163,98.30185089216153,98.29596234541138,98.28361775641112,98.27426057514248,98.25775297416001,98.24999015997702,98.23986781832542,98.22098084412535,98.20853989087175,98.19491224318706,98.18265548690064,98.16382517678028,98.14610229117518,98.13351326695293,98.1139889223706,98.09221635643574,98.074676041846,98.06046007037388,98.0349938025677
8.0,87.49879706081879,88.38863498005863,89.24990954358877,90.07547228644397,90.85799350600539,91.59915584103305,92.28857408049662,92.92592730340417,93.50959036680138,94.04304314462371,94.52970384122993,94.96689969982246,95.35624162181018,95.69851744631956,95.99858306694388,96.252814656749,96.46623193239718,96.64373937709473,96.79364285458759,96.92201399783086,97.0372845217649,97.14404557985056,97.24562969729142,97.34085525151704,97.43090616832518,97.51559428521504,97.59509113838931,97.67005652027227,97.7404357040032,97.80737559849155,97.87043678716729,97.92840187119668,97.98590113261756,98.03628833367671,98.08650283264956,98.12965705441064,98.17277116100625,98.21005894567625,98.24448363684785,98.27259751111299,98.3013542799756,98.3224963233484,98.34300679169918,98.35782003314765,98.37376271022703,98.38490583218984,98.39257442117248,98.40427380944159,98.40980316051746,98.41849311487782,98.42488184442624,98.4328323425627,98.44135920451937,98.44714735073428,98.45583997196384,98.46243708195277,98.47244892337561,98.47705751684617,98.48196020730106,98.49077766978566,98.49490162965634,98.49861196741195,98.49993821253871,98.50382408939855,98.50541254012792,98.50210892845065,98.50134155254159,98.49945711766763,98.4931457274312,98.48307289101376,98.47658578736723
10.0,85.30946914496165,86.17933304230394,87.07498497097646,87.9567163233748,88.8261632126653,89.6829523860279,90.48378253412571,91.23389814545548,91.91692861516933,92.54696097168807,93.1363532117736,93.66982379870083,94.14741105035861,94.57072071201421,94.95834225670403,95.28833509626384,95.57767754757528,95.82406966078555,96.03978556938688,96.22729319443734,96.39660309136383,96.54790287319614,96.69164664752977,96.82091639947613,96.9426931255983,97.05371839943882,97.15523654235747,97.25095910897976,97.33813009541237,97.42279832000213,97.50214824459205,97.57241319198522,97.64992383180348,97.71118965708033,97.77897833479719,97.83330102344917,97.89544344554047,97.94390105768105,97.99638749822252,98.03135654919272,98.0770584459238,98.10993622203138,98.14302666344697,98.1691669741108,98.19909009229114,98.22328551506173,98.23554213612549,98.26774190157015,98.27769346107496,98.30338157003371,98.31853533806343,98.3401483693492,98.36040504696585,98.37634918459312,98.39830413694207,98.4128464997658,98.44227861331186,98.45305415407644,98.46529498350625,98.49381386854031,98.50451629340294,98.51914643895499,98.52402454283529,98.54402668376486,98.55709003748112,98.55368740779838,98.56624468772678,98.57601902038726,98.57349670837024,98.56389644296473,98.56834096704914
12.0,83.02452183281618,84.05824251422408,85.09701759154122,86.08623005799042,87.06126656318,88.01841163801252,88.90777263193381,89.74549641327661,90.50607181917557,91.21008539519377,91.87462684687824,92.4805781947616,93.02538966368883,93.51307179044602,93.96862889657152,94.36222786487305,94.71728560819571,95.02612076546514,95.3019369625605,95.54537415383952,95.76426121052486,95.95703074298139,96.13717650059594,96.29508786147449,96.44205181046695,96.57253051927901,96.68932468561667,96.79868095704214,96.89563205767385,96.98959424684091,97.0769554578164,97.15491726233626,97.24100540099037,97.31009433076105,97.38457457967554,97.44781507483528,97.5186936725091,97.57305724860261,97.63771613014636,97.67940731159015,97.73230830614666,97.77753330084555,97.81712496055565,97.85613675548885,97.8924065864105,97.92924689804595,97.94911706785851,97.99291912738913,98.00985201024386,98.0469593415359,98.06954921600156,98.10020502323918,98.12578782050937,98.15243207889536,98.18040274973735,98.19972403921379,98.23704830716817,98.2536607991178,98.27078236054234,98.30617620522264,98.3191346222188,98.33985002977658,98.346107625545,98.37230418653283,98.38925147645976,98.38611173242602,98.40400597416944,98.41627400859777,98.41486609063585,98.40822072756404,98.41335702326687
14.0,80.91009706881329,82.1642482287836,83.36768091343387,84.48976329878232,85.56503449367679,86.5914245851911,87.54471933431095,88.43905429792846,89.25968974032136,90.02043834236159,90.73264455396094,91.3871587228009,91.98281943927928,92.52396756898202,93.02632867622376,93.47389753466229,93.88180239690747,94.24562373976816,94.57356848850543,94.86684444849197,95.1296599159136,95.36217203989665,95.5732594078132,95.75847463099146,95.92626645611385,96.07420645791676,96.20555447397555,96.32560570265133,96.43221987978893,96.53252904535279,96.62572890922794,96.71209993743527,96.80027003802965,96.87830918458513,96.95598931678452,97.02773940227655,97.10071941906784,97.16290304308026,97.2309464116281,97.28407239297701,97.34055242144606,97.39451445854124,97.44127026399539,97.48954947431119,97.53182761800687,97.57637859609454,97.6096798919016,97.65467871284933,97.68453369359113,97.72493270785277,97.75626827665297,97.79155663441773,97.82218457931023,97.855538852198,97.88644870248946,97.9122302359471,97.9468937265776,97.97054464344644,97.99309676237145,98.023895017049,98.04141079327081,98.06335355305274,98.07538699645954,98.09764064039155,98.11342221850363,98.11719176406899,98.1316280872597,98.14074695065005,98.14168612605489,98.1398001195081,98.14043612694701
16.0,79.21641052264684,80.62669653916114,81.93694781389095,83.18580683745252,84.33067860500661,85.38406208988795,86.3753148604764,87.29280233189068,88.15800619335913,88.96250380743396,89.6966009658224,90.37781359743542,91.011679262147,91.5993984059959,92.12824616676288,92.6215750920258,93.06797190147167,93.47800659888036,93.84828017156981,94.1828267326855,94.4831781033028,94.75415312139633,94.99190806220912,95.20630717700718,95.39320524557002,95.56134330774952,95.71214359379641,95.84382257870563,95.96652301672735,96.07575068574322,96.1783151007203,96.278264549357,96.36805847231113,96.45936005546072,96.54348371729753,96.62530708257853,96.69837333858911,96.77554763884639,96.83714351215089,96.91015763816503,96.97148325800619,97.02836744893949,97.08749782311196,97.13845458542366,97.19153708987535,97.23661377113385,97.28939104532797,97.32647525170873,97.37582045568438,97.41135721377832,97.4540520541038,97.49006709483804,97.530670146368,97.56386416311372,97.59777950937432,97.63552358274296,97.65988526214683,97.69236329863375,97.72278142653641,97.74096131743286,97.77053005849403,97.78896849946375,97.81635619845541,97.82545246050027,97.83870811340635,97.85940028933149,97.86233578382655,97.8672682571543,97.87440052204985,97.87824053409554,97.87412880395355
18.0,77.97983430629182,79.44921048619919,80.80494444780408,82.12801035968529,83.2941083219378,84.3519487931175,85.35789557847303,86.2826329135595,87.1679704294664,88.00076831767917,88.74223465887219,89.44150252433549,90.09957334769986,90.72095495396188,91.26932022260925,91.79616041965083,92.27248533796394,92.71821649446164,93.1226291540885,93.49094486574542,93.8244237143232,94.12847871113958,94.39376398779432,94.63670191356523,94.84491544080008,95.03750470031984,95.21324873735854,95.35851103651123,95.50483817123174,95.62871629993421,95.74527035160567,95.8619209805722,95.96161686212065,96.06719888543694,96.1614702296665,96.25642863277416,96.3350548215902,96.42736543725819,96.48259838310429,96.57923242169147,96.64371685552459,96.70657970103156,96.77494705977429,96.83117678162996,96.89204678378852,96.94067365998615,97.00622173338567,97.04128187021234,97.10319862129928,97.138500921348,97.18924748266284,97.22441325095946,97.27757146057617,97.31079499832074,97.34492759262028,97.39637873588784,97.4146675371383,97.45341758412017,97.48962644306714,97.50016017781375,97.5441427832929,97.5561573527174,97.60305555079894,97.59749638549043,97.61434944131776,97.64875551227415,97.64138162030918,97.64880199104287,97.66096971084919,97.67018387411514,97.66366461748277
20.0,77.10759739691318,78.56172408881481,79.91598790809964,81.26191371189071,82.41095452386365,83.45838348898813,84.46052378058427,85.38210031462887,86.26713614271587,87.11381815090587,87.85361868634185,88.56506711976834,89.23577371784987,89.8785784155357,90.44262398736213,90.992145278292,91.49198115673916,91.96432466231364,92.39612970144212,92.79209853580781,93.15486611779261,93.48686396045099,93.78046441277317,94.05066120451956,94.2824835118262,94.50237476029822,94.70646952129532,94.86786382364913,95.04256842187144,95.18592338874373,95.32022822571453,95.45551043169294,95.57227746325908,95.69253091235775,95.79973067894753,95.90999263733154,95.99930998693277,96.1053242224553,96.15754725833597,96.27776785698838,96.34441157705544,96.41663832372464,96.49073423497698,96.5553159982343,96.62061463793516,96.67632507130757,96.74777406987664,96.78722748982496,96.85454890830346,96.89472184970197,96.9501047189308,96.9842477003246,97.050080594827,97.08491067633166,97.11741394985327,97.18188826495155,97.1993909887288,97.24190905259302,97.28170438788526,97.29068100848576,97.3485035542079,97.35369770645421,97.42006360105775,97.40208934227529,97.42737824508622,97.4705422463437,97.45655702304303,97.47183818999099,97.48756709732254,97.50178055964365,97.49543376460211
22.0,76.50794258152048,77.89503974422144,79.21150218886582,80.53714397703827,81.64373348104267,82.66966892060914,83.65419537300622,84.5646571496878,85.43538688172563,86.28352109544738,87.01665903348928,87.73503546373063,88.4100977972703,89.06435351559605,89.64114948721767,90.20503243936754,90.72309551445727,91.21482029432251,91.66842464997447,92.08707743760048,92.47547901790189,92.83141393971141,93.15309248169692,93.44931289017433,93.70655190434364,93.95508968236808,94.18892512648102,94.3697638979801,94.57475583879517,94.74119799828634,94.89627179180339,95.05153653377002,95.19002519678946,95.32554581924008,95.44785393173547,95.5744406892583,95.67806002793522,95.79639108750206,95.85055856227854,95.99134594946173,96.0608934410041,96.14429128194578,96.2222168114108,96.29670152926616,96.36465072336526,96.42933086011618,96.50219395822184,96.55014985236528,96.61817709614203,96.66630277227853,96.72407181959613,96.75816516155966,96.83490999447304,96.87284235646878,96.90374293420452,96.97888304658545,96.99992703932043,97.04468118191038,97.08676377717423,97.09919595210594,97.16842585408119,97.1688806552001,97.25145119426644,97.22602460320039,97.26193852238255,97.30985246824174,97.29397771385962,97.31985089841739,97.33851679150246,97.35752705731981,97.35407111662447
24.0,76.08911264712327,77.37995984963241,78.63291128419071,79.90332823809736,80.95496146373337,81.95210783108982,82.90990626193499,83.80375603332534,84.65260619511372,85.491744939637,86.21726168557231,86.93793563621894,87.6123630106344,88.27036497902162,88.85788874837202,89.43032467429563,89.96246456777826,90.4681925823743,90.93915683602927,91.3766712658512,91.78723611884192,92.16423371930172,92.51273133911667,92.83378481083372,93.11776306404764,93.39478566121288,93.65773473378991,93.86209421736496,94.09644249215162,94.2883661746766,94.46648411862874,94.64250291785403,94.80484498377491,94.95643328910057,95.09542885462513,95.23821438156202,95.35822613791598,95.48753312546275,95.5502007193645,95.70554870451753,95.78048846577578,95.87528654062218,95.95675225176653,96.04116266875482,96.11156511112884,96.18545388143005,96.2576273018422,96.31588669965208,96.38238896426023,96.43952646251617,96.49859684134731,96.5347603532909,96.61877210486689,96.66122119805414,96.69241889880514,96.7741939574409,96.80214711131515,96.8485774499304,96.8925531271175,96.91237715133128,96.9887231657549,96.98899729348089,97.08128917545963,97.0560954406112,97.10217427087748,97.15177815466978,97.13975941459054,97.17631416074062,97.19814290342153,97.22191983378244,97.2242115448626
26.0,75.75935038073109,76.94728680226117,78.12163918816248,79.31009357803742,80.30715474219423,81.27200296353949,82.19865235356673,83.07284958013045,83.89867763149815,84.720357471808,85.44133262784891,86.16029571722996,86.83238678261546,87.4886975306911,88.08583379702128,88.66352475449449,89.20672447336203,89.72293071835514,90.20796909595035,90.66166971528777,91.09111112480356,91.48742836960278,91.86046412958359,92.2052048068019,92.51675943663346,92.82059889151608,93.11001752409626,93.34273773966441,93.60267045208954,93.82125396402894,94.02394827494714,94.22091321499568,94.40672174527842,94.57538300495605,94.73204431421138,94.8897553072504,95.02672951019338,95.16571742940168,95.24504215402636,95.40595812756169,95.4905226697758,95.59537206468092,95.68169801873488,95.77452871072964,95.84876787227583,95.9304569902672,96.00222000415872,96.07027577350401,96.13549029210319,96.20067569385317,96.26112784087272,96.30262799414453,96.38837937136117,96.43667836040996,96.47194619678635,96.55465187416934,96.59192262711495,96.64044133451114,96.6868209538985,96.71689674881884,96.79420897207122,96.8013387158225,96.89364838967197,96.87909512685323,96.93222948824186,96.98141128232939,96.98001784706742,97.0247020213794,97.05076954311222,97.07945535567019,97.09048992062938
28.0,75.4268985693535,76.52782299932107,77.61910989486923,78.7070670798279,79.6628295866837,80.59565706106741,81.49142955409751,82.34539040469214,83.15348473949695,83.95122648029367,84.6747778455769,85.38864378676024,86.05998653788667,86.71143589548315,87.31797665936168,87.90013545138228,88.45251138786855,88.9775238941511,89.47450426608148,89.94286248063796,90.38807773997769,90.80310296099547,91.19737399764884,91.56470071838305,91.90418346779629,92.23166556796107,92.54289267827434,92.80957742273928,93.08848178875755,93.33368741245795,93.56174732951504,93.77927105624556,93.98564040236306,94.17258464982324,94.34728917708904,94.51750505933096,94.67049133808585,94.81791109238318,94.92365129069674,95.07815622400024,95.17832207140938,95.2902958190491,95.38441157500664,95.48262894922007,95.5636690778562,95.65010304164572,95.72411796859228,95.79915481573983,95.86578685911604,95.9360332397279,95.99911287486081,96.05036280274679,96.13044423930842,96.18584500285843,96.23082918127923,96.30708767342209,96.35512500912195,96.40711631351071,96.45731577370069,96.4994268872256,96.5696967558722,96.59319601675074,96.67259968193807,96.68181693427192,96.73624817214642,96.78384382792211,96.80086873312172,96.84848852475241,96.88072082060715,96.91463008962188,96.93754111523756
30.0,75.0,76.05237083802551,77.06674739839909,78.0438758264382,78.98450226746031,79.8893728667829,80.75923376972344,81.59483112159937,82.39691106772814,83.1662197534273,83.90350332401421,84.60950792480641,85.28497970112133,85.93066479827647,86.54730936158927,87.1356595363772,87.69646146795773,88.2304613016483,88.73840518276644,89.22103925662955,89.67910966855514,90.11336256386065,90.52454408786355,90.91340038588132,91.2806776032314,91.62712188523129,91.95347937719843,92.2604962244503,92.54891857230437,92.81949256607808,93.07296435108893,93.31008007265439,93.53158587609185,93.7382279067189,93.93075230985292,94.10990523081138,94.27643281491174,94.43108120747154,94.57459655380814,94.7077249992391,94.83121268908185,94.94580576865383,95.05225038327252,95.1512926782554,95.24367879891994,95.33015489058361,95.41146709856388,95.48836156817818,95.56158444474397,95.63188187357875,95.7,95.76655949772388,95.8316791540612,95.89535228472171,95.95757220541496,96.01833223185054,96.07762567973809,96.13544586478721,96.19178610270748,96.24663970920857,96.30000000000001,96.35186029079148,96.40221389729254,96.45105413521281,96.49837432026193,96.54416776814946,96.58842779458507,96.6311477152783,96.6723208459388,96.71194050227619,96.75
32.0,74.42347492846581,75.45734215845765,76.41463617024675,77.29835036444678,78.2421916732352,79.12815964425826,79.981742572705,80.80577714242746,81.61133756779023,82.35735233834389,83.11403338296006,83.81464300668247,84.4984905643721,85.14144708618143,85.76945310026854,86.36644470183944,86.93638527308329,87.48053755634888,87.99962389639171,88.49638224125131,88.96610197113584,89.41901487381277,89.84429529578954,90.25285177613831,90.64522893333464,91.00706099381895,91.3446882590706,91.6902345633124,91.98396546995778,92.27681010399368,92.55319848571718,92.80769853900253,93.040777487545,93.2662573507557,93.4745026806249,93.66123757502095,93.83910916179646,94.00067011893029,94.1821849767635,94.29157733964057,94.43945534880713,94.55531448038828,94.67548388443495,94.77393290375227,94.87910932040901,94.96412786764883,95.05517072019472,95.13163677797101,95.21391949450889,95.28231784556073,95.35672064785294,95.43878126540758,95.48784994419108,95.55949187967636,95.64004604201139,95.68421555638348,95.75343774119035,95.81792375863112,95.88085322824075,95.94726819984281,95.98206139229572,96.06372456457248,96.08284963369836,96.17322114867821,96.21143794287663,96.2568599369083,96.32868137017722,96.36473948439028,96.4162282771117,96.46210190099126,96.51590976311718
34.0,73.71322093215292,74.73536538800676,75.65992167731862,76.48679433803883,77.43592716069062,78.3137058552675,79.16132419726202,79.98302806862776,80.7949403062883,81.53009000949437,82.30391905632506,83.00581918086695,83.69942183922859,84.3447469465479,84.98517662584098,85.5922183206991,86.17260993549685,86.72776896547313,87.25852243152165,87.76878591055993,88.25049324126299,88.71984883581149,89.15863795057128,89.5844338730758,89.99736067939557,90.3732259388182,90.72235372422949,91.09681129090112,91.39842693653037,91.70970570679665,92.00480589156166,92.27390330159061,92.51844629929425,92.75972163729577,92.98052966070544,93.17619489785281,93.3645527839309,93.53351323997862,93.74210464298926,93.83894099362347,94.00505010374886,94.12470741677538,94.25602942929825,94.35638655241046,94.47188178038535,94.55799922383294,94.65716184764084,94.73511092462363,94.82475111581203,94.89349060933012,94.9735156000997,95.06579312146403,95.10636342860124,95.18437584618042,95.27732028928786,95.3121470667118,95.38897655124492,95.45889388137083,95.5266295202598,95.60235098352742,95.62578760807699,95.72748870668468,95.72810564606155,95.84728844980356,95.88198881139418,95.92927055563968,96.02063981988385,96.05551276698439,96.1167433666431,96.16938022857735,96.23694685863975
36.0,72.88409678048123,73.90156780484554,74.81461940682054,75.6165444765939,76.57324070204186,77.4523330402226,78.30301054252976,79.13032779960331,79.95129550435036,80.68647664618607,81.47560640053413,82.18458743710332,82.8892585796695,83.54150111461401,84.19519329531849,84.81355268522933,85.40554647105527,85.97247725848445,86.5153585857668,87.03860837638521,87.53257248254255,88.01644139425557,88.46818934713403,88.90902104261816,89.33851948345003,89.7272277568154,90.08798059675436,90.48302701466835,90.79457472354821,91.1208929228328,91.43100515554933,91.71232584874969,91.96809484464005,92.22246656973016,92.4533027214574,92.65883537116048,92.85690065073173,93.03366726711435,93.25999555195322,93.35387025967879,93.53293181303692,93.6584418861871,93.79871634540592,93.90311879943428,94.02681952957884,94.11622469478932,94.22213091637526,94.30320634848493,94.39876908091773,94.4697627435772,94.55479693860485,94.65299252852091,94.69139353814188,94.7743659207284,94.87469753847789,94.90632675863019,94.98871691561263,95.06297488492129,95.13410011890429,95.21701866190553,95.23543811140097,95.34890407459883,95.34191301483125,95.47888339513412,95.51475056515875,95.56580168236158,95.66995489743563,95.70822517267378,95.77865261633464,95.83859790485151,95.91819605665592
38.0,71.95096124287056,72.97107668714669,73.89074484595838,74.69493750949171,75.66166426950423,76.5503627395356,77.41183350764351,78.25142023475728,79.0839793831045,79.82855612772639,80.63154147201237,81.35249876513514,82.06948583967363,82.73264632561785,83.40021646571299,84.03102008770341,84.6356058956155,85.21498416484638,85.77039015673785,86.30620775055698,86.81262869858047,87.30936949354385,87.77356678040314,88.2274876506898,88.67015198753401,89.07067748439705,89.44307370072447,89.85168234206611,90.17468058253746,90.51308530044798,90.8350148646071,91.12659766881099,91.39322565688279,91.65833795145006,91.89729133424366,92.11321716679751,92.3202897316157,92.50518889683548,92.74149770312323,92.84041943629748,93.02803533580135,93.16097519699538,93.30837396030168,93.41859482002808,93.54874591871959,93.64326001617154,93.75476836187123,93.8403453899039,93.94066316209035,94.01549682699228,94.104976745233,94.20577694920613,94.24711420366332,94.33382383981485,94.43748038081493,94.47095462793332,94.55713364000432,94.6347854211975,94.70825016431407,94.79640183662045,94.81527236632485,94.93372202578583,94.92820282045665,95.07363334121526,95.11444684351446,95.17085537509216,95.28227835656315,95.32763431107153,95.40674252798804,95.47457734963079,95.56474212725396
40.0,70.9286730887408,71.95901931308286,72.90031348193797,73.72931016611179,74.70872983529294,75.61411649361843,76.49282499173852,77.35004927349271,78.19656816367876,78.95837233342266,79.77417032718473,80.51110415470592,81.24158867321962,81.91911931479751,82.60095949403625,83.24519282039446,83.86319922503439,84.45561141402234,85.02387494204531,85.57194214490507,86.0909508929827,86.59921007807509,87.07538754530388,87.54070806321508,87.99370483368335,88.40518615814956,88.7891378602191,89.20557788054626,89.54101626502418,89.88899638798807,90.22005360566187,90.52035025010555,90.79734126932297,91.07118158584655,91.316964970427,91.54339845661741,91.75885699599948,91.95213482563972,92.19225109596704,92.30264282197048,92.49529553117202,92.63676465757213,92.78983160152907,92.9072797893961,93.04248429853747,93.14356092363299,93.25976461960181,93.35095038922937,93.45512313159419,93.53505543826564,93.62846710184866,93.72954384614738,93.77769935601569,93.86711133993424,93.97097140753247,94.0102306704159,94.09870153013091,94.17894414211443,94.25406479662877,94.34563110931528,94.36954983690578,94.48769391771636,94.49090614338697,94.63716564459224,94.68580128580541,94.74883369184937,94.86326195099704,94.91849779179073,95.00579960340492,95.08214098273218,95.18166984052202
42.0,69.83209108751176,70.88052296082677,71.85534080196516,72.72699917583378,73.7219693716233,74.6499158428831,75.55101689395006,76.4299588152127,77.29263806720115,78.07796914258219,78.90593902247622,79.66195459555912,80.40705213428625,81.10185681739111,81.7981357373002,82.45664317557573,83.08873747516886,83.69468073547576,84.27607073929981,84.83616967125924,85.36782806935518,85.88654009224808,86.3742689367615,86.84955664611842,87.31062466393394,87.73236481465938,88.12767789931748,88.54751423756072,88.89585352253448,89.25133973379889,89.58933996564059,89.8972150809645,90.18394421526096,90.46484327631075,90.71679310137031,90.95343741247372,91.17673941329979,91.378561750025,91.61789572995248,91.74459471518875,91.93964725827884,92.09026757628925,92.2479185966317,92.37363888274264,92.51285801976249,92.62158315282716,92.7418101250401,92.83944368681031,92.9468387616936,93.03280115608759,93.12968009031644,93.22969068197247,93.28732292604927,93.37859015758113,93.48047320986403,93.52835488187253,93.61789539170321,93.700069699587,93.77652915598811,93.86983708163322,93.90252998720091,94.01657110786122,94.03395406407134,94.17510766181034,94.23353753137576,94.30413869065129,94.41855743446789,94.48557322444448,94.58061034438697,94.66611122397269,94.77406396654833
44.0,68.6760740086033,69.75071490855109,70.76784229324576,71.69534126803734,72.70891485071058,73.66408232774162,74.59144111341335,75.49489275932032,76.37576531479978,77.18939043451233,78.02929361431181,78.8066010774383,79.56736127685221,80.28179556863671,80.99245855251667,81.66594344552038,82.31263166187574,82.93251385867012,83.52723534611194,84.09924844144935,84.64354923130388,85.17193648046161,85.6708282497013,86.15490776532417,86.62235812032166,87.05382449051288,87.4601986420988,87.8802920205614,88.24146410659444,88.6028288862263,88.94609253147017,89.26082364971899,89.55653702799725,89.84316882623375,90.1012451984364,90.34739220621994,90.57807395293327,90.78852636648912,91.02407160454737,91.17032941444322,91.3660253762518,91.52594126151865,91.68746427315318,91.82213727527201,91.96469043312462,92.08178243940746,92.2055953136593,92.31024762299558,92.42049982465285,92.51309655914835,92.61302779250087,92.71161491930917,92.78015884461423,92.87262202924994,92.97128837904306,93.02952725809791,93.11919003043208,93.20278074553022,93.28062838253186,93.37415035521748,93.41847228126741,93.52610495369126,93.56127766295899,93.69308674941487,93.76237921956958,93.84117242951594,93.95381656070634,94.03361821864584,94.13596125273583,94.23131049316937,94.34700927542106
46.0,67.47548062143531,68.58472243442851,69.64983344298568,70.64167317210203,71.67709824477006,72.66293748860595,73.61912954926375,74.54859500521871,75.44952612760267,76.29468008852048,77.14668015911656,77.94659459008696,78.72400115489623,79.45987230377247,80.18464129669758,80.87366592250163,81.53529280101199,82.1694325130689,82.7776265600923,83.36153656730524,83.91840338243475,84.45597618711449,84.96568277904856,85.4576357867568,85.93035184488244,86.37117622229657,86.78820491264243,87.20671183700023,87.58011976873019,87.94617739361621,88.29352989007756,88.6148074447001,88.91862224083225,89.21000403900668,89.47479073298818,89.72932100970961,89.9669975843167,90.18608537153,90.4164187192195,90.58390121822487,90.77936474422081,90.94824302163235,91.11329795863712,91.25724014218852,91.40280488935383,91.52861451902743,91.65581062093251,91.76778453813415,91.88079609273636,91.98030422613832,92.08292229026661,92.18071402078527,92.2603810425609,92.35356869143529,92.44871950630312,92.51794779488677,92.60706025202839,92.69169593185907,92.77134761639974,92.86370153171127,92.92163618316246,93.0220468126772,93.0768080204991,93.19673026395112,93.27704998973107,93.36433696646138,93.47469108344299,93.56739038400796,93.6766388302532,93.78256121013928,93.90559053722848
48.0,66.24516969542758,67.3976728166317,68.51332973839071,69.57333161740749,70.634051526017,71.65280286588809,72.63911410063642,73.5948094523109,74.51749672673783,75.39588198391391,76.26054471331537,77.08348612324858,77.87845682239703,78.6370237580364,79.37539732685474,80.08038289879265,80.75713190843445,81.40575842813546,82.02750217885145,82.6233921606566,83.19267952635369,83.73923615660546,84.25944981972862,84.75861507634059,85.23605247965214,85.68603104659678,86.11320153502751,86.52957429432915,86.91409226046778,87.28409880431437,87.63487062838963,87.96279795423895,88.27370238706635,88.5691947180206,88.84189917638844,89.10328199479625,89.34764727686671,89.57529546164545,89.80057707343664,89.98936442502458,90.1846002213158,90.36163016500214,90.53024898062708,90.68341265869641,90.83202473918007,90.96653512734045,91.09714648233279,91.21647677257488,91.33241733820842,91.43878673574763,91.54377566547811,91.64238544902851,91.73216345073939,91.82579188063156,91.91806918287759,91.99781648803366,92.08598086220297,92.17143391048843,92.25367199773143,92.34362121275771,92.41628115694314,92.51014804228987,92.58447621714082,92.69166556196443,92.78227348120427,92.8780343595056,92.98683275640845,93.09164733014386,93.20742957874069,93.32468579469935,93.45489252205871
50.0,65.0,66.20469333333334,67.37034666666668,68.49765333333333,69.58730666666668,70.64,71.65642666666666,72.63727999999999,73.58325333333333,74.49503999999999,75.37333333333332,76.21882666666667,77.03221333333333,77.81418666666666,78.56544000000001,79.28666666666666,79.97856,80.64181333333333,81.27712,81.88517333333334,82.46666666666667,83.02229333333332,83.55274666666668,84.05872000000001,84.54090666666666,85.00000000000001,85.43669333333334,85.85168000000002,86.24565333333334,86.61930666666667,86.97333333333333,87.30842666666668,87.62528,87.92458666666667,88.20704000000002,88.47333333333334,88.72416,88.96021333333334,89.18218666666667,89.39077333333334,89.58666666666669,89.77056000000002,89.94314666666668,90.10512000000001,90.25717333333334,90.4,90.53429333333334,90.66074666666667,90.78005333333334,90.89290666666668,91.00000000000001,91.10202666666667,91.19968000000001,91.29365333333334,91.38464,91.47333333333334,91.56042666666667,91.64661333333333,91.73258666666668,91.81904000000003,91.90666666666667,91.99616,92.08821333333333,92.18351999999999,92.28277333333335,92.38666666666667,92.49589333333334,92.61114666666667,92.73312,92.86250666666668,93.0
